
> @workspace/lgf-website@0.0.0 dev C:\Users\shami\Desktop\Low-Grade-F\artifacts\lgf-website
> vite --config vite.config.ts --host 0.0.0.0


  [32m[1mVITE[22m v7.3.6[39m  [2mready in [0m[1m732[22m[2m[0m ms[22m

  [32m➜[39m  [1mLocal[22m:   [36mhttp://localhost:[1m3000[22m/[39m
  [32m➜[39m  [1mNetwork[22m: [36mhttp://172.27.176.1:[1m3000[22m/[39m
  [32m➜[39m  [1mNetwork[22m: [36mhttp://172.21.80.1:[1m3000[22m/[39m
  [32m➜[39m  [1mNetwork[22m: [36mhttp://192.168.100.202:[1m3000[22m/[39m
[2m8:21:51 PM[22m [36m[1m[vite][22m[39m [90m[2m(client)[22m[39m [32mhmr update [39m[2m/src/index.css[22m
[2m8:21:51 PM[22m [36m[1m[vite][22m[39m [90m[2m(client)[22m[39m [32mhmr update [39m[2m/src/index.css[22m
[2m8:26:05 PM[22m [36m[1m[vite][22m[39m [90m[2m(client)[22m[39m [32mhmr update [39m[2m/src/index.css[22m
[2m8:26:17 PM[22m [36m[1m[vite][22m[39m [90m[2m(client)[22m[39m [32mhmr update [39m[2m/src/index.css, /src/components/sections/Films.tsx[22m
[2m8:26:26 PM[22m [36m[1m[vite][22m[39m [90m[2m(client)[22m[39m [32mhmr update [39m[2m/src/index.css, /src/components/sections/Gallery.tsx[22m
[2m8:26:33 PM[22m [36m[1m[vite][22m[39m [90m[2m(client)[22m[39m [32mhmr update [39m[2m/src/index.css, /src/components/sections/Services.tsx[22m
[2m8:26:41 PM[22m [36m[1m[vite][22m[39m [90m[2m(client)[22m[39m [32mhmr update [39m[2m/src/index.css, /src/components/sections/BehindTheLens.tsx[22m
[2m8:26:48 PM[22m [36m[1m[vite][22m[39m [90m[2m(client)[22m[39m [32mhmr update [39m[2m/src/index.css, /src/components/sections/About.tsx[22m
[2m8:26:56 PM[22m [36m[1m[vite][22m[39m [90m[2m(client)[22m[39m [32mhmr update [39m[2m/src/index.css, /src/components/sections/Community.tsx[22m
[2m8:27:03 PM[22m [36m[1m[vite][22m[39m [90m[2m(client)[22m[39m [32mhmr update [39m[2m/src/index.css, /src/components/sections/Partners.tsx[22m
[2m8:27:19 PM[22m [36m[1m[vite][22m[39m [90m[2m(client)[22m[39m [32mhmr update [39m[2m/src/index.css, /src/components/sections/Contact.tsx[22m
[2m8:31:19 PM[22m [36m[1m[vite][22m[39m [90m[2m(client)[22m[39m [32mhmr update [39m[2m/src/index.css[22m
[2m8:32:11 PM[22m [36m[1m[vite][22m[39m [90m[2m(client)[22m[39m [32mhmr update [39m[2m/src/index.css, /src/components/sections/Films.tsx[22m
[2m8:32:34 PM[22m [36m[1m[vite][22m[39m [90m[2m(client)[22m[39m [32mhmr update [39m[2m/src/index.css, /src/components/sections/Films.tsx[22m
[2m8:32:42 PM[22m [36m[1m[vite][22m[39m [90m[2m(client)[22m[39m [32mhmr update [39m[2m/src/index.css, /src/components/sections/Contact.tsx[22m
[2m8:35:26 PM[22m [36m[1m[vite][22m[39m [90m[2m(client)[22m[39m [32mhmr update [39m[2m/src/index.css, /src/components/sections/Films.tsx[22m
[2m8:35:35 PM[22m [36m[1m[vite][22m[39m [90m[2m(client)[22m[39m [32mhmr update [39m[2m/src/index.css[22m
[2m8:38:14 PM[22m [36m[1m[vite][22m[39m [90m[2m(client)[22m[39m [32mhmr update [39m[2m/src/index.css, /src/components/sections/Films.tsx[22m
[2m8:38:26 PM[22m [36m[1m[vite][22m[39m [90m[2m(client)[22m[39m [32mhmr update [39m[2m/src/index.css[22m
[2m8:39:16 PM[22m [36m[1m[vite][22m[39m [90m[2m(client)[22m[39m [32mhmr update [39m[2m/src/index.css, /src/components/sections/Films.tsx[22m
[2m8:39:22 PM[22m [36m[1m[vite][22m[39m [90m[2m(client)[22m[39m [32mhmr update [39m[2m/src/index.css[22m
[2m8:40:08 PM[22m [36m[1m[vite][22m[39m [90m[2m(client)[22m[39m [32mhmr update [39m[2m/src/index.css, /src/components/sections/Films.tsx[22m
[2m8:40:14 PM[22m [36m[1m[vite][22m[39m [90m[2m(client)[22m[39m [32mhmr update [39m[2m/src/index.css[22m
[2m8:41:47 PM[22m [36m[1m[vite][22m[39m [90m[2m(client)[22m[39m [32mhmr update [39m[2m/src/pages/Home.tsx, /src/index.css[22m
[2m8:43:14 PM[22m [36m[1m[vite][22m[39m [90m[2m(client)[22m[39m [32mhmr update [39m[2m/src/pages/Home.tsx, /src/index.css[22m
[2m8:43:21 PM[22m [36m[1m[vite][22m[39m [90m[2m(client)[22m[39m [32mhmr update [39m[2m/src/index.css, /src/components/sections/Navbar.tsx[22m
[2m8:43:40 PM[22m [36m[1m[vite][22m[39m [90m[2m(client)[22m[39m [32mhmr update [39m[2m/src/index.css, /src/components/sections/Navbar.tsx[22m
[2m8:44:28 PM[22m [36m[1m[vite][22m[39m [90m[2m(client)[22m[39m [32mhmr update [39m[2m/src/index.css, /src/components/sections/Navbar.tsx[22m
[2m8:50:12 PM[22m [36m[1m[vite][22m[39m [90m[2m(client)[22m[39m [32mhmr update [39m[2m/src/index.css[22m
[2m8:50:20 PM[22m [36m[1m[vite][22m[39m [90m[2m(client)[22m[39m [32mhmr update [39m[2m/src/index.css, /src/components/sections/Hero.tsx[22m
[2m8:50:34 PM[22m [36m[1m[vite][22m[39m [90m[2m(client)[22m[39m [32mhmr update [39m[2m/src/index.css, /src/components/sections/Films.tsx[22m
[2m8:50:42 PM[22m [36m[1m[vite][22m[39m [90m[2m(client)[22m[39m [32mhmr update [39m[2m/src/index.css, /src/components/sections/Services.tsx[22m
[2m8:50:51 PM[22m [36m[1m[vite][22m[39m [90m[2m(client)[22m[39m [32mhmr update [39m[2m/src/index.css, /src/components/sections/BehindTheLens.tsx[22m
[2m8:51:02 PM[22m [36m[1m[vite][22m[39m [90m[2m(client)[22m[39m [32mhmr update [39m[2m/src/index.css, /src/components/sections/Community.tsx[22m
[2m8:51:10 PM[22m [36m[1m[vite][22m[39m [90m[2m(client)[22m[39m [32mhmr update [39m[2m/src/index.css, /src/components/sections/Gallery.tsx[22m
[2m8:52:12 PM[22m [36m[1m[vite][22m[39m [90m[2m(client)[22m[39m [32mhmr update [39m[2m/src/index.css, /src/components/sections/Contact.tsx[22m
[2m8:52:56 PM[22m [36m[1m[vite][22m[39m [90m[2m(client)[22m[39m [32mhmr update [39m[2m/src/index.css, /src/components/sections/Contact.tsx[22m
[2m8:53:17 PM[22m [36m[1m[vite][22m[39m [90m[2m(client)[22m[39m [32mhmr update [39m[2m/src/index.css, /src/components/sections/Navbar.tsx[22m
[2m8:53:33 PM[22m [36m[1m[vite][22m[39m [90m[2m(client)[22m[39m [32mhmr update [39m[2m/src/index.css, /src/components/sections/Footer.tsx[22m
[2m8:53:47 PM[22m [36m[1m[vite][22m[39m [90m[2m(client)[22m[39m [32mhmr update [39m[2m/src/index.css, /src/components/sections/Footer.tsx[22m
[2m8:54:25 PM[22m [36m[1m[vite][22m[39m [90m[2m(client)[22m[39m [32mhmr update [39m[2m/src/index.css, /src/components/sections/Footer.tsx[22m
[2m8:54:42 PM[22m [36m[1m[vite][22m[39m [90m[2m(client)[22m[39m [32mhmr update [39m[2m/src/index.css, /src/components/sections/Footer.tsx[22m
[2m8:56:26 PM[22m [36m[1m[vite][22m[39m [90m[2m(client)[22m[39m [32mhmr update [39m[2m/src/index.css[22m
[2m8:56:41 PM[22m [36m[1m[vite][22m[39m [90m[2m(client)[22m[39m [32mhmr update [39m[2m/src/index.css, /src/components/sections/Films.tsx[22m
[2m8:58:04 PM[22m [36m[1m[vite][22m[39m [90m[2m(client)[22m[39m [32mhmr update [39m[2m/src/index.css[22m
[2m9:02:12 PM[22m [36m[1m[vite][22m[39m [90m[2m(client)[22m[39m [32mhmr update [39m[2m/src/index.css, /src/components/sections/Services.tsx[22m
[2m9:02:39 PM[22m [36m[1m[vite][22m[39m [90m[2m(client)[22m[39m [32mhmr update [39m[2m/src/index.css, /src/components/sections/Services.tsx[22m
[2m9:02:50 PM[22m [36m[1m[vite][22m[39m [90m[2m(client)[22m[39m [32mhmr update [39m[2m/src/pages/Home.tsx, /src/index.css[22m
[2m9:06:21 PM[22m [36m[1m[vite][22m[39m [90m[2m(client)[22m[39m [32mhmr update [39m[2m/src/index.css, /src/components/sections/Services.tsx[22m
[2m9:06:51 PM[22m [36m[1m[vite][22m[39m [90m[2m(client)[22m[39m [32mhmr update [39m[2m/src/index.css, /src/components/sections/Services.tsx[22m
[2m9:14:40 PM[22m [36m[1m[vite][22m[39m [90m[2m(client)[22m[39m [32mhmr update [39m[2m/src/index.css, /src/components/sections/Services.tsx[22m
[2m9:18:35 PM[22m [36m[1m[vite][22m[39m [90m[2m(client)[22m[39m [32mhmr update [39m[2m/src/pages/Home.tsx, /src/index.css[22m
[2m9:22:23 PM[22m [36m[1m[vite][22m[39m [90m[2m(client)[22m[39m [32mhmr update [39m[2m/src/index.css[22m
[2m9:23:50 PM[22m [36m[1m[vite][22m[39m [90m[2m(client)[22m[39m [32mhmr update [39m[2m/src/index.css, /src/components/sections/Films.tsx[22m
[2m9:24:02 PM[22m [36m[1m[vite][22m[39m [90m[2m(client)[22m[39m [32mhmr update [39m[2m/src/index.css[22m
[2m9:24:53 PM[22m [36m[1m[vite][22m[39m [90m[2m(client)[22m[39m [32mhmr update [39m[2m/src/index.css, /src/components/sections/Films.tsx[22m
[2m9:26:02 PM[22m [36m[1m[vite][22m[39m [90m[2m(client)[22m[39m [32mhmr update [39m[2m/src/index.css, /src/components/sections/Films.tsx[22m
[2m9:26:15 PM[22m [36m[1m[vite][22m[39m [90m[2m(client)[22m[39m [32mhmr update [39m[2m/src/index.css[22m
[2m9:32:00 PM[22m [36m[1m[vite][22m[39m [90m[2m(client)[22m[39m [32mhmr update [39m[2m/src/index.css[22m
[2m9:32:03 PM[22m [36m[1m[vite][22m[39m [90m[2m(client)[22m[39m [32mhmr update [39m[2m/src/index.css[22m
[2m9:32:08 PM[22m [36m[1m[vite][22m[39m [90m[2m(client)[22m[39m [32mhmr update [39m[2m/src/index.css[22m
[2m9:32:47 PM[22m [36m[1m[vite][22m[39m [90m[2m(client)[22m[39m [32mhmr update [39m[2m/src/index.css[22m
[2m9:32:48 PM[22m [36m[1m[vite][22m[39m [90m[2m(client)[22m[39m [32mhmr update [39m[2m/src/index.css[22m
[2m9:32:48 PM[22m [36m[1m[vite][22m[39m [90m[2m(client)[22m[39m [32mhmr update [39m[2m/src/index.css[22m
[2m9:33:37 PM[22m [36m[1m[vite][22m[39m [90m[2m(client)[22m[39m [32mhmr update [39m[2m/src/index.css[22m
[2m9:33:38 PM[22m [36m[1m[vite][22m[39m [90m[2m(client)[22m[39m [32mhmr update [39m[2m/src/index.css[22m
[2m9:33:38 PM[22m [36m[1m[vite][22m[39m [90m[2m(client)[22m[39m [32mhmr update [39m[2m/src/index.css[22m
[2m9:38:21 PM[22m [36m[1m[vite][22m[39m [90m[2m(client)[22m[39m [32mhmr update [39m[2m/src/index.css, /src/components/three/CameraGimbalScene.tsx[22m
[2m9:43:10 PM[22m [36m[1m[vite][22m[39m [90m[2m(client)[22m[39m [32mhmr update [39m[2m/src/index.css, /src/components/three/CameraGimbalScene.tsx[22m
[2m9:48:39 PM[22m [36m[1m[vite][22m[39m [90m[2m(client)[22m[39m [32mhmr update [39m[2m/src/index.css, /src/components/three/CameraGimbalScene.tsx[22m
[2m9:51:55 PM[22m [36m[1m[vite][22m[39m [90m[2m(client)[22m[39m [32mhmr update [39m[2m/src/index.css, /src/components/sections/Partners.tsx, /src/components/sections/BehindTheLens.tsx, /src/components/sections/Community.tsx, /src/components/sections/Hero.tsx, /src/components/sections/Gallery.tsx, /src/components/sections/Navbar.tsx, /src/components/sections/Contact.tsx, /src/components/sections/Footer.tsx, /src/components/sections/Services.tsx[22m
[2m9:55:04 PM[22m [36m[1m[vite][22m[39m [90m[2m(client)[22m[39m [32mhmr update [39m[2m/src/index.css, /src/components/sections/Gallery.tsx[22m
[2m9:57:53 PM[22m [36m[1m[vite][22m[39m [90m[2m(client)[22m[39m [32mhmr update [39m[2m/src/index.css, /src/components/sections/Partners.tsx, /src/components/sections/BehindTheLens.tsx, /src/components/sections/Community.tsx, /src/components/sections/Hero.tsx, /src/components/sections/Gallery.tsx, /src/components/sections/Navbar.tsx, /src/components/sections/Contact.tsx, /src/components/sections/Footer.tsx, /src/components/sections/Services.tsx[22m
[2m10:14:09 PM[22m [36m[1m[vite][22m[39m [90m[2m(client)[22m[39m [32mhmr update [39m[2m/src/index.css, /src/components/sections/About.tsx[22m
[2m10:14:34 PM[22m [36m[1m[vite][22m[39m [90m[2m(client)[22m[39m [32mhmr update [39m[2m/src/index.css, /src/components/three/CameraGimbalScene.tsx[22m
[2m10:18:41 PM[22m [36m[1m[vite][22m[39m [90m[2m(client)[22m[39m [32mhmr update [39m[2m/src/index.css, /src/components/sections/About.tsx[22m
[2m10:26:42 PM[22m [36m[1m[vite][22m[39m [90m[2m(client)[22m[39m [32mhmr update [39m[2m/src/index.css, /src/components/sections/About.tsx[22m
[2m10:32:56 PM[22m [36m[1m[vite][22m[39m [90m[2m(client)[22m[39m [32mhmr update [39m[2m/src/index.css, /src/components/sections/About.tsx[22m
[2m10:34:24 PM[22m [36m[1m[vite][22m[39m [90m[2m(client)[22m[39m [32mhmr update [39m[2m/src/index.css, /src/components/sections/About.tsx[22m
[2m10:34:24 PM[22m [36m[1m[vite][22m[39m [90m[2m(client)[22m[39m [32mhmr update [39m[2m/src/index.css, /src/components/three/CameraGimbalScene.tsx[22m
[2m10:36:47 PM[22m [36m[1m[vite][22m[39m [90m[2m(client)[22m[39m [32mhmr update [39m[2m/src/index.css, /src/components/sections/About.tsx[22m
[2m10:39:29 PM[22m [36m[1m[vite][22m[39m [90m[2m(client)[22m[39m [32mhmr update [39m[2m/src/index.css, /src/components/sections/About.tsx[22m
[2m10:39:29 PM[22m [36m[1m[vite][22m[39m [90m[2m(client)[22m[39m [32mhmr update [39m[2m/src/index.css, /src/components/three/CameraGimbalScene.tsx[22m
[2m10:41:27 PM[22m [36m[1m[vite][22m[39m [90m[2m(client)[22m[39m [32mhmr update [39m[2m/src/index.css, /src/components/three/CameraGimbalScene.tsx[22m
[2m10:44:35 PM[22m [36m[1m[vite][22m[39m [90m[2m(client)[22m[39m [32mhmr update [39m[2m/src/index.css, /src/components/three/CameraGimbalScene.tsx[22m
[2m1:21:51 AM[22m [36m[1m[vite][22m[39m [90m[2m(client)[22m[39m [32mhmr update [39m[2m/src/index.css, /src/components/sections/About.tsx[22m
[2m1:23:58 AM[22m [36m[1m[vite][22m[39m [90m[2m(client)[22m[39m [32mhmr update [39m[2m/src/index.css, /src/components/sections/About.tsx[22m
[2m1:25:38 AM[22m [36m[1m[vite][22m[39m [90m[2m(client)[22m[39m [32mhmr update [39m[2m/src/index.css, /src/components/three/CameraGimbalScene.tsx[22m
[2m1:28:30 AM[22m [36m[1m[vite][22m[39m [90m[2m(client)[22m[39m [32mhmr update [39m[2m/src/index.css, /src/components/three/CameraGimbalScene.tsx[22m
[2m1:31:49 AM[22m [36m[1m[vite][22m[39m [90m[2m(client)[22m[39m [32mhmr update [39m[2m/src/index.css, /src/components/sections/About.tsx[22m
[2m1:33:08 AM[22m [36m[1m[vite][22m[39m [90m[2m(client)[22m[39m [32mhmr update [39m[2m/src/index.css, /src/components/sections/About.tsx[22m
[2m1:35:39 AM[22m [36m[1m[vite][22m[39m [90m[2m(client)[22m[39m [32mhmr update [39m[2m/src/index.css, /src/components/sections/About.tsx[22m
[2m1:35:39 AM[22m [36m[1m[vite][22m[39m [90m[2m(client)[22m[39m [32mhmr update [39m[2m/src/index.css, /src/components/three/CameraGimbalScene.tsx[22m
[2m1:36:51 AM[22m [36m[1m[vite][22m[39m [90m[2m(client)[22m[39m [32mhmr update [39m[2m/src/index.css, /src/components/sections/About.tsx[22m
[2m1:38:22 AM[22m [36m[1m[vite][22m[39m [90m[2m(client)[22m[39m [32mhmr update [39m[2m/src/index.css, /src/components/sections/About.tsx[22m
[2m1:40:30 AM[22m [36m[1m[vite][22m[39m [90m[2m(client)[22m[39m [32mhmr update [39m[2m/src/index.css, /src/components/sections/About.tsx[22m
[2m1:50:12 AM[22m [36m[1m[vite][22m[39m [90m[2m(client)[22m[39m [32mhmr update [39m[2m/src/index.css, /src/components/sections/About.tsx[22m
[2m1:54:34 AM[22m [36m[1m[vite][22m[39m [90m[2m(client)[22m[39m [32mhmr update [39m[2m/src/index.css, /src/components/three/CameraGimbalScene.tsx[22m
[2m1:57:22 AM[22m [36m[1m[vite][22m[39m [90m[2m(client)[22m[39m [32mhmr update [39m[2m/src/index.css, /src/components/three/CameraGimbalScene.tsx[22m
[2m1:58:54 AM[22m [36m[1m[vite][22m[39m [90m[2m(client)[22m[39m [32mhmr update [39m[2m/src/index.css, /src/components/three/CameraGimbalScene.tsx[22m
[2m2:03:23 AM[22m [36m[1m[vite][22m[39m [90m[2m(client)[22m[39m [32mhmr update [39m[2m/src/index.css, /src/components/sections/About.tsx[22m
[2m2:03:23 AM[22m [36m[1m[vite][22m[39m [90m[2m(client)[22m[39m [32mhmr update [39m[2m/src/index.css, /src/components/three/CameraGimbalScene.tsx[22m
[2m2:05:16 AM[22m [36m[1m[vite][22m[39m [90m[2m(client)[22m[39m [32mhmr update [39m[2m/src/index.css, /src/components/sections/About.tsx[22m
[2m2:05:16 AM[22m [36m[1m[vite][22m[39m [90m[2m(client)[22m[39m [32mhmr update [39m[2m/src/index.css, /src/components/sections/About.tsx[22m
[2m2:13:01 AM[22m [36m[1m[vite][22m[39m [90m[2m(client)[22m[39m [32mhmr update [39m[2m/src/index.css, /src/components/sections/About.tsx[22m
[2m2:13:20 AM[22m [36m[1m[vite][22m[39m [90m[2m(client)[22m[39m [32mhmr update [39m[2m/src/index.css, /src/components/three/CameraGimbalScene.tsx[22m
[2m2:13:40 AM[22m [36m[1m[vite][22m[39m [90m[2m(client)[22m[39m [32mhmr update [39m[2m/src/index.css, /src/components/three/CameraGimbalScene.tsx[22m
[2m2:13:58 AM[22m [36m[1m[vite][22m[39m [90m[2m(client)[22m[39m [32mhmr update [39m[2m/src/index.css, /src/components/three/CameraGimbalScene.tsx[22m
[2m2:14:25 AM[22m [36m[1m[vite][22m[39m [90m[2m(client)[22m[39m [32mhmr update [39m[2m/src/index.css, /src/components/three/CameraGimbalScene.tsx[22m
[2m2:14:40 AM[22m [36m[1m[vite][22m[39m [90m[2m(client)[22m[39m [32mhmr update [39m[2m/src/index.css, /src/components/three/CameraGimbalScene.tsx[22m
[2m2:19:17 AM[22m [36m[1m[vite][22m[39m [90m[2m(client)[22m[39m [32mhmr update [39m[2m/src/index.css, /src/components/sections/About.tsx[22m
[2m2:19:36 AM[22m [36m[1m[vite][22m[39m [90m[2m(client)[22m[39m [32mhmr update [39m[2m/src/index.css, /src/components/three/CameraGimbalScene.tsx[22m
[2m2:20:03 AM[22m [36m[1m[vite][22m[39m [90m[2m(client)[22m[39m [32mhmr update [39m[2m/src/index.css, /src/components/three/CameraGimbalScene.tsx[22m
[2m2:27:13 AM[22m [36m[1m[vite][22m[39m [90m[2m(client)[22m[39m [32mhmr update [39m[2m/src/index.css, /src/components/sections/About.tsx[22m
[2m2:28:30 AM[22m [36m[1m[vite][22m[39m [90m[2m(client)[22m[39m [32mhmr update [39m[2m/src/index.css, /src/components/three/CameraGimbalScene.tsx[22m
[2m2:28:43 AM[22m [36m[1m[vite][22m[39m [90m[2m(client)[22m[39m [32mhmr update [39m[2m/src/index.css, /src/components/three/CameraGimbalScene.tsx[22m
[2m2:29:09 AM[22m [36m[1m[vite][22m[39m [90m[2m(client)[22m[39m [32mhmr update [39m[2m/src/index.css, /src/components/three/CameraGimbalScene.tsx[22m
[2m2:29:23 AM[22m [36m[1m[vite][22m[39m [90m[2m(client)[22m[39m [32mhmr update [39m[2m/src/index.css, /src/components/three/CameraGimbalScene.tsx[22m
[2m2:32:45 AM[22m [36m[1m[vite][22m[39m [90m[2m(client)[22m[39m [32mhmr update [39m[2m/src/index.css, /src/components/three/CameraGimbalScene.tsx[22m
[2m2:37:29 AM[22m [36m[1m[vite][22m[39m [90m[2m(client)[22m[39m [32mhmr update [39m[2m/src/index.css, /src/components/three/CameraGimbalScene.tsx[22m
[2m2:37:29 AM[22m [36m[1m[vite][22m[39m [90m[2m(client)[22m[39m [32mhmr update [39m[2m/src/index.css, /src/components/sections/About.tsx[22m
[2m2:45:59 AM[22m [36m[1m[vite][22m[39m [90m[2m(client)[22m[39m [32mhmr update [39m[2m/src/index.css, /src/components/sections/About.tsx[22m
[2m2:50:07 AM[22m [36m[1m[vite][22m[39m [90m[2m(client)[22m[39m [32mhmr update [39m[2m/src/index.css, /src/components/sections/About.tsx[22m
[2m2:51:13 AM[22m [36m[1m[vite][22m[39m [90m[2m(client)[22m[39m [32mhmr update [39m[2m/src/index.css, /src/components/sections/About.tsx[22m
[2m2:51:58 AM[22m [36m[1m[vite][22m[39m [90m[2m(client)[22m[39m [32mhmr update [39m[2m/src/index.css, /src/components/sections/About.tsx[22m
[2m2:54:35 AM[22m [36m[1m[vite][22m[39m [90m[2m(client)[22m[39m [32mhmr update [39m[2m/src/index.css, /src/components/sections/Gallery.tsx[22m
[2m2:54:36 AM[22m [36m[1m[vite][22m[39m [90m[2m(client)[22m[39m [32mhmr update [39m[2m/src/index.css, /src/components/sections/Gallery.tsx[22m
[2m2:54:39 AM[22m [36m[1m[vite][22m[39m [90m[2m(client)[22m[39m [32mhmr update [39m[2m/src/index.css, /src/components/sections/Gallery.tsx[22m
[2m2:54:40 AM[22m [36m[1m[vite][22m[39m [90m[2m(client)[22m[39m [32mhmr update [39m[2m/src/index.css, /src/components/sections/Gallery.tsx[22m
[2m2:54:52 AM[22m [36m[1m[vite][22m[39m [90m[2m(client)[22m[39m [32mhmr update [39m[2m/src/index.css, /src/components/sections/About.tsx[22m
[2m2:54:54 AM[22m [36m[1m[vite][22m[39m [90m[2m(client)[22m[39m [32mhmr update [39m[2m/src/index.css, /src/components/sections/About.tsx[22m
[2m2:55:38 AM[22m [36m[1m[vite][22m[39m [90m[2m(client)[22m[39m [32mhmr update [39m[2m/src/index.css, /src/components/sections/Gallery.tsx[22m
[2m2:55:41 AM[22m [36m[1m[vite][22m[39m [90m[2m(client)[22m[39m [32mhmr update [39m[2m/src/index.css, /src/components/sections/Gallery.tsx[22m
[2m2:55:43 AM[22m [36m[1m[vite][22m[39m [90m[2m(client)[22m[39m [32mhmr update [39m[2m/src/index.css, /src/components/sections/Gallery.tsx[22m
[2m2:55:45 AM[22m [36m[1m[vite][22m[39m [90m[2m(client)[22m[39m [32mhmr update [39m[2m/src/index.css, /src/components/sections/Gallery.tsx[22m
[2m2:55:46 AM[22m [36m[1m[vite][22m[39m [90m[2m(client)[22m[39m [32mhmr update [39m[2m/src/index.css, /src/components/sections/Gallery.tsx[22m
[2m2:55:48 AM[22m [36m[1m[vite][22m[39m [90m[2m(client)[22m[39m [32mhmr update [39m[2m/src/index.css, /src/components/sections/Gallery.tsx[22m
[2m2:55:50 AM[22m [36m[1m[vite][22m[39m [90m[2m(client)[22m[39m [32mhmr update [39m[2m/src/index.css, /src/components/sections/Gallery.tsx[22m
[2m2:55:52 AM[22m [36m[1m[vite][22m[39m [90m[2m(client)[22m[39m [32mhmr update [39m[2m/src/index.css, /src/components/sections/Gallery.tsx[22m
[2m2:56:00 AM[22m [36m[1m[vite][22m[39m [90m[2m(client)[22m[39m [32mhmr update [39m[2m/src/index.css, /src/components/sections/Gallery.tsx[22m
[2m2:56:03 AM[22m [36m[1m[vite][22m[39m [90m[2m(client)[22m[39m [32mhmr update [39m[2m/src/index.css, /src/components/sections/Gallery.tsx[22m
[2m2:56:04 AM[22m [36m[1m[vite][22m[39m [90m[2m(client)[22m[39m [32mhmr update [39m[2m/src/index.css, /src/components/sections/Gallery.tsx[22m
[2m2:56:57 AM[22m [36m[1m[vite][22m[39m [90m[2m(client)[22m[39m [32mhmr update [39m[2m/src/index.css, /src/components/sections/Gallery.tsx[22m
[2m2:56:59 AM[22m [36m[1m[vite][22m[39m [90m[2m(client)[22m[39m [32mhmr update [39m[2m/src/index.css, /src/components/sections/Gallery.tsx[22m
[2m2:57:47 AM[22m [36m[1m[vite][22m[39m [90m[2m(client)[22m[39m [32mhmr update [39m[2m/src/index.css, /src/components/sections/About.tsx[22m
[2m2:57:50 AM[22m [36m[1m[vite][22m[39m [90m[2m(client)[22m[39m [32mhmr update [39m[2m/src/index.css, /src/components/sections/About.tsx[22m
[2m2:57:57 AM[22m [36m[1m[vite][22m[39m [90m[2m(client)[22m[39m [32mhmr update [39m[2m/src/index.css, /src/components/sections/About.tsx[22m
[2m3:05:58 AM[22m [36m[1m[vite][22m[39m [90m[2m(client)[22m[39m [32mhmr update [39m[2m/src/index.css, /src/components/sections/Partners.tsx, /src/components/sections/BehindTheLens.tsx, /src/components/sections/Community.tsx, /src/components/sections/Hero.tsx, /src/components/sections/Gallery.tsx, /src/components/sections/Navbar.tsx, /src/components/sections/Contact.tsx, /src/components/sections/Footer.tsx, /src/components/sections/Services.tsx[22m
[2m3:05:58 AM[22m [36m[1m[vite][22m[39m [90m[2m(client)[22m[39m [32mhmr update [39m[2m/src/index.css, /src/components/sections/Footer.tsx[22m
[2m3:05:58 AM[22m [36m[1m[vite][22m[39m [90m[2m(client)[22m[39m [32mhmr update [39m[2m/src/index.css, /src/components/sections/Films.tsx[22m
[2m3:05:58 AM[22m [36m[1m[vite][22m[39m [90m[2m(client)[22m[39m [32mhmr update [39m[2m/src/index.css, /src/components/sections/Services.tsx[22m
[2m3:05:58 AM[22m [36m[1m[vite][22m[39m [90m[2m(client)[22m[39m [32mhmr update [39m[2m/src/index.css, /src/components/sections/Contact.tsx[22m
[2m3:05:58 AM[22m [36m[1m[vite][22m[39m [90m[2m(client)[22m[39m [32mhmr update [39m[2m/src/index.css, /src/components/sections/Partners.tsx[22m
[2m3:06:41 AM[22m [36m[1m[vite][22m[39m [90m[2m(client)[22m[39m [32mhmr update [39m[2m/src/index.css, /src/components/sections/Gallery.tsx[22m
[2m3:06:55 AM[22m [36m[1m[vite][22m[39m [90m[2m(client)[22m[39m [32mhmr update [39m[2m/src/index.css, /src/components/sections/About.tsx[22m
[2m3:07:49 AM[22m [36m[1m[vite][22m[39m [90m[2m(client)[22m[39m [32mhmr update [39m[2m/src/index.css, /src/components/sections/Gallery.tsx[22m
[2m10:02:04 PM[22m [36m[1m[vite][22m[39m [90m[2m(client)[22m[39m [32mhmr update [39m[2m/src/index.css, /src/components/three/CameraGimbalScene.tsx[22m
[2m10:03:02 PM[22m [36m[1m[vite][22m[39m [90m[2m(client)[22m[39m [32mhmr update [39m[2m/src/index.css, /src/components/three/CameraGimbalScene.tsx[22m
[2m10:04:26 PM[22m [36m[1m[vite][22m[39m [90m[2m(client)[22m[39m [32mhmr update [39m[2m/src/index.css, /src/components/three/CameraGimbalScene.tsx[22m
[2m10:05:36 PM[22m [36m[1m[vite][22m[39m [90m[2m(client)[22m[39m [32mhmr update [39m[2m/src/index.css, /src/components/three/CameraGimbalScene.tsx[22m
[2m10:06:35 PM[22m [36m[1m[vite][22m[39m [90m[2m(client)[22m[39m [32mhmr update [39m[2m/src/index.css, /src/components/sections/About.tsx[22m
[2m11:02:21 PM[22m [36m[1m[vite][22m[39m [90m[2m(client)[22m[39m [32mhmr update [39m[2m/src/index.css, /src/components/sections/About.tsx[22m
[2m11:02:21 PM[22m [36m[1m[vite][22m[39m [90m[2m(client)[22m[39m [32mhmr update [39m[2m/src/index.css, /src/components/three/CameraGimbalScene.tsx[22m
[2m11:05:23 PM[22m [36m[1m[vite][22m[39m [90m[2m(client)[22m[39m [32mhmr update [39m[2m/src/index.css, /src/components/three/CameraGimbalScene.tsx[22m
[2m11:06:32 PM[22m [36m[1m[vite][22m[39m [90m[2m(client)[22m[39m [32mhmr update [39m[2m/src/index.css, /src/components/three/CameraGimbalScene.tsx[22m
[2m11:08:19 PM[22m [36m[1m[vite][22m[39m [90m[2m(client)[22m[39m [32mhmr update [39m[2m/src/index.css, /src/components/three/CameraGimbalScene.tsx[22m
[2m11:09:39 PM[22m [36m[1m[vite][22m[39m [90m[2m(client)[22m[39m [32mhmr update [39m[2m/src/index.css, /src/components/three/CameraGimbalScene.tsx[22m
[2m11:11:16 PM[22m [36m[1m[vite][22m[39m [90m[2m(client)[22m[39m [32mhmr update [39m[2m/src/index.css, /src/components/three/CameraGimbalScene.tsx[22m
[2m11:13:44 PM[22m [36m[1m[vite][22m[39m [90m[2m(client)[22m[39m [32mhmr update [39m[2m/src/index.css, /src/components/three/CameraGimbalScene.tsx[22m
[2m11:27:05 PM[22m [36m[1m[vite][22m[39m [90m[2m(client)[22m[39m [32mhmr update [39m[2m/src/index.css, /src/components/three/CameraGimbalScene.tsx[22m
[2m11:33:18 PM[22m [36m[1m[vite][22m[39m [90m[2m(client)[22m[39m [32mhmr update [39m[2m/src/index.css, /src/components/sections/About.tsx[22m
[2m11:33:48 PM[22m [36m[1m[vite][22m[39m [90m[2m(client)[22m[39m [32mhmr update [39m[2m/src/index.css, /src/components/sections/About.tsx[22m
[2m11:34:32 PM[22m [36m[1m[vite][22m[39m [90m[2m(client)[22m[39m [32mhmr update [39m[2m/src/index.css, /src/components/three/CameraGimbalScene.tsx[22m
[2m11:35:46 PM[22m [36m[1m[vite][22m[39m [90m[2m(client)[22m[39m [32mhmr update [39m[2m/src/index.css, /src/components/three/CameraGimbalScene.tsx, /src/pages/Home.tsx[22m
[2m11:58:20 PM[22m [36m[1m[vite][22m[39m [90m[2m(client)[22m[39m [32mhmr update [39m[2m/src/index.css, /src/components/sections/Partners.tsx, /src/components/sections/BehindTheLens.tsx, /src/components/sections/Community.tsx, /src/components/sections/Hero.tsx, /src/components/sections/Gallery.tsx, /src/components/sections/Navbar.tsx, /src/components/sections/Contact.tsx, /src/components/sections/Footer.tsx, /src/components/sections/Services.tsx[22m
[2m11:58:26 PM[22m [36m[1m[vite][22m[39m [90m[2m(client)[22m[39m [32mhmr update [39m[2m/src/index.css, /src/components/sections/Films.tsx[22m
[2m12:02:48 AM[22m [36m[1m[vite][22m[39m [90m[2m(client)[22m[39m [32mhmr update [39m[2m/src/index.css, /src/components/three/CameraGimbalScene.tsx[22m
[2m12:03:57 AM[22m [36m[1m[vite][22m[39m [90m[2m(client)[22m[39m [32mhmr update [39m[2m/src/index.css, /src/components/three/CameraGimbalScene.tsx[22m
[2m12:05:43 AM[22m [36m[1m[vite][22m[39m [90m[2m(client)[22m[39m [32mhmr update [39m[2m/src/index.css, /src/components/three/CameraGimbalScene.tsx[22m
[2m12:08:15 AM[22m [36m[1m[vite][22m[39m [90m[2m(client)[22m[39m [32mhmr update [39m[2m/src/index.css, /src/components/three/CameraGimbalScene.tsx[22m
[2m12:09:38 AM[22m [36m[1m[vite][22m[39m [90m[2m(client)[22m[39m [32mhmr update [39m[2m/src/index.css, /src/components/three/CameraGimbalScene.tsx[22m
[2m12:11:50 AM[22m [36m[1m[vite][22m[39m [90m[2m(client)[22m[39m [32mhmr update [39m[2m/src/index.css, /src/components/sections/Films.tsx[22m
[2m12:11:54 AM[22m [36m[1m[vite][22m[39m [90m[2m(client)[22m[39m [32mhmr update [39m[2m/src/index.css, /src/components/sections/Films.tsx[22m
[2m12:11:56 AM[22m [36m[1m[vite][22m[39m [90m[2m(client)[22m[39m [32mhmr update [39m[2m/src/index.css, /src/components/sections/Films.tsx[22m
[2m12:11:59 AM[22m [36m[1m[vite][22m[39m [90m[2m(client)[22m[39m [32mhmr update [39m[2m/src/index.css, /src/components/sections/Films.tsx[22m
[2m12:12:49 AM[22m [36m[1m[vite][22m[39m [90m[2m(client)[22m[39m [32mhmr update [39m[2m/src/index.css, /src/components/sections/Films.tsx[22m
[2m12:12:53 AM[22m [36m[1m[vite][22m[39m [90m[2m(client)[22m[39m [32mhmr update [39m[2m/src/index.css, /src/components/sections/Films.tsx[22m
[2m12:12:53 AM[22m [36m[1m[vite][22m[39m [90m[2m(client)[22m[39m [32mhmr update [39m[2m/src/index.css, /src/components/sections/Films.tsx[22m
[2m12:12:59 AM[22m [36m[1m[vite][22m[39m [90m[2m(client)[22m[39m [32mhmr update [39m[2m/src/index.css, /src/components/sections/Films.tsx[22m
[2m12:13:06 AM[22m [36m[1m[vite][22m[39m [90m[2m(client)[22m[39m [32mhmr update [39m[2m/src/index.css, /src/components/sections/Films.tsx[22m
[2m12:13:08 AM[22m [36m[1m[vite][22m[39m [90m[2m(client)[22m[39m [32mhmr update [39m[2m/src/index.css, /src/components/sections/Films.tsx[22m
[2m12:13:10 AM[22m [36m[1m[vite][22m[39m [90m[2m(client)[22m[39m [32mhmr update [39m[2m/src/index.css, /src/components/sections/Films.tsx[22m
[2m12:13:10 AM[22m [36m[1m[vite][22m[39m [90m[2m(client)[22m[39m [32mhmr update [39m[2m/src/index.css, /src/components/sections/Films.tsx[22m
[2m12:13:48 AM[22m [36m[1m[vite][22m[39m [90m[2m(client)[22m[39m [32mhmr update [39m[2m/src/index.css, /src/components/sections/Films.tsx[22m
[2m12:13:51 AM[22m [36m[1m[vite][22m[39m [90m[2m(client)[22m[39m [32mhmr update [39m[2m/src/index.css, /src/components/sections/Films.tsx[22m
[2m12:13:54 AM[22m [36m[1m[vite][22m[39m [90m[2m(client)[22m[39m [32mhmr update [39m[2m/src/index.css, /src/components/sections/Films.tsx[22m
[2m12:13:57 AM[22m [36m[1m[vite][22m[39m [90m[2m(client)[22m[39m [32mhmr update [39m[2m/src/index.css, /src/components/sections/Films.tsx[22m
[2m12:14:04 AM[22m [36m[1m[vite][22m[39m [90m[2m(client)[22m[39m [32mhmr update [39m[2m/src/index.css, /src/components/sections/Films.tsx[22m
[2m12:14:05 AM[22m [36m[1m[vite][22m[39m [90m[2m(client)[22m[39m [32mhmr update [39m[2m/src/index.css, /src/components/sections/Films.tsx[22m
[2m12:14:34 AM[22m [36m[1m[vite][22m[39m [90m[2m(client)[22m[39m [32mhmr update [39m[2m/src/index.css, /src/components/sections/Films.tsx[22m
[2m12:14:36 AM[22m [36m[1m[vite][22m[39m [90m[2m(client)[22m[39m [32mhmr update [39m[2m/src/index.css, /src/components/sections/Films.tsx[22m
[2m12:14:38 AM[22m [36m[1m[vite][22m[39m [90m[2m(client)[22m[39m [32mhmr update [39m[2m/src/index.css, /src/components/sections/Films.tsx[22m
[2m12:14:42 AM[22m [36m[1m[vite][22m[39m [90m[2m(client)[22m[39m [32mhmr update [39m[2m/src/index.css, /src/components/sections/Films.tsx[22m
[2m12:14:42 AM[22m [36m[1m[vite][22m[39m [90m[2m(client)[22m[39m [32mhmr update [39m[2m/src/index.css, /src/components/sections/Films.tsx[22m
[2m12:15:19 AM[22m [36m[1m[vite][22m[39m [90m[2m(client)[22m[39m [32mhmr update [39m[2m/src/index.css, /src/components/sections/Films.tsx[22m
[2m12:15:23 AM[22m [36m[1m[vite][22m[39m [90m[2m(client)[22m[39m [32mhmr update [39m[2m/src/index.css, /src/components/sections/Films.tsx[22m
[2m12:15:25 AM[22m [36m[1m[vite][22m[39m [90m[2m(client)[22m[39m [32mhmr update [39m[2m/src/index.css, /src/components/sections/Films.tsx[22m
[2m12:15:39 AM[22m [36m[1m[vite][22m[39m [90m[2m(client)[22m[39m [32mhmr update [39m[2m/src/index.css, /src/components/sections/Films.tsx[22m
[2m12:15:41 AM[22m [36m[1m[vite][22m[39m [90m[2m(client)[22m[39m [32mhmr update [39m[2m/src/index.css, /src/components/sections/Films.tsx[22m
[2m12:18:27 AM[22m [36m[1m[vite][22m[39m [90m[2m(client)[22m[39m [32mhmr update [39m[2m/src/index.css, /src/components/sections/Films.tsx[22m
[2m12:18:34 AM[22m [36m[1m[vite][22m[39m [90m[2m(client)[22m[39m [32mhmr update [39m[2m/src/index.css, /src/components/sections/Films.tsx[22m
[2m12:18:35 AM[22m [36m[1m[vite][22m[39m [90m[2m(client)[22m[39m [32mhmr update [39m[2m/src/index.css, /src/components/sections/Films.tsx[22m
[2m12:19:17 AM[22m [36m[1m[vite][22m[39m [90m[2m(client)[22m[39m [32mhmr update [39m[2m/src/index.css, /src/components/sections/Films.tsx[22m
[2m12:19:22 AM[22m [36m[1m[vite][22m[39m [90m[2m(client)[22m[39m [32mhmr update [39m[2m/src/index.css, /src/components/sections/Films.tsx[22m
[2m12:19:26 AM[22m [36m[1m[vite][22m[39m [90m[2m(client)[22m[39m [32mhmr update [39m[2m/src/index.css, /src/components/sections/Films.tsx[22m
[2m12:19:28 AM[22m [36m[1m[vite][22m[39m [90m[2m(client)[22m[39m [32mhmr update [39m[2m/src/index.css, /src/components/sections/Films.tsx[22m
[2m12:19:29 AM[22m [36m[1m[vite][22m[39m [90m[2m(client)[22m[39m [32mhmr update [39m[2m/src/index.css, /src/components/sections/Films.tsx[22m
[2m12:22:58 AM[22m [36m[1m[vite][22m[39m [90m[2m(client)[22m[39m [32mhmr update [39m[2m/src/index.css, /src/components/sections/Partners.tsx, /src/components/sections/BehindTheLens.tsx, /src/components/sections/Community.tsx, /src/components/sections/Hero.tsx, /src/components/sections/Gallery.tsx, /src/components/sections/Navbar.tsx, /src/components/sections/Contact.tsx, /src/components/sections/Footer.tsx, /src/components/sections/Services.tsx[22m
[2m12:25:56 AM[22m [36m[1m[vite][22m[39m [90m[2m(client)[22m[39m [32mhmr update [39m[2m/src/index.css, /src/components/sections/Films.tsx[22m
[2m12:26:02 AM[22m [36m[1m[vite][22m[39m [90m[2m(client)[22m[39m [32mhmr update [39m[2m/src/index.css, /src/components/sections/Gallery.tsx[22m
[2m12:26:29 AM[22m [36m[1m[vite][22m[39m [90m[2m(client)[22m[39m [32mhmr update [39m[2m/src/index.css, /src/components/sections/Contact.tsx[22m
[2m12:29:09 AM[22m [36m[1m[vite][22m[39m [90m[2m(client)[22m[39m [32mhmr update [39m[2m/src/index.css, /src/components/sections/Partners.tsx, /src/components/sections/BehindTheLens.tsx, /src/components/sections/Community.tsx, /src/components/sections/Hero.tsx, /src/components/sections/Gallery.tsx, /src/components/sections/Navbar.tsx, /src/components/sections/Contact.tsx, /src/components/sections/Footer.tsx, /src/components/sections/Services.tsx[22m
[2m12:29:35 AM[22m [36m[1m[vite][22m[39m [90m[2m(client)[22m[39m [32mhmr update [39m[2m/src/index.css, /src/components/sections/Partners.tsx, /src/components/sections/BehindTheLens.tsx, /src/components/sections/Community.tsx, /src/components/sections/Hero.tsx, /src/components/sections/Gallery.tsx, /src/components/sections/Navbar.tsx, /src/components/sections/Contact.tsx, /src/components/sections/Footer.tsx, /src/components/sections/Services.tsx[22m
[2m12:34:46 AM[22m [36m[1m[vite][22m[39m [90m[2m(client)[22m[39m [32mhmr update [39m[2m/src/index.css, /src/components/three/CameraGimbalScene.tsx[22m
[2m3:22:27 AM[22m [36m[1m[vite][22m[39m [90m[2m(client)[22m[39m [32mhmr update [39m[2m/src/index.css, /src/components/sections/Films.tsx[22m
[2m3:22:33 AM[22m [36m[1m[vite][22m[39m [90m[2m(client)[22m[39m [32mhmr update [39m[2m/src/index.css, /src/components/sections/Films.tsx[22m
[2m3:22:46 AM[22m [36m[1m[vite][22m[39m [90m[2m(client)[22m[39m [32mhmr update [39m[2m/src/index.css, /src/components/sections/Films.tsx[22m
[2m3:22:53 AM[22m [36m[1m[vite][22m[39m [90m[2m(client)[22m[39m [32mhmr update [39m[2m/src/index.css, /src/components/sections/Films.tsx[22m
[2m3:22:55 AM[22m [36m[1m[vite][22m[39m [90m[2m(client)[22m[39m [32mhmr update [39m[2m/src/index.css, /src/components/sections/Films.tsx[22m
[2m3:22:56 AM[22m [36m[1m[vite][22m[39m [90m[2m(client)[22m[39m [32mhmr update [39m[2m/src/index.css, /src/components/sections/Films.tsx[22m
[2m3:23:21 AM[22m [36m[1m[vite][22m[39m [90m[2m(client)[22m[39m [32mhmr update [39m[2m/src/index.css, /src/components/sections/Films.tsx[22m
[2m3:24:56 AM[22m [36m[1m[vite][22m[39m [90m[2m(client)[22m[39m [32mhmr update [39m[2m/src/index.css, /src/components/sections/Films.tsx[22m
[2m3:24:56 AM[22m [36m[1m[vite][22m[39m [90m[2m(client)[22m[39m [32mhmr update [39m[2m/src/index.css, /src/components/sections/Films.tsx[22m
[2m3:25:17 AM[22m [36m[1m[vite][22m[39m [90m[2m(client)[22m[39m [32mhmr update [39m[2m/src/index.css, /src/components/sections/Films.tsx[22m
[2m3:25:21 AM[22m [36m[1m[vite][22m[39m [90m[2m(client)[22m[39m [32mhmr update [39m[2m/src/index.css, /src/components/sections/Films.tsx[22m
[2m3:25:26 AM[22m [36m[1m[vite][22m[39m [90m[2m(client)[22m[39m [32mhmr update [39m[2m/src/index.css, /src/components/sections/Films.tsx[22m
[2m3:25:29 AM[22m [36m[1m[vite][22m[39m [90m[2m(client)[22m[39m [32mhmr update [39m[2m/src/index.css, /src/components/sections/Films.tsx[22m
[2m3:25:47 AM[22m [36m[1m[vite][22m[39m [90m[2m(client)[22m[39m [32mhmr update [39m[2m/src/index.css, /src/components/sections/Films.tsx[22m
[2m3:25:51 AM[22m [36m[1m[vite][22m[39m [90m[2m(client)[22m[39m [32mhmr update [39m[2m/src/index.css, /src/components/sections/Films.tsx[22m
[2m3:25:53 AM[22m [36m[1m[vite][22m[39m [90m[2m(client)[22m[39m [32mhmr update [39m[2m/src/index.css, /src/components/sections/Films.tsx[22m
[2m3:25:56 AM[22m [36m[1m[vite][22m[39m [90m[2m(client)[22m[39m [32mhmr update [39m[2m/src/index.css, /src/components/sections/Films.tsx[22m
[2m3:26:01 AM[22m [36m[1m[vite][22m[39m [90m[2m(client)[22m[39m [32mhmr update [39m[2m/src/index.css, /src/components/sections/Films.tsx[22m
[2m3:26:03 AM[22m [36m[1m[vite][22m[39m [90m[2m(client)[22m[39m [32mhmr update [39m[2m/src/index.css, /src/components/sections/Films.tsx[22m
[2m3:27:22 AM[22m [36m[1m[vite][22m[39m [90m[2m(client)[22m[39m [32mhmr update [39m[2m/src/index.css, /src/components/sections/Films.tsx[22m
[2m3:27:24 AM[22m [36m[1m[vite][22m[39m [90m[2m(client)[22m[39m [32mhmr update [39m[2m/src/index.css, /src/components/sections/Films.tsx[22m
[2m3:27:41 AM[22m [36m[1m[vite][22m[39m [90m[2m(client)[22m[39m [32mhmr update [39m[2m/src/index.css, /src/components/sections/Films.tsx[22m
[2m3:28:07 AM[22m [36m[1m[vite][22m[39m [90m[2m(client)[22m[39m [32mhmr update [39m[2m/src/index.css, /src/components/sections/Films.tsx[22m
[2m3:41:30 AM[22m [36m[1m[vite][22m[39m [90m[2m(client)[22m[39m [32mhmr update [39m[2m/src/index.css, /src/components/sections/About.tsx[22m
[2m3:42:04 AM[22m [36m[1m[vite][22m[39m [90m[2m(client)[22m[39m [32mhmr update [39m[2m/src/index.css, /src/components/sections/About.tsx[22m
[2m3:47:11 AM[22m [36m[1m[vite][22m[39m [90m[2m(client)[22m[39m [32mhmr update [39m[2m/src/index.css, /src/components/sections/About.tsx[22m
[2m3:47:46 AM[22m [36m[1m[vite][22m[39m [90m[2m(client)[22m[39m [32mhmr update [39m[2m/src/index.css, /src/components/sections/About.tsx[22m
[2m3:52:36 AM[22m [36m[1m[vite][22m[39m [90m[2m(client)[22m[39m [32mhmr update [39m[2m/src/index.css, /src/components/sections/About.tsx[22m
[2m3:53:07 AM[22m [36m[1m[vite][22m[39m [90m[2m(client)[22m[39m [32mhmr update [39m[2m/src/index.css, /src/components/sections/About.tsx[22m
[2m3:56:46 AM[22m [36m[1m[vite][22m[39m [90m[2m(client)[22m[39m [32mhmr update [39m[2m/src/index.css, /src/components/sections/About.tsx[22m
[2m4:00:29 AM[22m [36m[1m[vite][22m[39m [90m[2m(client)[22m[39m [32mhmr update [39m[2m/src/index.css, /src/components/sections/About.tsx[22m
[2m4:01:03 AM[22m [36m[1m[vite][22m[39m [90m[2m(client)[22m[39m [32mhmr update [39m[2m/src/index.css, /src/components/sections/About.tsx[22m
[2m6:24:46 AM[22m [36m[1m[vite][22m[39m [90m[2m(client)[22m[39m [32mhmr update [39m[2m/src/index.css, /src/components/sections/About.tsx[22m
[2m6:29:06 AM[22m [36m[1m[vite][22m[39m [90m[2m(client)[22m[39m [32mhmr update [39m[2m/src/index.css, /src/components/sections/About.tsx[22m
[2m6:33:06 AM[22m [36m[1m[vite][22m[39m [90m[2m(client)[22m[39m [32mhmr update [39m[2m/src/index.css, /src/components/sections/About.tsx[22m
[2m6:34:47 AM[22m [36m[1m[vite][22m[39m [90m[2m(client)[22m[39m [32mhmr update [39m[2m/src/index.css, /src/components/sections/About.tsx[22m
[2m6:35:35 AM[22m [36m[1m[vite][22m[39m [90m[2m(client)[22m[39m [32mhmr update [39m[2m/src/index.css, /src/components/sections/About.tsx[22m
[2m6:38:10 AM[22m [36m[1m[vite][22m[39m [90m[2m(client)[22m[39m [32mhmr update [39m[2m/src/index.css, /src/components/sections/About.tsx[22m
[2m6:40:28 AM[22m [36m[1m[vite][22m[39m [90m[2m(client)[22m[39m [32mhmr update [39m[2m/src/index.css, /src/components/sections/About.tsx[22m
[2m6:49:05 AM[22m [36m[1m[vite][22m[39m [90m[2m(client)[22m[39m [32mhmr update [39m[2m/src/index.css, /src/components/sections/About.tsx[22m
[2m6:49:49 AM[22m [36m[1m[vite][22m[39m [90m[2m(client)[22m[39m [32mhmr update [39m[2m/src/index.css, /src/components/sections/About.tsx[22m
[2m3:21:53 PM[22m [36m[1m[vite][22m[39m [90m[2m(client)[22m[39m [32mhmr update [39m[2m/src/index.css, /src/components/sections/About.tsx[22m
[2m3:24:05 PM[22m [36m[1m[vite][22m[39m [90m[2m(client)[22m[39m [32mhmr update [39m[2m/src/index.css, /src/components/sections/About.tsx[22m
[2m3:28:33 PM[22m [36m[1m[vite][22m[39m [90m[2m(client)[22m[39m [32mhmr update [39m[2m/src/index.css, /src/components/sections/About.tsx[22m
[2m3:29:20 PM[22m [36m[1m[vite][22m[39m [90m[2m(client)[22m[39m [32mhmr update [39m[2m/src/index.css, /src/components/sections/About.tsx[22m
[2m3:32:13 PM[22m [36m[1m[vite][22m[39m [90m[2m(client)[22m[39m [32mhmr update [39m[2m/src/index.css, /src/components/sections/About.tsx[22m
[2m3:35:47 PM[22m [36m[1m[vite][22m[39m [90m[2m(client)[22m[39m [32mhmr update [39m[2m/src/index.css, /src/components/sections/About.tsx[22m
[2m3:35:49 PM[22m [36m[1m[vite][22m[39m [90m[2m(client)[22m[39m [32mhmr update [39m[2m/src/index.css, /src/components/sections/About.tsx[22m
[2m3:42:05 PM[22m [36m[1m[vite][22m[39m [90m[2m(client)[22m[39m [32mhmr update [39m[2m/src/index.css, /src/components/sections/About.tsx[22m
[2m3:42:05 PM[22m [36m[1m[vite][22m[39m [90m[2m(client)[22m[39m [32mhmr update [39m[2m/src/index.css, /src/components/sections/About.tsx[22m
[2m3:53:43 PM[22m [36m[1m[vite][22m[39m [90m[2m(client)[22m[39m [32mhmr update [39m[2m/src/index.css, /src/components/sections/About.tsx[22m
[2m3:54:23 PM[22m [36m[1m[vite][22m[39m [90m[2m(client)[22m[39m [32mhmr update [39m[2m/src/index.css, /src/components/sections/About.tsx[22m
[2m3:55:22 PM[22m [36m[1m[vite][22m[39m [90m[2m(client)[22m[39m [32mhmr update [39m[2m/src/index.css, /src/components/sections/About.tsx[22m
[2m3:55:26 PM[22m [36m[1m[vite][22m[39m [90m[2m(client)[22m[39m [32mhmr update [39m[2m/src/index.css, /src/components/sections/About.tsx[22m
[2m3:55:29 PM[22m [36m[1m[vite][22m[39m [90m[2m(client)[22m[39m [32mhmr update [39m[2m/src/index.css, /src/components/sections/About.tsx[22m
[2m3:55:30 PM[22m [36m[1m[vite][22m[39m [90m[2m(client)[22m[39m [32mhmr update [39m[2m/src/index.css, /src/components/sections/About.tsx[22m
[2m3:55:30 PM[22m [36m[1m[vite][22m[39m [90m[2m(client)[22m[39m [32mhmr update [39m[2m/src/index.css, /src/components/sections/About.tsx[22m
[2m3:59:08 PM[22m [36m[1m[vite][22m[39m [90m[2m(client)[22m[39m [32mhmr update [39m[2m/src/index.css, /src/components/sections/About.tsx[22m
[2m3:59:54 PM[22m [36m[1m[vite][22m[39m [90m[2m(client)[22m[39m [32mhmr update [39m[2m/src/index.css, /src/components/sections/About.tsx[22m
[2m4:00:11 PM[22m [36m[1m[vite][22m[39m [90m[2m(client)[22m[39m [32mhmr update [39m[2m/src/index.css, /src/components/sections/About.tsx[22m
[2m4:02:27 PM[22m [36m[1m[vite][22m[39m [90m[2m(client)[22m[39m [32mhmr update [39m[2m/src/index.css, /src/components/sections/About.tsx[22m
[2m4:05:33 PM[22m [36m[1m[vite][22m[39m [90m[2m(client)[22m[39m [32mhmr update [39m[2m/src/index.css, /src/components/sections/About.tsx[22m
[2m4:10:37 PM[22m [36m[1m[vite][22m[39m [90m[2m(client)[22m[39m [32mhmr update [39m[2m/src/index.css, /src/components/sections/About.tsx[22m
[2m4:19:32 PM[22m [36m[1m[vite][22m[39m [90m[2m(client)[22m[39m [32mhmr update [39m[2m/src/index.css, /src/components/sections/About.tsx[22m
[2m4:25:32 PM[22m [36m[1m[vite][22m[39m [90m[2m(client)[22m[39m [32mhmr update [39m[2m/src/index.css, /src/components/sections/About.tsx[22m
[2m4:32:07 PM[22m [36m[1m[vite][22m[39m [90m[2m(client)[22m[39m [32mhmr update [39m[2m/src/index.css, /src/components/sections/About.tsx[22m
[2m4:34:17 PM[22m [36m[1m[vite][22m[39m [90m[2m(client)[22m[39m [32mhmr update [39m[2m/src/index.css, /src/components/sections/About.tsx[22m
[2m4:35:34 PM[22m [36m[1m[vite][22m[39m [90m[2m(client)[22m[39m [32mhmr update [39m[2m/src/index.css, /src/components/sections/About.tsx[22m
[2m4:38:09 PM[22m [36m[1m[vite][22m[39m [90m[2m(client)[22m[39m [32mhmr update [39m[2m/src/index.css, /src/components/sections/About.tsx[22m
[2m4:44:58 PM[22m [36m[1m[vite][22m[39m [90m[2m(client)[22m[39m [32mhmr update [39m[2m/src/index.css, /src/components/sections/About.tsx[22m
[2m4:44:59 PM[22m [36m[1m[vite][22m[39m [90m[2m(client)[22m[39m [32mhmr update [39m[2m/src/index.css, /src/components/sections/About.tsx[22m
[2m4:44:59 PM[22m [36m[1m[vite][22m[39m [90m[2m(client)[22m[39m [32mhmr update [39m[2m/src/index.css, /src/components/sections/About.tsx[22m
[2m4:44:59 PM[22m [36m[1m[vite][22m[39m [90m[2m(client)[22m[39m [32mhmr update [39m[2m/src/index.css, /src/components/sections/About.tsx[22m
[2m4:45:30 PM[22m [36m[1m[vite][22m[39m [90m[2m(client)[22m[39m [32mhmr update [39m[2m/src/index.css, /src/components/sections/About.tsx[22m
[2m4:45:30 PM[22m [36m[1m[vite][22m[39m [90m[2m(client)[22m[39m [32mhmr update [39m[2m/src/index.css, /src/components/sections/About.tsx[22m
[2m4:46:01 PM[22m [36m[1m[vite][22m[39m [90m[2m(client)[22m[39m [32mhmr update [39m[2m/src/index.css, /src/components/sections/About.tsx[22m
[2m4:46:01 PM[22m [36m[1m[vite][22m[39m [90m[2m(client)[22m[39m [32mhmr update [39m[2m/src/index.css, /src/components/sections/About.tsx[22m
[2m4:46:02 PM[22m [36m[1m[vite][22m[39m [90m[2m(client)[22m[39m [32mhmr update [39m[2m/src/index.css, /src/components/sections/About.tsx[22m
[2m4:49:03 PM[22m [36m[1m[vite][22m[39m [90m[2m(client)[22m[39m [32mhmr update [39m[2m/src/index.css, /src/components/sections/About.tsx[22m
[2m4:49:03 PM[22m [36m[1m[vite][22m[39m [90m[2m(client)[22m[39m [32mhmr update [39m[2m/src/index.css, /src/components/sections/About.tsx[22m
[2m4:52:18 PM[22m [36m[1m[vite][22m[39m [90m[2m(client)[22m[39m [32mhmr update [39m[2m/src/index.css, /src/components/sections/About.tsx[22m
[2m4:52:18 PM[22m [36m[1m[vite][22m[39m [90m[2m(client)[22m[39m [32mhmr update [39m[2m/src/index.css, /src/components/sections/About.tsx[22m
[2m4:53:58 PM[22m [36m[1m[vite][22m[39m [90m[2m(client)[22m[39m [32mhmr update [39m[2m/src/index.css, /src/components/sections/About.tsx[22m
[2m4:53:58 PM[22m [36m[1m[vite][22m[39m [90m[2m(client)[22m[39m [32mhmr update [39m[2m/src/index.css, /src/components/sections/About.tsx[22m
[2m4:54:37 PM[22m [36m[1m[vite][22m[39m [90m[2m(client)[22m[39m [32mhmr update [39m[2m/src/index.css, /src/components/sections/About.tsx[22m
[2m4:54:39 PM[22m [36m[1m[vite][22m[39m [90m[2m(client)[22m[39m [32mhmr update [39m[2m/src/index.css, /src/components/sections/About.tsx[22m
[2m4:54:41 PM[22m [36m[1m[vite][22m[39m [90m[2m(client)[22m[39m [32mhmr update [39m[2m/src/index.css, /src/components/sections/About.tsx[22m
[2m4:54:42 PM[22m [36m[1m[vite][22m[39m [90m[2m(client)[22m[39m [32mhmr update [39m[2m/src/index.css, /src/pages/Home.tsx[22m
[2m4:54:42 PM[22m [36m[1m[vite][22m[39m [90m[2m(client)[22m[39m [32mhmr update [39m[2m/src/index.css, /src/components/sections/About.tsx[22m
[2m4:54:42 PM[22m [36m[1m[vite][22m[39m [90m[2m(client)[22m[39m [32mhmr update [39m[2m/src/index.css, /src/components/sections/About.tsx[22m
[2m4:57:19 PM[22m [36m[1m[vite][22m[39m [90m[2m(client)[22m[39m [32mhmr update [39m[2m/src/index.css, /src/components/sections/About.tsx[22m
[2m4:57:20 PM[22m [36m[1m[vite][22m[39m [90m[2m(client)[22m[39m [32mhmr update [39m[2m/src/index.css, /src/components/sections/About.tsx[22m
[2m4:57:20 PM[22m [36m[1m[vite][22m[39m [90m[2m(client)[22m[39m [32mhmr update [39m[2m/src/index.css, /src/components/sections/About.tsx[22m
[2m4:57:59 PM[22m [36m[1m[vite][22m[39m [90m[2m(client)[22m[39m [32mhmr update [39m[2m/src/index.css, /src/components/sections/About.tsx[22m
[2m4:58:01 PM[22m [36m[1m[vite][22m[39m [90m[2m(client)[22m[39m [32mhmr update [39m[2m/src/index.css, /src/components/sections/About.tsx[22m
[2m4:58:06 PM[22m [36m[1m[vite][22m[39m [90m[2m(client)[22m[39m [32mhmr update [39m[2m/src/index.css, /src/components/sections/About.tsx[22m
[2m4:58:07 PM[22m [36m[1m[vite][22m[39m [90m[2m(client)[22m[39m [32mhmr update [39m[2m/src/index.css, /src/components/sections/About.tsx[22m
[2m4:58:07 PM[22m [36m[1m[vite][22m[39m [90m[2m(client)[22m[39m [32mhmr update [39m[2m/src/index.css, /src/components/sections/About.tsx[22m
[2m4:58:18 PM[22m [36m[1m[vite][22m[39m [90m[2m(client)[22m[39m [32mhmr update [39m[2m/src/index.css, /src/components/sections/About.tsx[22m
[2m4:58:21 PM[22m [36m[1m[vite][22m[39m [90m[2m(client)[22m[39m [32mhmr update [39m[2m/src/index.css, /src/components/sections/About.tsx[22m
[2m4:58:28 PM[22m [36m[1m[vite][22m[39m [90m[2m(client)[22m[39m [32mhmr update [39m[2m/src/index.css, /src/components/sections/About.tsx[22m
[2m4:58:30 PM[22m [36m[1m[vite][22m[39m [90m[2m(client)[22m[39m [32mhmr update [39m[2m/src/index.css, /src/components/sections/About.tsx[22m
[2m4:58:38 PM[22m [36m[1m[vite][22m[39m [90m[2m(client)[22m[39m [32mhmr update [39m[2m/src/index.css, /src/components/sections/About.tsx[22m
[2m4:58:40 PM[22m [36m[1m[vite][22m[39m [90m[2m(client)[22m[39m [32mhmr update [39m[2m/src/index.css, /src/components/sections/About.tsx[22m
[2m4:58:41 PM[22m [36m[1m[vite][22m[39m [90m[2m(client)[22m[39m [32mhmr update [39m[2m/src/index.css, /src/components/sections/About.tsx[22m
[2m4:58:42 PM[22m [36m[1m[vite][22m[39m [90m[2m(client)[22m[39m [32mhmr update [39m[2m/src/index.css, /src/components/sections/About.tsx[22m
[2m4:58:44 PM[22m [36m[1m[vite][22m[39m [90m[2m(client)[22m[39m [32mhmr update [39m[2m/src/index.css, /src/components/sections/About.tsx[22m
[2m4:58:45 PM[22m [36m[1m[vite][22m[39m [90m[2m(client)[22m[39m [32mhmr update [39m[2m/src/index.css, /src/components/sections/About.tsx[22m
[2m4:58:46 PM[22m [36m[1m[vite][22m[39m [90m[2m(client)[22m[39m [32mhmr update [39m[2m/src/index.css, /src/components/sections/About.tsx[22m
[2m4:59:07 PM[22m [36m[1m[vite][22m[39m [90m[2m(client)[22m[39m [32mhmr update [39m[2m/src/index.css, /src/components/sections/About.tsx[22m
[2m4:59:09 PM[22m [36m[1m[vite][22m[39m [90m[2m(client)[22m[39m [32mhmr update [39m[2m/src/index.css, /src/components/sections/About.tsx[22m
[2m4:59:14 PM[22m [36m[1m[vite][22m[39m [90m[2m(client)[22m[39m [32mhmr update [39m[2m/src/index.css, /src/components/sections/About.tsx[22m
[2m4:59:17 PM[22m [36m[1m[vite][22m[39m [90m[2m(client)[22m[39m [32mhmr update [39m[2m/src/index.css, /src/components/sections/About.tsx[22m
[2m4:59:19 PM[22m [36m[1m[vite][22m[39m [90m[2m(client)[22m[39m [32mhmr update [39m[2m/src/index.css, /src/components/sections/About.tsx[22m
[2m4:59:22 PM[22m [36m[1m[vite][22m[39m [90m[2m(client)[22m[39m [32mhmr update [39m[2m/src/index.css, /src/components/sections/About.tsx[22m
[2m4:59:24 PM[22m [36m[1m[vite][22m[39m [90m[2m(client)[22m[39m [32mhmr update [39m[2m/src/index.css, /src/components/sections/About.tsx[22m
[2m4:59:25 PM[22m [36m[1m[vite][22m[39m [90m[2m(client)[22m[39m [32mhmr update [39m[2m/src/index.css, /src/components/sections/About.tsx[22m
[2m4:59:26 PM[22m [36m[1m[vite][22m[39m [90m[2m(client)[22m[39m [32mhmr update [39m[2m/src/index.css, /src/components/sections/About.tsx[22m
[2m4:59:28 PM[22m [36m[1m[vite][22m[39m [90m[2m(client)[22m[39m [32mhmr update [39m[2m/src/index.css, /src/components/sections/About.tsx[22m
[2m4:59:31 PM[22m [36m[1m[vite][22m[39m [90m[2m(client)[22m[39m [32mhmr update [39m[2m/src/index.css, /src/components/sections/About.tsx[22m
[2m4:59:34 PM[22m [36m[1m[vite][22m[39m [90m[2m(client)[22m[39m [32mhmr update [39m[2m/src/index.css, /src/components/sections/About.tsx[22m
[2m4:59:45 PM[22m [36m[1m[vite][22m[39m [90m[2m(client)[22m[39m [32mhmr update [39m[2m/src/index.css, /src/components/sections/About.tsx[22m
[2m4:59:47 PM[22m [36m[1m[vite][22m[39m [90m[2m(client)[22m[39m [32mhmr update [39m[2m/src/index.css, /src/components/sections/About.tsx[22m
[2m4:59:49 PM[22m [36m[1m[vite][22m[39m [90m[2m(client)[22m[39m [32mhmr update [39m[2m/src/index.css, /src/components/sections/About.tsx[22m
[2m4:59:49 PM[22m [36m[1m[vite][22m[39m [90m[2m(client)[22m[39m [32mhmr update [39m[2m/src/index.css, /src/components/sections/About.tsx[22m
[2m5:00:21 PM[22m [36m[1m[vite][22m[39m [90m[2m(client)[22m[39m [32mhmr update [39m[2m/src/index.css, /src/components/sections/About.tsx[22m
[2m5:00:25 PM[22m [36m[1m[vite][22m[39m [90m[2m(client)[22m[39m [32mhmr update [39m[2m/src/index.css, /src/components/sections/About.tsx[22m
[2m5:00:27 PM[22m [36m[1m[vite][22m[39m [90m[2m(client)[22m[39m [32mhmr update [39m[2m/src/index.css, /src/components/sections/About.tsx[22m
[2m5:00:27 PM[22m [36m[1m[vite][22m[39m [90m[2m(client)[22m[39m [32mhmr update [39m[2m/src/index.css, /src/components/sections/About.tsx[22m
[2m5:02:11 PM[22m [36m[1m[vite][22m[39m [90m[2m(client)[22m[39m [32mhmr update [39m[2m/src/index.css, /src/components/sections/About.tsx[22m
[2m5:03:11 PM[22m [36m[1m[vite][22m[39m [90m[2m(client)[22m[39m [32mhmr update [39m[2m/src/index.css, /src/components/sections/About.tsx[22m
[2m5:10:43 PM[22m [36m[1m[vite][22m[39m [90m[2m(client)[22m[39m [32mhmr update [39m[2m/src/index.css, /src/components/sections/About.tsx[22m
[2m5:10:43 PM[22m [36m[1m[vite][22m[39m [90m[2m(client)[22m[39m [32mhmr update [39m[2m/src/index.css, /src/components/sections/About.tsx[22m
[2m5:13:13 PM[22m [36m[1m[vite][22m[39m [90m[2m(client)[22m[39m [32mhmr update [39m[2m/src/index.css, /src/components/sections/About.tsx[22m
[2m5:14:21 PM[22m [36m[1m[vite][22m[39m [90m[2m(client)[22m[39m [32mhmr update [39m[2m/src/index.css, /src/components/sections/About.tsx[22m
[2m5:15:23 PM[22m [36m[1m[vite][22m[39m [90m[2m(client)[22m[39m [32mhmr update [39m[2m/src/index.css, /src/components/sections/About.tsx[22m
[2m5:16:05 PM[22m [36m[1m[vite][22m[39m [90m[2m(client)[22m[39m [32mhmr update [39m[2m/src/index.css, /src/components/sections/About.tsx[22m
[2m5:16:06 PM[22m [36m[1m[vite][22m[39m [90m[2m(client)[22m[39m [32mhmr update [39m[2m/src/index.css, /src/components/sections/About.tsx[22m
[2m5:16:10 PM[22m [36m[1m[vite][22m[39m [90m[2m(client)[22m[39m [32mhmr update [39m[2m/src/index.css, /src/components/sections/About.tsx[22m
[2m5:16:11 PM[22m [36m[1m[vite][22m[39m [90m[2m(client)[22m[39m [32mhmr update [39m[2m/src/index.css, /src/components/sections/About.tsx[22m
[2m5:16:13 PM[22m [36m[1m[vite][22m[39m [90m[2m(client)[22m[39m [32mhmr update [39m[2m/src/index.css, /src/components/sections/About.tsx[22m
[2m5:16:15 PM[22m [36m[1m[vite][22m[39m [90m[2m(client)[22m[39m [32mhmr update [39m[2m/src/index.css, /src/components/sections/About.tsx[22m
[2m5:16:23 PM[22m [36m[1m[vite][22m[39m [90m[2m(client)[22m[39m [32mhmr update [39m[2m/src/index.css, /src/components/sections/About.tsx[22m
[2m5:16:25 PM[22m [36m[1m[vite][22m[39m [90m[2m(client)[22m[39m [32mhmr update [39m[2m/src/index.css, /src/components/sections/About.tsx[22m
[2m5:16:27 PM[22m [36m[1m[vite][22m[39m [90m[2m(client)[22m[39m [32mhmr update [39m[2m/src/index.css, /src/components/sections/About.tsx[22m
[2m5:16:29 PM[22m [36m[1m[vite][22m[39m [90m[2m(client)[22m[39m [32mhmr update [39m[2m/src/index.css, /src/components/sections/About.tsx[22m
[2m5:17:10 PM[22m [36m[1m[vite][22m[39m [90m[2m(client)[22m[39m [32mhmr update [39m[2m/src/index.css, /src/components/sections/About.tsx[22m
[2m5:17:11 PM[22m [36m[1m[vite][22m[39m [90m[2m(client)[22m[39m [32mhmr update [39m[2m/src/index.css, /src/components/sections/About.tsx[22m
[2m5:17:22 PM[22m [36m[1m[vite][22m[39m [90m[2m(client)[22m[39m [32mhmr update [39m[2m/src/index.css, /src/components/sections/About.tsx[22m
[2m5:17:23 PM[22m [36m[1m[vite][22m[39m [90m[2m(client)[22m[39m [32mhmr update [39m[2m/src/index.css, /src/components/sections/About.tsx[22m
[2m5:18:42 PM[22m [36m[1m[vite][22m[39m [90m[2m(client)[22m[39m [32mhmr update [39m[2m/src/index.css, /src/components/sections/About.tsx[22m
[2m5:20:06 PM[22m [36m[1m[vite][22m[39m [90m[2m(client)[22m[39m [32mhmr update [39m[2m/src/index.css, /src/components/sections/About.tsx[22m
[2m5:21:08 PM[22m [36m[1m[vite][22m[39m [90m[2m(client)[22m[39m [32mhmr update [39m[2m/src/index.css, /src/components/sections/About.tsx[22m
[2m5:23:28 PM[22m [36m[1m[vite][22m[39m [90m[2m(client)[22m[39m [32mhmr update [39m[2m/src/index.css, /src/components/sections/About.tsx[22m
[2m5:31:09 PM[22m [36m[1m[vite][22m[39m [90m[2m(client)[22m[39m [32mhmr update [39m[2m/src/index.css, /src/components/sections/About.tsx[22m
[2m5:33:18 PM[22m [36m[1m[vite][22m[39m [90m[2m(client)[22m[39m [32mhmr update [39m[2m/src/index.css, /src/components/sections/About.tsx[22m
[2m5:34:33 PM[22m [36m[1m[vite][22m[39m [90m[2m(client)[22m[39m [32mhmr update [39m[2m/src/index.css, /src/components/sections/About.tsx[22m
[2m5:38:58 PM[22m [36m[1m[vite][22m[39m [90m[2m(client)[22m[39m [32mhmr update [39m[2m/src/index.css, /src/components/sections/About.tsx[22m
[2m5:40:59 PM[22m [36m[1m[vite][22m[39m [90m[2m(client)[22m[39m [32mhmr update [39m[2m/src/index.css, /src/components/sections/About.tsx[22m
[2m5:57:42 PM[22m [36m[1m[vite][22m[39m [90m[2m(client)[22m[39m [32mhmr update [39m[2m/src/index.css, /src/components/sections/About.tsx[22m
[2m6:04:11 PM[22m [36m[1m[vite][22m[39m [90m[2m(client)[22m[39m [32mhmr update [39m[2m/src/index.css, /src/components/sections/About.tsx[22m
[2m6:05:49 PM[22m [36m[1m[vite][22m[39m [90m[2m(client)[22m[39m [32mhmr update [39m[2m/src/index.css, /src/components/sections/About.tsx[22m
[2m6:07:33 PM[22m [36m[1m[vite][22m[39m [90m[2m(client)[22m[39m [32mhmr update [39m[2m/src/index.css, /src/components/sections/About.tsx[22m
[2m6:13:12 PM[22m [36m[1m[vite][22m[39m [90m[2m(client)[22m[39m [32mhmr update [39m[2m/src/index.css, /src/components/sections/About.tsx[22m
[2m6:19:02 PM[22m [36m[1m[vite][22m[39m [90m[2m(client)[22m[39m [32mhmr update [39m[2m/src/index.css, /src/components/sections/About.tsx[22m
[2m6:19:02 PM[22m [36m[1m[vite][22m[39m [90m[2m(client)[22m[39m [32mhmr update [39m[2m/src/index.css, /src/components/sections/About.tsx[22m
[2m6:21:13 PM[22m [36m[1m[vite][22m[39m [90m[2m(client)[22m[39m [32mhmr update [39m[2m/src/index.css, /src/components/sections/About.tsx[22m
[2m6:21:14 PM[22m [36m[1m[vite][22m[39m [90m[2m(client)[22m[39m [32mhmr update [39m[2m/src/index.css, /src/components/sections/About.tsx[22m
[2m6:21:14 PM[22m [36m[1m[vite][22m[39m [90m[2m(client)[22m[39m [32mhmr update [39m[2m/src/index.css, /src/components/sections/About.tsx[22m
[2m6:23:24 PM[22m [36m[1m[vite][22m[39m [90m[2m(client)[22m[39m [32mhmr update [39m[2m/src/index.css, /src/components/sections/About.tsx[22m
[2m6:23:24 PM[22m [36m[1m[vite][22m[39m [90m[2m(client)[22m[39m [32mhmr update [39m[2m/src/index.css, /src/components/sections/About.tsx[22m
[2m6:23:24 PM[22m [36m[1m[vite][22m[39m [90m[2m(client)[22m[39m [32mhmr update [39m[2m/src/index.css, /src/components/sections/About.tsx[22m
[2m6:30:51 PM[22m [36m[1m[vite][22m[39m [90m[2m(client)[22m[39m [32mhmr update [39m[2m/src/index.css, /src/components/sections/About.tsx[22m
[2m6:30:51 PM[22m [36m[1m[vite][22m[39m [90m[2m(client)[22m[39m [32mhmr update [39m[2m/src/index.css, /src/components/sections/About.tsx[22m
[2m6:37:45 PM[22m [36m[1m[vite][22m[39m [90m[2m(client)[22m[39m [32mhmr update [39m[2m/src/index.css, /src/components/sections/About.tsx[22m
[2m6:42:51 PM[22m [36m[1m[vite][22m[39m [90m[2m(client)[22m[39m [32mhmr update [39m[2m/src/index.css, /src/components/sections/About.tsx[22m
[2m6:43:11 PM[22m [36m[1m[vite][22m[39m [90m[2m(client)[22m[39m [32mhmr update [39m[2m/src/index.css, /src/components/three/CameraGimbalScene.tsx[22m
[2m6:47:43 PM[22m [36m[1m[vite][22m[39m [90m[2m(client)[22m[39m [32mhmr update [39m[2m/src/index.css, /src/components/sections/About.tsx[22m
[2m6:49:24 PM[22m [36m[1m[vite][22m[39m [90m[2m(client)[22m[39m [32mhmr update [39m[2m/src/index.css, /src/components/sections/About.tsx[22m
[2m6:57:37 PM[22m [36m[1m[vite][22m[39m [90m[2m(client)[22m[39m [32mhmr update [39m[2m/src/index.css, /src/components/sections/Partners.tsx, /src/components/sections/BehindTheLens.tsx, /src/components/sections/Community.tsx, /src/components/sections/Hero.tsx, /src/components/sections/Gallery.tsx, /src/components/sections/Navbar.tsx, /src/components/sections/Contact.tsx, /src/components/sections/Footer.tsx, /src/components/sections/Services.tsx[22m
[2m6:57:41 PM[22m [36m[1m[vite][22m[39m [90m[2m(client)[22m[39m [32mhmr update [39m[2m/src/index.css, /src/components/sections/Partners.tsx, /src/components/sections/BehindTheLens.tsx, /src/components/sections/Community.tsx, /src/components/sections/Hero.tsx, /src/components/sections/Gallery.tsx, /src/components/sections/Navbar.tsx, /src/components/sections/Contact.tsx, /src/components/sections/Footer.tsx, /src/components/sections/Services.tsx[22m
[2m6:57:45 PM[22m [36m[1m[vite][22m[39m [90m[2m(client)[22m[39m [32mhmr update [39m[2m/src/index.css, /src/components/sections/Partners.tsx, /src/components/sections/BehindTheLens.tsx, /src/components/sections/Community.tsx, /src/components/sections/Hero.tsx, /src/components/sections/Gallery.tsx, /src/components/sections/Navbar.tsx, /src/components/sections/Contact.tsx, /src/components/sections/Footer.tsx, /src/components/sections/Services.tsx[22m
[2m6:57:47 PM[22m [36m[1m[vite][22m[39m [90m[2m(client)[22m[39m [32mhmr update [39m[2m/src/index.css, /src/components/sections/Partners.tsx, /src/components/sections/BehindTheLens.tsx, /src/components/sections/Community.tsx, /src/components/sections/Hero.tsx, /src/components/sections/Gallery.tsx, /src/components/sections/Navbar.tsx, /src/components/sections/Contact.tsx, /src/components/sections/Footer.tsx, /src/components/sections/Services.tsx[22m
[2m6:57:52 PM[22m [36m[1m[vite][22m[39m [90m[2m(client)[22m[39m [32mhmr update [39m[2m/src/index.css, /src/components/sections/Partners.tsx, /src/components/sections/BehindTheLens.tsx, /src/components/sections/Community.tsx, /src/components/sections/Hero.tsx, /src/components/sections/Gallery.tsx, /src/components/sections/Navbar.tsx, /src/components/sections/Contact.tsx, /src/components/sections/Footer.tsx, /src/components/sections/Services.tsx[22m
[2m6:57:54 PM[22m [36m[1m[vite][22m[39m [90m[2m(client)[22m[39m [32mhmr update [39m[2m/src/index.css, /src/components/sections/Partners.tsx, /src/components/sections/BehindTheLens.tsx, /src/components/sections/Community.tsx, /src/components/sections/Hero.tsx, /src/components/sections/Gallery.tsx, /src/components/sections/Navbar.tsx, /src/components/sections/Contact.tsx, /src/components/sections/Footer.tsx, /src/components/sections/Services.tsx[22m
[2m6:58:00 PM[22m [36m[1m[vite][22m[39m [90m[2m(client)[22m[39m [32mhmr update [39m[2m/src/index.css, /src/components/sections/Partners.tsx, /src/components/sections/BehindTheLens.tsx, /src/components/sections/Community.tsx, /src/components/sections/Hero.tsx, /src/components/sections/Gallery.tsx, /src/components/sections/Navbar.tsx, /src/components/sections/Contact.tsx, /src/components/sections/Footer.tsx, /src/components/sections/Services.tsx[22m
[2m6:58:01 PM[22m [36m[1m[vite][22m[39m [90m[2m(client)[22m[39m [32mhmr update [39m[2m/src/index.css, /src/components/sections/Partners.tsx, /src/components/sections/BehindTheLens.tsx, /src/components/sections/Community.tsx, /src/components/sections/Hero.tsx, /src/components/sections/Gallery.tsx, /src/components/sections/Navbar.tsx, /src/components/sections/Contact.tsx, /src/components/sections/Footer.tsx, /src/components/sections/Services.tsx[22m
[2m6:58:05 PM[22m [36m[1m[vite][22m[39m [90m[2m(client)[22m[39m [32mhmr update [39m[2m/src/index.css, /src/components/sections/Partners.tsx, /src/components/sections/BehindTheLens.tsx, /src/components/sections/Community.tsx, /src/components/sections/Hero.tsx, /src/components/sections/Gallery.tsx, /src/components/sections/Navbar.tsx, /src/components/sections/Contact.tsx, /src/components/sections/Footer.tsx, /src/components/sections/Services.tsx[22m
[2m6:58:10 PM[22m [36m[1m[vite][22m[39m [90m[2m(client)[22m[39m [32mhmr update [39m[2m/src/index.css, /src/components/sections/Partners.tsx, /src/components/sections/BehindTheLens.tsx, /src/components/sections/Community.tsx, /src/components/sections/Hero.tsx, /src/components/sections/Gallery.tsx, /src/components/sections/Navbar.tsx, /src/components/sections/Contact.tsx, /src/components/sections/Footer.tsx, /src/components/sections/Services.tsx[22m
[2m6:58:19 PM[22m [36m[1m[vite][22m[39m [90m[2m(client)[22m[39m [32mhmr update [39m[2m/src/index.css, /src/components/sections/Partners.tsx, /src/components/sections/BehindTheLens.tsx, /src/components/sections/Community.tsx, /src/components/sections/Hero.tsx, /src/components/sections/Gallery.tsx, /src/components/sections/Navbar.tsx, /src/components/sections/Contact.tsx, /src/components/sections/Footer.tsx, /src/components/sections/Services.tsx[22m
[2m6:58:23 PM[22m [36m[1m[vite][22m[39m [90m[2m(client)[22m[39m [32mhmr update [39m[2m/src/index.css, /src/components/sections/Partners.tsx, /src/components/sections/BehindTheLens.tsx, /src/components/sections/Community.tsx, /src/components/sections/Hero.tsx, /src/components/sections/Gallery.tsx, /src/components/sections/Navbar.tsx, /src/components/sections/Contact.tsx, /src/components/sections/Footer.tsx, /src/components/sections/Services.tsx[22m
[2m6:58:31 PM[22m [36m[1m[vite][22m[39m [90m[2m(client)[22m[39m [32mhmr update [39m[2m/src/index.css, /src/components/sections/Partners.tsx, /src/components/sections/BehindTheLens.tsx, /src/components/sections/Community.tsx, /src/components/sections/Hero.tsx, /src/components/sections/Gallery.tsx, /src/components/sections/Navbar.tsx, /src/components/sections/Contact.tsx, /src/components/sections/Footer.tsx, /src/components/sections/Services.tsx[22m
[2m6:58:33 PM[22m [36m[1m[vite][22m[39m [90m[2m(client)[22m[39m [32mhmr update [39m[2m/src/index.css, /src/components/sections/Partners.tsx, /src/components/sections/BehindTheLens.tsx, /src/components/sections/Community.tsx, /src/components/sections/Hero.tsx, /src/components/sections/Gallery.tsx, /src/components/sections/Navbar.tsx, /src/components/sections/Contact.tsx, /src/components/sections/Footer.tsx, /src/components/sections/Services.tsx[22m
[2m6:58:40 PM[22m [36m[1m[vite][22m[39m [90m[2m(client)[22m[39m [32mhmr update [39m[2m/src/index.css, /src/components/sections/Partners.tsx, /src/components/sections/BehindTheLens.tsx, /src/components/sections/Community.tsx, /src/components/sections/Hero.tsx, /src/components/sections/Gallery.tsx, /src/components/sections/Navbar.tsx, /src/components/sections/Contact.tsx, /src/components/sections/Footer.tsx, /src/components/sections/Services.tsx[22m
[2m6:58:44 PM[22m [36m[1m[vite][22m[39m [90m[2m(client)[22m[39m [32mhmr update [39m[2m/src/index.css, /src/components/sections/Partners.tsx, /src/components/sections/BehindTheLens.tsx, /src/components/sections/Community.tsx, /src/components/sections/Hero.tsx, /src/components/sections/Gallery.tsx, /src/components/sections/Navbar.tsx, /src/components/sections/Contact.tsx, /src/components/sections/Footer.tsx, /src/components/sections/Services.tsx[22m
[2m6:58:46 PM[22m [36m[1m[vite][22m[39m [90m[2m(client)[22m[39m [32mhmr update [39m[2m/src/index.css, /src/components/sections/Partners.tsx, /src/components/sections/BehindTheLens.tsx, /src/components/sections/Community.tsx, /src/components/sections/Hero.tsx, /src/components/sections/Gallery.tsx, /src/components/sections/Navbar.tsx, /src/components/sections/Contact.tsx, /src/components/sections/Footer.tsx, /src/components/sections/Services.tsx[22m
[2m6:58:49 PM[22m [36m[1m[vite][22m[39m [90m[2m(client)[22m[39m [32mhmr update [39m[2m/src/index.css, /src/components/sections/Partners.tsx, /src/components/sections/BehindTheLens.tsx, /src/components/sections/Community.tsx, /src/components/sections/Hero.tsx, /src/components/sections/Gallery.tsx, /src/components/sections/Navbar.tsx, /src/components/sections/Contact.tsx, /src/components/sections/Footer.tsx, /src/components/sections/Services.tsx[22m
[2m6:59:32 PM[22m [36m[1m[vite][22m[39m [90m[2m(client)[22m[39m [32mhmr update [39m[2m/src/index.css, /src/components/sections/Partners.tsx, /src/components/sections/BehindTheLens.tsx, /src/components/sections/Community.tsx, /src/components/sections/Hero.tsx, /src/components/sections/Gallery.tsx, /src/components/sections/Navbar.tsx, /src/components/sections/Contact.tsx, /src/components/sections/Footer.tsx, /src/components/sections/Services.tsx[22m
[2m6:59:36 PM[22m [36m[1m[vite][22m[39m [90m[2m(client)[22m[39m [32mhmr update [39m[2m/src/index.css, /src/components/sections/Partners.tsx, /src/components/sections/BehindTheLens.tsx, /src/components/sections/Community.tsx, /src/components/sections/Hero.tsx, /src/components/sections/Gallery.tsx, /src/components/sections/Navbar.tsx, /src/components/sections/Contact.tsx, /src/components/sections/Footer.tsx, /src/components/sections/Services.tsx[22m
[2m6:59:42 PM[22m [36m[1m[vite][22m[39m [90m[2m(client)[22m[39m [32mhmr update [39m[2m/src/index.css, /src/components/sections/Partners.tsx, /src/components/sections/BehindTheLens.tsx, /src/components/sections/Community.tsx, /src/components/sections/Hero.tsx, /src/components/sections/Gallery.tsx, /src/components/sections/Navbar.tsx, /src/components/sections/Contact.tsx, /src/components/sections/Footer.tsx, /src/components/sections/Services.tsx[22m
[2m6:59:46 PM[22m [36m[1m[vite][22m[39m [90m[2m(client)[22m[39m [32mhmr update [39m[2m/src/index.css, /src/components/sections/Partners.tsx, /src/components/sections/BehindTheLens.tsx, /src/components/sections/Community.tsx, /src/components/sections/Hero.tsx, /src/components/sections/Gallery.tsx, /src/components/sections/Navbar.tsx, /src/components/sections/Contact.tsx, /src/components/sections/Footer.tsx, /src/components/sections/Services.tsx[22m
[2m6:59:49 PM[22m [36m[1m[vite][22m[39m [90m[2m(client)[22m[39m [32mhmr update [39m[2m/src/index.css, /src/components/sections/Partners.tsx, /src/components/sections/BehindTheLens.tsx, /src/components/sections/Community.tsx, /src/components/sections/Hero.tsx, /src/components/sections/Gallery.tsx, /src/components/sections/Navbar.tsx, /src/components/sections/Contact.tsx, /src/components/sections/Footer.tsx, /src/components/sections/Services.tsx[22m
[2m6:59:53 PM[22m [36m[1m[vite][22m[39m [90m[2m(client)[22m[39m [32mhmr update [39m[2m/src/index.css, /src/components/sections/Partners.tsx, /src/components/sections/BehindTheLens.tsx, /src/components/sections/Community.tsx, /src/components/sections/Hero.tsx, /src/components/sections/Gallery.tsx, /src/components/sections/Navbar.tsx, /src/components/sections/Contact.tsx, /src/components/sections/Footer.tsx, /src/components/sections/Services.tsx[22m
[2m6:59:57 PM[22m [36m[1m[vite][22m[39m [90m[2m(client)[22m[39m [32mhmr update [39m[2m/src/index.css, /src/components/sections/Partners.tsx, /src/components/sections/BehindTheLens.tsx, /src/components/sections/Community.tsx, /src/components/sections/Hero.tsx, /src/components/sections/Gallery.tsx, /src/components/sections/Navbar.tsx, /src/components/sections/Contact.tsx, /src/components/sections/Footer.tsx, /src/components/sections/Services.tsx[22m
[2m7:00:11 PM[22m [36m[1m[vite][22m[39m [90m[2m(client)[22m[39m [32mhmr update [39m[2m/src/index.css, /src/components/sections/Partners.tsx, /src/components/sections/BehindTheLens.tsx, /src/components/sections/Community.tsx, /src/components/sections/Hero.tsx, /src/components/sections/Gallery.tsx, /src/components/sections/Navbar.tsx, /src/components/sections/Contact.tsx, /src/components/sections/Footer.tsx, /src/components/sections/Services.tsx[22m
[2m7:00:17 PM[22m [36m[1m[vite][22m[39m [90m[2m(client)[22m[39m [32mhmr update [39m[2m/src/index.css, /src/components/sections/Partners.tsx, /src/components/sections/BehindTheLens.tsx, /src/components/sections/Community.tsx, /src/components/sections/Hero.tsx, /src/components/sections/Gallery.tsx, /src/components/sections/Navbar.tsx, /src/components/sections/Contact.tsx, /src/components/sections/Footer.tsx, /src/components/sections/Services.tsx[22m
[2m7:00:25 PM[22m [36m[1m[vite][22m[39m [90m[2m(client)[22m[39m [32mhmr update [39m[2m/src/index.css, /src/components/sections/Partners.tsx, /src/components/sections/BehindTheLens.tsx, /src/components/sections/Community.tsx, /src/components/sections/Hero.tsx, /src/components/sections/Gallery.tsx, /src/components/sections/Navbar.tsx, /src/components/sections/Contact.tsx, /src/components/sections/Footer.tsx, /src/components/sections/Services.tsx[22m
[2m7:00:27 PM[22m [36m[1m[vite][22m[39m [90m[2m(client)[22m[39m [32mhmr update [39m[2m/src/index.css, /src/components/sections/Partners.tsx, /src/components/sections/BehindTheLens.tsx, /src/components/sections/Community.tsx, /src/components/sections/Hero.tsx, /src/components/sections/Gallery.tsx, /src/components/sections/Navbar.tsx, /src/components/sections/Contact.tsx, /src/components/sections/Footer.tsx, /src/components/sections/Services.tsx[22m
[2m7:00:31 PM[22m [36m[1m[vite][22m[39m [90m[2m(client)[22m[39m [32mhmr update [39m[2m/src/index.css, /src/components/sections/Partners.tsx, /src/components/sections/BehindTheLens.tsx, /src/components/sections/Community.tsx, /src/components/sections/Hero.tsx, /src/components/sections/Gallery.tsx, /src/components/sections/Navbar.tsx, /src/components/sections/Contact.tsx, /src/components/sections/Footer.tsx, /src/components/sections/Services.tsx[22m
[2m7:00:31 PM[22m [36m[1m[vite][22m[39m [90m[2m(client)[22m[39m [32mhmr update [39m[2m/src/index.css, /src/components/sections/Partners.tsx, /src/components/sections/BehindTheLens.tsx, /src/components/sections/Community.tsx, /src/components/sections/Hero.tsx, /src/components/sections/Gallery.tsx, /src/components/sections/Navbar.tsx, /src/components/sections/Contact.tsx, /src/components/sections/Footer.tsx, /src/components/sections/Services.tsx[22m
[2m7:00:58 PM[22m [36m[1m[vite][22m[39m [90m[2m(client)[22m[39m [32mhmr update [39m[2m/src/index.css, /src/components/sections/Partners.tsx, /src/components/sections/BehindTheLens.tsx, /src/components/sections/Community.tsx, /src/components/sections/Hero.tsx, /src/components/sections/Gallery.tsx, /src/components/sections/Navbar.tsx, /src/components/sections/Contact.tsx, /src/components/sections/Footer.tsx, /src/components/sections/Services.tsx[22m
[2m7:01:05 PM[22m [36m[1m[vite][22m[39m [90m[2m(client)[22m[39m [32mhmr update [39m[2m/src/index.css, /src/components/sections/Partners.tsx, /src/components/sections/BehindTheLens.tsx, /src/components/sections/Community.tsx, /src/components/sections/Hero.tsx, /src/components/sections/Gallery.tsx, /src/components/sections/Navbar.tsx, /src/components/sections/Contact.tsx, /src/components/sections/Footer.tsx, /src/components/sections/Services.tsx[22m
[2m7:01:09 PM[22m [36m[1m[vite][22m[39m [90m[2m(client)[22m[39m [32mhmr update [39m[2m/src/index.css, /src/components/sections/Partners.tsx, /src/components/sections/BehindTheLens.tsx, /src/components/sections/Community.tsx, /src/components/sections/Hero.tsx, /src/components/sections/Gallery.tsx, /src/components/sections/Navbar.tsx, /src/components/sections/Contact.tsx, /src/components/sections/Footer.tsx, /src/components/sections/Services.tsx[22m
[2m7:01:18 PM[22m [36m[1m[vite][22m[39m [90m[2m(client)[22m[39m [32mhmr update [39m[2m/src/index.css, /src/components/sections/Partners.tsx, /src/components/sections/BehindTheLens.tsx, /src/components/sections/Community.tsx, /src/components/sections/Hero.tsx, /src/components/sections/Gallery.tsx, /src/components/sections/Navbar.tsx, /src/components/sections/Contact.tsx, /src/components/sections/Footer.tsx, /src/components/sections/Services.tsx[22m
[2m7:01:22 PM[22m [36m[1m[vite][22m[39m [90m[2m(client)[22m[39m [32mhmr update [39m[2m/src/index.css, /src/components/sections/Partners.tsx, /src/components/sections/BehindTheLens.tsx, /src/components/sections/Community.tsx, /src/components/sections/Hero.tsx, /src/components/sections/Gallery.tsx, /src/components/sections/Navbar.tsx, /src/components/sections/Contact.tsx, /src/components/sections/Footer.tsx, /src/components/sections/Services.tsx[22m
[2m7:01:26 PM[22m [36m[1m[vite][22m[39m [90m[2m(client)[22m[39m [32mhmr update [39m[2m/src/index.css, /src/components/sections/Partners.tsx, /src/components/sections/BehindTheLens.tsx, /src/components/sections/Community.tsx, /src/components/sections/Hero.tsx, /src/components/sections/Gallery.tsx, /src/components/sections/Navbar.tsx, /src/components/sections/Contact.tsx, /src/components/sections/Footer.tsx, /src/components/sections/Services.tsx[22m
[2m7:01:32 PM[22m [36m[1m[vite][22m[39m [90m[2m(client)[22m[39m [32mhmr update [39m[2m/src/index.css, /src/components/sections/Partners.tsx, /src/components/sections/BehindTheLens.tsx, /src/components/sections/Community.tsx, /src/components/sections/Hero.tsx, /src/components/sections/Gallery.tsx, /src/components/sections/Navbar.tsx, /src/components/sections/Contact.tsx, /src/components/sections/Footer.tsx, /src/components/sections/Services.tsx[22m
[2m7:01:38 PM[22m [36m[1m[vite][22m[39m [90m[2m(client)[22m[39m [32mhmr update [39m[2m/src/index.css, /src/components/sections/Partners.tsx, /src/components/sections/BehindTheLens.tsx, /src/components/sections/Community.tsx, /src/components/sections/Hero.tsx, /src/components/sections/Gallery.tsx, /src/components/sections/Navbar.tsx, /src/components/sections/Contact.tsx, /src/components/sections/Footer.tsx, /src/components/sections/Services.tsx[22m
[2m7:01:41 PM[22m [36m[1m[vite][22m[39m [90m[2m(client)[22m[39m [32mhmr update [39m[2m/src/index.css, /src/components/sections/Partners.tsx, /src/components/sections/BehindTheLens.tsx, /src/components/sections/Community.tsx, /src/components/sections/Hero.tsx, /src/components/sections/Gallery.tsx, /src/components/sections/Navbar.tsx, /src/components/sections/Contact.tsx, /src/components/sections/Footer.tsx, /src/components/sections/Services.tsx[22m
[2m7:01:44 PM[22m [36m[1m[vite][22m[39m [90m[2m(client)[22m[39m [32mhmr update [39m[2m/src/index.css, /src/components/sections/Partners.tsx, /src/components/sections/BehindTheLens.tsx, /src/components/sections/Community.tsx, /src/components/sections/Hero.tsx, /src/components/sections/Gallery.tsx, /src/components/sections/Navbar.tsx, /src/components/sections/Contact.tsx, /src/components/sections/Footer.tsx, /src/components/sections/Services.tsx[22m
[2m7:01:45 PM[22m [36m[1m[vite][22m[39m [90m[2m(client)[22m[39m [32mhmr update [39m[2m/src/index.css, /src/components/sections/Partners.tsx, /src/components/sections/BehindTheLens.tsx, /src/components/sections/Community.tsx, /src/components/sections/Hero.tsx, /src/components/sections/Gallery.tsx, /src/components/sections/Navbar.tsx, /src/components/sections/Contact.tsx, /src/components/sections/Footer.tsx, /src/components/sections/Services.tsx[22m
[2m7:01:47 PM[22m [36m[1m[vite][22m[39m [90m[2m(client)[22m[39m [32mhmr update [39m[2m/src/index.css, /src/components/sections/Partners.tsx, /src/components/sections/BehindTheLens.tsx, /src/components/sections/Community.tsx, /src/components/sections/Hero.tsx, /src/components/sections/Gallery.tsx, /src/components/sections/Navbar.tsx, /src/components/sections/Contact.tsx, /src/components/sections/Footer.tsx, /src/components/sections/Services.tsx[22m
[2m7:03:33 PM[22m [36m[1m[vite][22m[39m [90m[2m(client)[22m[39m [32mhmr update [39m[2m/src/index.css, /src/components/sections/Contact.tsx[22m
[2m7:03:51 PM[22m [36m[1m[vite][22m[39m [90m[2m(client)[22m[39m [32mhmr update [39m[2m/src/index.css, /src/components/sections/Contact.tsx[22m
[2m7:03:53 PM[22m [36m[1m[vite][22m[39m [90m[2m(client)[22m[39m [32mhmr update [39m[2m/src/index.css, /src/components/sections/Contact.tsx[22m
[2m7:04:13 PM[22m [36m[1m[vite][22m[39m [90m[2m(client)[22m[39m [32mhmr update [39m[2m/src/index.css, /src/components/sections/Contact.tsx[22m
[2m7:04:14 PM[22m [36m[1m[vite][22m[39m [90m[2m(client)[22m[39m [32mhmr update [39m[2m/src/index.css, /src/components/sections/Contact.tsx[22m
[2m7:04:22 PM[22m [36m[1m[vite][22m[39m [90m[2m(client)[22m[39m [32mhmr update [39m[2m/src/index.css, /src/components/sections/Contact.tsx[22m
[2m7:04:30 PM[22m [36m[1m[vite][22m[39m [90m[2m(client)[22m[39m [32mhmr update [39m[2m/src/index.css, /src/components/sections/Contact.tsx[22m
[2m7:04:37 PM[22m [36m[1m[vite][22m[39m [90m[2m(client)[22m[39m [32mhmr update [39m[2m/src/index.css, /src/components/sections/Contact.tsx[22m
[2m7:04:45 PM[22m [36m[1m[vite][22m[39m [90m[2m(client)[22m[39m [32mhmr update [39m[2m/src/index.css, /src/components/sections/Contact.tsx[22m
[2m7:05:06 PM[22m [36m[1m[vite][22m[39m [90m[2m(client)[22m[39m [32mhmr update [39m[2m/src/index.css, /src/components/sections/Contact.tsx[22m
[2m7:05:07 PM[22m [36m[1m[vite][22m[39m [90m[2m(client)[22m[39m [32mhmr update [39m[2m/src/index.css, /src/components/sections/Contact.tsx[22m
[2m7:05:18 PM[22m [36m[1m[vite][22m[39m [90m[2m(client)[22m[39m [32mhmr update [39m[2m/src/index.css, /src/components/sections/Contact.tsx[22m
[2m7:05:22 PM[22m [36m[1m[vite][22m[39m [90m[2m(client)[22m[39m [32mhmr update [39m[2m/src/index.css, /src/components/sections/Contact.tsx[22m
[2m7:05:23 PM[22m [36m[1m[vite][22m[39m [90m[2m(client)[22m[39m [32mhmr update [39m[2m/src/index.css, /src/components/sections/Contact.tsx[22m
[2m7:05:26 PM[22m [36m[1m[vite][22m[39m [90m[2m(client)[22m[39m [32mhmr update [39m[2m/src/index.css, /src/components/sections/Contact.tsx[22m
[2m7:05:34 PM[22m [36m[1m[vite][22m[39m [90m[2m(client)[22m[39m [32mhmr update [39m[2m/src/index.css, /src/components/sections/Contact.tsx[22m
[2m7:06:16 PM[22m [36m[1m[vite][22m[39m [90m[2m(client)[22m[39m [32mhmr update [39m[2m/src/index.css, /src/components/sections/Contact.tsx[22m
[2m7:11:50 PM[22m [36m[1m[vite][22m[39m [90m[2m(client)[22m[39m [32mhmr update [39m[2m/src/index.css, /src/components/sections/About.tsx[22m
[2m7:15:35 PM[22m [36m[1m[vite][22m[39m [90m[2m(client)[22m[39m [32mhmr update [39m[2m/src/index.css, /src/components/sections/Contact.tsx[22m
[2m7:24:35 PM[22m [36m[1m[vite][22m[39m [90m[2m(client)[22m[39m [32mhmr update [39m[2m/src/index.css[22m
[2m7:28:35 PM[22m [36m[1m[vite][22m[39m [90m[2m(client)[22m[39m [32mhmr update [39m[2m/src/index.css[22m
[2m7:31:54 PM[22m [36m[1m[vite][22m[39m [90m[2m(client)[22m[39m [32mhmr update [39m[2m/src/index.css[22m
[2m7:34:12 PM[22m [36m[1m[vite][22m[39m [90m[2m(client)[22m[39m [32mhmr update [39m[2m/src/index.css[22m
[2m7:34:59 PM[22m [36m[1m[vite][22m[39m [90m[2m(client)[22m[39m [32mhmr update [39m[2m/src/index.css, /src/components/sections/Films.tsx[22m
[2m7:35:12 PM[22m [36m[1m[vite][22m[39m [90m[2m(client)[22m[39m [32mhmr update [39m[2m/src/index.css[22m
[2m7:35:47 PM[22m [36m[1m[vite][22m[39m [90m[2m(client)[22m[39m [32mhmr update [39m[2m/src/index.css[22m
[2m7:36:25 PM[22m [36m[1m[vite][22m[39m [90m[2m(client)[22m[39m [32mhmr update [39m[2m/src/index.css[22m
[2m7:37:03 PM[22m [36m[1m[vite][22m[39m [90m[2m(client)[22m[39m [32mhmr update [39m[2m/src/index.css[22m
[2m7:37:46 PM[22m [36m[1m[vite][22m[39m [90m[2m(client)[22m[39m [32mhmr update [39m[2m/src/index.css[22m
[2m7:38:35 PM[22m [36m[1m[vite][22m[39m [90m[2m(client)[22m[39m [32mhmr update [39m[2m/src/index.css, /src/components/sections/Films.tsx[22m
[2m7:38:50 PM[22m [36m[1m[vite][22m[39m [90m[2m(client)[22m[39m [32mhmr update [39m[2m/src/index.css[22m
[2m9:34:04 PM[22m [36m[1m[vite][22m[39m [90m[2m(client)[22m[39m [32mhmr update [39m[2m/src/index.css, /src/components/sections/About.tsx[22m
[2m9:35:49 PM[22m [36m[1m[vite][22m[39m [90m[2m(client)[22m[39m [32mhmr update [39m[2m/src/index.css, /src/components/sections/About.tsx[22m
[2m9:37:23 PM[22m [36m[1m[vite][22m[39m [90m[2m(client)[22m[39m [32mhmr update [39m[2m/src/index.css, /src/components/sections/About.tsx[22m
[2m9:39:45 PM[22m [36m[1m[vite][22m[39m [90m[2m(client)[22m[39m [32mhmr update [39m[2m/src/index.css, /src/components/sections/About.tsx[22m
[2m9:39:46 PM[22m [36m[1m[vite][22m[39m [90m[2m(client)[22m[39m [32mhmr update [39m[2m/src/index.css, /src/components/sections/About.tsx[22m
[2m9:41:00 PM[22m [36m[1m[vite][22m[39m [90m[2m(client)[22m[39m [32mhmr update [39m[2m/src/index.css, /src/components/sections/About.tsx[22m
[2m9:45:58 PM[22m [36m[1m[vite][22m[39m [90m[2m(client)[22m[39m [32mhmr update [39m[2m/src/index.css, /src/components/sections/About.tsx[22m
[2m9:48:24 PM[22m [36m[1m[vite][22m[39m [90m[2m(client)[22m[39m [32mhmr update [39m[2m/src/index.css, /src/components/sections/About.tsx[22m
[2m9:51:25 PM[22m [36m[1m[vite][22m[39m [90m[2m(client)[22m[39m [32mhmr update [39m[2m/src/index.css, /src/components/sections/About.tsx[22m
[2m9:55:33 PM[22m [36m[1m[vite][22m[39m [90m[2m(client)[22m[39m [32mhmr update [39m[2m/src/index.css, /src/components/sections/About.tsx[22m
[2m9:57:46 PM[22m [36m[1m[vite][22m[39m [90m[2m(client)[22m[39m [32mhmr update [39m[2m/src/index.css, /src/components/sections/About.tsx[22m
[2m10:00:52 PM[22m [36m[1m[vite][22m[39m [90m[2m(client)[22m[39m [32mhmr update [39m[2m/src/index.css, /src/components/sections/About.tsx[22m
[2m10:37:13 PM[22m [36m[1m[vite][22m[39m [90m[2m(client)[22m[39m [32mhmr update [39m[2m/src/index.css, /src/components/sections/About.tsx[22m
[2m10:38:15 PM[22m [36m[1m[vite][22m[39m [90m[2m(client)[22m[39m [32mhmr update [39m[2m/src/index.css, /src/components/sections/About.tsx[22m
[2m10:48:14 PM[22m [36m[1m[vite][22m[39m [90m[2m(client)[22m[39m [32mhmr update [39m[2m/src/index.css, /src/components/sections/About.tsx[22m
[2m10:53:16 PM[22m [36m[1m[vite][22m[39m [90m[2m(client)[22m[39m [32mhmr update [39m[2m/src/index.css, /src/components/sections/About.tsx[22m
[2m10:53:46 PM[22m [36m[1m[vite][22m[39m [90m[2m(client)[22m[39m [32mhmr update [39m[2m/src/index.css, /src/components/sections/About.tsx[22m
[2m10:55:49 PM[22m [36m[1m[vite][22m[39m [90m[2m(client)[22m[39m [32mhmr update [39m[2m/src/index.css, /src/components/sections/About.tsx[22m
[2m10:59:25 PM[22m [36m[1m[vite][22m[39m [90m[2m(client)[22m[39m [32mhmr update [39m[2m/src/index.css, /src/components/sections/Gallery.tsx[22m
[2m11:20:56 PM[22m [36m[1m[vite][22m[39m [90m[2m(client)[22m[39m [32mhmr update [39m[2m/src/index.css, /src/components/sections/Partners.tsx, /src/components/sections/BehindTheLens.tsx, /src/components/sections/Community.tsx, /src/components/sections/Hero.tsx, /src/components/sections/Gallery.tsx, /src/components/sections/Navbar.tsx, /src/components/sections/Contact.tsx, /src/components/sections/Footer.tsx, /src/components/sections/Services.tsx[22m
[2m11:21:24 PM[22m [36m[1m[vite][22m[39m [90m[2m(client)[22m[39m [32mhmr update [39m[2m/src/index.css, /src/components/sections/Partners.tsx[22m
[2m11:21:48 PM[22m [36m[1m[vite][22m[39m [90m[2m(client)[22m[39m [32mhmr update [39m[2m/src/index.css[22m
[2m11:25:33 PM[22m [36m[1m[vite][22m[39m [90m[2m(client)[22m[39m [32mhmr update [39m[2m/src/index.css, /src/components/sections/Partners.tsx, /src/components/sections/BehindTheLens.tsx, /src/components/sections/Community.tsx, /src/components/sections/Hero.tsx, /src/components/sections/Gallery.tsx, /src/components/sections/Navbar.tsx, /src/components/sections/Contact.tsx, /src/components/sections/Footer.tsx, /src/components/sections/Services.tsx[22m
[2m11:26:30 PM[22m [36m[1m[vite][22m[39m [90m[2m(client)[22m[39m [32mhmr update [39m[2m/src/index.css, /src/components/sections/Partners.tsx[22m
[2m11:26:57 PM[22m [36m[1m[vite][22m[39m [90m[2m(client)[22m[39m [32mhmr update [39m[2m/src/index.css, /src/components/sections/Partners.tsx[22m
[2m11:27:22 PM[22m [36m[1m[vite][22m[39m [90m[2m(client)[22m[39m [32mhmr update [39m[2m/src/index.css[22m
[2m11:27:55 PM[22m [36m[1m[vite][22m[39m [90m[2m(client)[22m[39m [32mhmr update [39m[2m/src/index.css, /src/components/sections/Hero.tsx[22m
[2m11:27:55 PM[22m [36m[1m[vite][22m[39m [90m[2m(client)[22m[39m [32mhmr update [39m[2m/src/index.css, /src/components/sections/Hero.tsx[22m
[2m11:34:05 PM[22m [36m[1m[vite][22m[39m [90m[2m(client)[22m[39m [32mhmr update [39m[2m/src/index.css, /src/components/sections/Films.tsx[22m
[2m11:37:49 PM[22m [36m[1m[vite][22m[39m [90m[2m(client)[22m[39m [32mhmr update [39m[2m/src/index.css, /src/components/sections/Films.tsx[22m
[2m11:53:10 PM[22m [36m[1m[vite][22m[39m [90m[2m(client)[22m[39m [32mhmr update [39m[2m/src/index.css[22m
[2m11:54:54 PM[22m [36m[1m[vite][22m[39m [90m[2m(client)[22m[39m [32mhmr update [39m[2m/src/index.css, /src/components/sections/Partners.tsx, /src/components/sections/BehindTheLens.tsx, /src/components/sections/Community.tsx, /src/components/sections/Hero.tsx, /src/components/sections/Gallery.tsx, /src/components/sections/Navbar.tsx, /src/components/sections/Contact.tsx, /src/components/sections/Footer.tsx, /src/components/sections/Services.tsx[22m
[2m11:54:54 PM[22m [36m[1m[vite][22m[39m [90m[2m(client)[22m[39m [32mhmr update [39m[2m/src/index.css, /src/components/sections/Partners.tsx, /src/components/sections/BehindTheLens.tsx, /src/components/sections/Community.tsx, /src/components/sections/Hero.tsx, /src/components/sections/Gallery.tsx, /src/components/sections/Navbar.tsx, /src/components/sections/Contact.tsx, /src/components/sections/Footer.tsx, /src/components/sections/Services.tsx[22m
[2m11:55:17 PM[22m [36m[1m[vite][22m[39m [90m[2m(client)[22m[39m [32mhmr update [39m[2m/src/index.css, /src/components/sections/Partners.tsx, /src/components/sections/BehindTheLens.tsx, /src/components/sections/Community.tsx, /src/components/sections/Hero.tsx, /src/components/sections/Gallery.tsx, /src/components/sections/Navbar.tsx, /src/components/sections/Contact.tsx, /src/components/sections/Footer.tsx, /src/components/sections/Services.tsx[22m
[2m11:55:17 PM[22m [36m[1m[vite][22m[39m [90m[2m(client)[22m[39m [32mhmr update [39m[2m/src/index.css, /src/components/sections/Partners.tsx, /src/components/sections/BehindTheLens.tsx, /src/components/sections/Community.tsx, /src/components/sections/Hero.tsx, /src/components/sections/Gallery.tsx, /src/components/sections/Navbar.tsx, /src/components/sections/Contact.tsx, /src/components/sections/Footer.tsx, /src/components/sections/Services.tsx[22m
[2m11:55:26 PM[22m [36m[1m[vite][22m[39m [90m[2m(client)[22m[39m [32mhmr update [39m[2m/src/index.css, /src/components/sections/Partners.tsx, /src/components/sections/BehindTheLens.tsx, /src/components/sections/Community.tsx, /src/components/sections/Hero.tsx, /src/components/sections/Gallery.tsx, /src/components/sections/Navbar.tsx, /src/components/sections/Contact.tsx, /src/components/sections/Footer.tsx, /src/components/sections/Services.tsx[22m
[2m11:55:57 PM[22m [36m[1m[vite][22m[39m [90m[2m(client)[22m[39m [32mhmr update [39m[2m/src/index.css, /src/components/sections/Partners.tsx, /src/components/sections/BehindTheLens.tsx, /src/components/sections/Community.tsx, /src/components/sections/Hero.tsx, /src/components/sections/Gallery.tsx, /src/components/sections/Navbar.tsx, /src/components/sections/Contact.tsx, /src/components/sections/Footer.tsx, /src/components/sections/Services.tsx[22m
[2m11:56:52 PM[22m [36m[1m[vite][22m[39m [90m[2m(client)[22m[39m [32mhmr update [39m[2m/src/index.css, /src/components/sections/Partners.tsx, /src/components/sections/BehindTheLens.tsx, /src/components/sections/Community.tsx, /src/components/sections/Hero.tsx, /src/components/sections/Gallery.tsx, /src/components/sections/Navbar.tsx, /src/components/sections/Contact.tsx, /src/components/sections/Footer.tsx, /src/components/sections/Services.tsx[22m
[2m11:57:00 PM[22m [36m[1m[vite][22m[39m [90m[2m(client)[22m[39m [32mhmr update [39m[2m/src/index.css, /src/components/sections/Partners.tsx, /src/components/sections/BehindTheLens.tsx, /src/components/sections/Community.tsx, /src/components/sections/Hero.tsx, /src/components/sections/Gallery.tsx, /src/components/sections/Navbar.tsx, /src/components/sections/Contact.tsx, /src/components/sections/Footer.tsx, /src/components/sections/Services.tsx[22m
[2m11:57:56 PM[22m [36m[1m[vite][22m[39m [90m[2m(client)[22m[39m [32mhmr update [39m[2m/src/index.css, /src/components/sections/Partners.tsx, /src/components/sections/BehindTheLens.tsx, /src/components/sections/Community.tsx, /src/components/sections/Hero.tsx, /src/components/sections/Gallery.tsx, /src/components/sections/Navbar.tsx, /src/components/sections/Contact.tsx, /src/components/sections/Footer.tsx, /src/components/sections/Services.tsx[22m
[2m11:58:06 PM[22m [36m[1m[vite][22m[39m [90m[2m(client)[22m[39m [32mhmr update [39m[2m/src/index.css, /src/components/sections/Partners.tsx, /src/components/sections/BehindTheLens.tsx, /src/components/sections/Community.tsx, /src/components/sections/Hero.tsx, /src/components/sections/Gallery.tsx, /src/components/sections/Navbar.tsx, /src/components/sections/Contact.tsx, /src/components/sections/Footer.tsx, /src/components/sections/Services.tsx[22m
[2m11:58:07 PM[22m [36m[1m[vite][22m[39m [90m[2m(client)[22m[39m [32mhmr update [39m[2m/src/index.css, /src/components/sections/Partners.tsx, /src/components/sections/BehindTheLens.tsx, /src/components/sections/Community.tsx, /src/components/sections/Hero.tsx, /src/components/sections/Gallery.tsx, /src/components/sections/Navbar.tsx, /src/components/sections/Contact.tsx, /src/components/sections/Footer.tsx, /src/components/sections/Services.tsx[22m
[2m11:59:06 PM[22m [36m[1m[vite][22m[39m [90m[2m(client)[22m[39m [32mhmr update [39m[2m/src/index.css, /src/components/sections/Partners.tsx, /src/components/sections/BehindTheLens.tsx, /src/components/sections/Community.tsx, /src/components/sections/Hero.tsx, /src/components/sections/Gallery.tsx, /src/components/sections/Navbar.tsx, /src/components/sections/Contact.tsx, /src/components/sections/Footer.tsx, /src/components/sections/Services.tsx[22m
[2m11:59:06 PM[22m [36m[1m[vite][22m[39m [90m[2m(client)[22m[39m [32mhmr update [39m[2m/src/index.css, /src/components/sections/Partners.tsx, /src/components/sections/BehindTheLens.tsx, /src/components/sections/Community.tsx, /src/components/sections/Hero.tsx, /src/components/sections/Gallery.tsx, /src/components/sections/Navbar.tsx, /src/components/sections/Contact.tsx, /src/components/sections/Footer.tsx, /src/components/sections/Services.tsx[22m
[2m12:00:33 AM[22m [36m[1m[vite][22m[39m [90m[2m(client)[22m[39m [32mhmr update [39m[2m/src/index.css, /src/components/sections/Partners.tsx, /src/components/sections/BehindTheLens.tsx, /src/components/sections/Community.tsx, /src/components/sections/Hero.tsx, /src/components/sections/Gallery.tsx, /src/components/sections/Navbar.tsx, /src/components/sections/Contact.tsx, /src/components/sections/Footer.tsx, /src/components/sections/Services.tsx[22m
[2m12:00:57 AM[22m [36m[1m[vite][22m[39m [90m[2m(client)[22m[39m [32mhmr update [39m[2m/src/index.css, /src/components/sections/Partners.tsx, /src/components/sections/BehindTheLens.tsx, /src/components/sections/Community.tsx, /src/components/sections/Hero.tsx, /src/components/sections/Gallery.tsx, /src/components/sections/Navbar.tsx, /src/components/sections/Contact.tsx, /src/components/sections/Footer.tsx, /src/components/sections/Services.tsx[22m
[2m12:04:50 AM[22m [36m[1m[vite][22m[39m [90m[2m(client)[22m[39m [32mhmr update [39m[2m/src/index.css, /src/components/sections/Partners.tsx, /src/components/sections/BehindTheLens.tsx, /src/components/sections/Community.tsx, /src/components/sections/Hero.tsx, /src/components/sections/Gallery.tsx, /src/components/sections/Navbar.tsx, /src/components/sections/Contact.tsx, /src/components/sections/Footer.tsx, /src/components/sections/Services.tsx[22m
[2m12:40:35 AM[22m [36m[1m[vite][22m[39m [90m[2m(client)[22m[39m [32mpage reload [39m[2mindex.html[22m
[2m12:40:35 AM[22m [36m[1m[vite][22m[39m [90m[2m(client)[22m[39m [32mpage reload [39m[2mindex.html[22m
[2m9:29:32 PM[22m [36m[1m[vite][22m[39m [90m[2m(client)[22m[39m [32mhmr update [39m[2m/src/index.css[22m
[2m9:29:55 PM[22m [36m[1m[vite][22m[39m [90m[2m(client)[22m[39m [32mhmr update [39m[2m/src/index.css[22m
[2m9:30:39 PM[22m [36m[1m[vite][22m[39m [90m[2m(client)[22m[39m [32mhmr update [39m[2m/src/index.css[22m
[2m9:32:10 PM[22m [36m[1m[vite][22m[39m [90m[2m(client)[22m[39m [32mhmr update [39m[2m/src/index.css[22m
[2m9:32:37 PM[22m [36m[1m[vite][22m[39m [90m[2m(client)[22m[39m [32mhmr update [39m[2m/src/index.css[22m
[2m9:33:07 PM[22m [36m[1m[vite][22m[39m [90m[2m(client)[22m[39m [32mhmr update [39m[2m/src/index.css, /src/components/sections/Hero.tsx[22m
[2m9:33:31 PM[22m [36m[1m[vite][22m[39m [90m[2m(client)[22m[39m [32mhmr update [39m[2m/src/index.css, /src/components/sections/Films.tsx[22m
[2m9:43:51 PM[22m [36m[1m[vite][22m[39m [90m[2m(client)[22m[39m [32mhmr update [39m[2m/src/index.css, /src/components/sections/About.tsx[22m
[2m9:44:19 PM[22m [36m[1m[vite][22m[39m [90m[2m(client)[22m[39m [32mhmr update [39m[2m/src/index.css, /src/components/three/CameraGimbalScene.tsx[22m
[2m9:45:01 PM[22m [36m[1m[vite][22m[39m [90m[2m(client)[22m[39m [32mhmr update [39m[2m/src/index.css, /src/components/sections/Community.tsx[22m
[2m10:04:29 PM[22m [36m[1m[vite][22m[39m [90m[2m(client)[22m[39m [32mhmr update [39m[2m/src/index.css, /src/components/sections/About.tsx[22m
[2m10:05:09 PM[22m [36m[1m[vite][22m[39m [90m[2m(client)[22m[39m [32mhmr update [39m[2m/src/index.css, /src/components/three/CameraGimbalScene.tsx[22m
[2m1:16:53 AM[22m [36m[1m[vite][22m[39m [90m[2m(client)[22m[39m [32mhmr update [39m[2m/src/index.css, /src/components/three/CameraGimbalScene.tsx[22m
[2m1:23:06 AM[22m [36m[1m[vite][22m[39m [90m[2m(client)[22m[39m [32mhmr update [39m[2m/src/index.css[22m
[2m1:23:49 AM[22m [36m[1m[vite][22m[39m [90m[2m(client)[22m[39m [32mpage reload [39m[2mindex.html[22m
[2m1:27:59 AM[22m [36m[1m[vite][22m[39m [90m[2m(client)[22m[39m [32mpage reload [39m[2mindex.html[22m
[2m1:31:39 AM[22m [36m[1m[vite][22m[39m [90m[2m(client)[22m[39m [32mhmr update [39m[2m/src/index.css, /src/components/sections/About.tsx[22m
[2m1:32:00 AM[22m [36m[1m[vite][22m[39m [90m[2m(client)[22m[39m [32mhmr update [39m[2m/src/index.css, /src/components/sections/About.tsx[22m
[2m1:35:09 AM[22m [36m[1m[vite][22m[39m [90m[2m(client)[22m[39m [32mhmr update [39m[2m/src/index.css, /src/components/sections/About.tsx[22m
[2m1:49:42 AM[22m [36m[1m[vite][22m[39m [90m[2m(client)[22m[39m [32mhmr update [39m[2m/src/index.css, /src/components/sections/About.tsx[22m
[2m1:50:08 AM[22m [36m[1m[vite][22m[39m [90m[2m(client)[22m[39m [32mhmr update [39m[2m/src/index.css, /src/components/three/CameraGimbalScene.tsx[22m
[2m1:55:36 AM[22m [36m[1m[vite][22m[39m [90m[2m(client)[22m[39m [32mhmr update [39m[2m/src/index.css, /src/components/sections/About.tsx[22m
[2m1:58:12 AM[22m [36m[1m[vite][22m[39m [90m[2m(client)[22m[39m [32mhmr update [39m[2m/src/index.css, /src/components/sections/Films.tsx[22m
[2m2:01:52 AM[22m [36m[1m[vite][22m[39m [90m[2m(client)[22m[39m [32mhmr update [39m[2m/src/index.css, /src/components/sections/About.tsx[22m
[2m2:03:01 AM[22m [36m[1m[vite][22m[39m [90m[2m(client)[22m[39m [32mhmr update [39m[2m/src/index.css, /src/components/sections/About.tsx[22m
[2m2:03:08 AM[22m [36m[1m[vite][22m[39m [90m[2m(client)[22m[39m [32mhmr update [39m[2m/src/index.css, /src/components/sections/Films.tsx[22m
[2m2:03:12 AM[22m [36m[1m[vite][22m[39m [90m[2m(client)[22m[39m [32mhmr update [39m[2m/src/index.css, /src/components/sections/About.tsx[22m
[2m2:05:36 AM[22m [36m[1m[vite][22m[39m [90m[2m(client)[22m[39m [32mhmr update [39m[2m/src/index.css, /src/components/sections/Films.tsx[22m
[2m2:07:02 AM[22m [36m[1m[vite][22m[39m [90m[2m(client)[22m[39m [32mhmr update [39m[2m/src/index.css, /src/components/sections/Films.tsx[22m
[2m2:12:10 AM[22m [36m[1m[vite][22m[39m [90m[2m(client)[22m[39m [32mhmr update [39m[2m/src/index.css, /src/components/sections/About.tsx[22m
[2m2:39:20 AM[22m [36m[1m[vite][22m[39m [90m[2m(client)[22m[39m [32mpage reload [39m[2mindex.html[22m
[2m2:39:44 AM[22m [36m[1m[vite][22m[39m [90m[2m(client)[22m[39m [32mhmr update [39m[2m/src/index.css, /src/components/sections/Partners.tsx, /src/components/sections/BehindTheLens.tsx, /src/components/sections/Community.tsx, /src/components/sections/Hero.tsx, /src/components/sections/Gallery.tsx, /src/components/sections/Navbar.tsx, /src/components/sections/Contact.tsx, /src/components/sections/Footer.tsx, /src/components/sections/Services.tsx[22m
[2m3:16:54 AM[22m [36m[1m[vite][22m[39m [90m[2m(client)[22m[39m [32mhmr update [39m[2m/src/pages/Home.tsx, /src/index.css[22m
[2m3:17:34 AM[22m [36m[1m[vite][22m[39m [90m[2m(client)[22m[39m [32mhmr update [39m[2m/src/pages/Home.tsx, /src/index.css[22m
[2m3:17:58 AM[22m [36m[1m[vite][22m[39m [90m[2m(client)[22m[39m [32mhmr update [39m[2m/src/App.tsx, /src/index.css[22m
[2m3:18:17 AM[22m [36m[1m[vite][22m[39m [90m[2m(client)[22m[39m [32mpage reload [39m[2msrc/main.tsx[22m
[2m3:19:16 AM[22m [36m[1m[vite][22m[39m [90m[2m(client)[22m[39m [32mhmr update [39m[2m/src/index.css, /src/components/sections/Navbar.tsx[22m
[2m3:20:23 AM[22m [36m[1m[vite][22m[39m [90m[2m(client)[22m[39m [32mhmr update [39m[2m/src/index.css, /src/components/sections/Navbar.tsx[22m
[2m3:22:32 AM[22m [36m[1m[vite][22m[39m [90m[2m(client)[22m[39m [32mhmr update [39m[2m/src/index.css, /src/components/sections/Partners.tsx, /src/components/sections/BehindTheLens.tsx, /src/components/sections/Community.tsx, /src/components/sections/Hero.tsx, /src/components/sections/Gallery.tsx, /src/components/sections/Navbar.tsx, /src/components/sections/Contact.tsx, /src/components/sections/Footer.tsx, /src/components/sections/Services.tsx, /src/components/seo/RouteMeta.tsx[22m
[2m3:24:15 AM[22m [36m[1m[vite][22m[39m [90m[2m(client)[22m[39m [32mhmr update [39m[2m/src/index.css, /src/components/seo/RouteMeta.tsx, /src/components/sections/Navbar.tsx[22m
[2m3:25:11 AM[22m [36m[1m[vite][22m[39m [90m[2m(client)[22m[39m [32mhmr update [39m[2m/src/index.css, /src/components/sections/Hero.tsx[22m
[2m3:25:58 AM[22m [36m[1m[vite][22m[39m [90m[2m(client)[22m[39m [32mhmr update [39m[2m/src/index.css, /src/components/sections/Hero.tsx[22m
[2m3:26:22 AM[22m [36m[1m[vite][22m[39m [90m[2m(client)[22m[39m [32mhmr update [39m[2m/src/index.css, /src/components/sections/Films.tsx[22m
[2m3:27:01 AM[22m [36m[1m[vite][22m[39m [90m[2m(client)[22m[39m [32mhmr update [39m[2m/src/index.css, /src/components/sections/Films.tsx[22m
[2m3:27:27 AM[22m [36m[1m[vite][22m[39m [90m[2m(client)[22m[39m [32mhmr update [39m[2m/src/index.css, /src/components/media/LazyVimeoBackground.tsx[22m
[2m3:27:51 AM[22m [36m[1m[vite][22m[39m [90m[2m(client)[22m[39m [32mhmr update [39m[2m/src/index.css, /src/components/layout/PageShell.tsx[22m
[2m3:28:22 AM[22m [36m[1m[vite][22m[39m [90m[2m(client)[22m[39m [32mpage reload [39m[2mindex.html[22m
[2m3:29:10 AM[22m [36m[1m[vite][22m[39m [90m[2m(client)[22m[39m [32mpage reload [39m[2mindex.html[22m
[2m3:30:38 AM[22m [36m[1m[vite][22m[39m [90m[2m(client)[22m[39m [32mhmr update [39m[2m/src/index.css, /src/components/sections/Partners.tsx, /src/components/sections/BehindTheLens.tsx, /src/components/sections/Community.tsx, /src/components/sections/Gallery.tsx, /src/components/sections/Contact.tsx, /src/components/sections/Services.tsx, /src/components/sections/About.tsx, /src/components/sections/Hero.tsx, /src/components/sections/Films.tsx[22m
[2m3:30:59 AM[22m [36m[1m[vite][22m[39m [32mvite.config.ts changed, restarting server...[39m
[2m3:31:25 AM[22m [36m[1m[vite][22m[39m [32mvite.config.ts changed, restarting server...[39m
[2m3:31:25 AM[22m [36m[1m[vite][22m[39m [32mvite.config.ts changed, restarting server...[39m
[2m3:31:26 AM[22m [36m[1m[vite][22m[39m server restarted.
 ELIFECYCLE  Command failed with exit code 1073807364.
