[RUNTIME_ERROR]{"type":"runtime-error","timestamp":1782836237361,"name":"Error","message":"THREE.WebGLRenderer: Error creating WebGL context.","stack":"    at new WebGLRenderer (http://localhost:3000/node_modules/.vite/deps/chunk-S2XD3O2O.js?v=fc5c842e:42016:19)\n\n\n\n\n\n\n\n\n"}
[RUNTIME_ERROR]{"type":"runtime-error","timestamp":1782836237529,"name":"Error","message":"THREE.WebGLRenderer: Error creating WebGL context.","stack":"    at new WebGLRenderer (http://localhost:3000/node_modules/.vite/deps/chunk-S2XD3O2O.js?v=fc5c842e:42016:19)\n\n\n\n\n\n\n\n\n"}
[RUNTIME_ERROR]{"type":"runtime-error","timestamp":1782836243129,"name":"Error","message":"THREE.WebGLRenderer: Error creating WebGL context.","stack":"    at new WebGLRenderer (http://localhost:3000/node_modules/.vite/deps/chunk-S2XD3O2O.js?v=fc5c842e:42016:19)\n\n\n\n\n\n\n\n\n"}
[RUNTIME_ERROR]{"type":"runtime-error","timestamp":1782836249231,"name":"Error","message":"THREE.WebGLRenderer: Error creating WebGL context.","stack":"    at new WebGLRenderer (http://localhost:3000/node_modules/.vite/deps/chunk-S2XD3O2O.js?v=fc5c842e:42016:19)\n\n\n\n\n\n\n\n\n"}
[RUNTIME_ERROR]{"type":"runtime-error","timestamp":1782839674423,"name":"Error","message":"Cannot read properties of undefined (reading 'current')","stack":"    at Object.current C:/Users/shami/Desktop/Low-Grade-F/artifacts/lgf-website/src/components/three/CameraGimbalScene.tsx:241:41\n\n","loc":{"line":241,"column":41,"file":"C:/Users/shami/Desktop/Low-Grade-F/artifacts/lgf-website/src/components/three/CameraGimbalScene.tsx"},"frame":"239|      smoothPan.current = THREE.MathUtils.damp(\n240|        smoothPan.current,\n241|        THREE.MathUtils.clamp(panProgress.current, 0, 1),\n   |                                          ^\n242|        4,\n243|        delta,"}
[2m2:55:41 AM[22m [31m[1m[vite][22m[39m [31mInternal server error: C:\Users\shami\Desktop\Low-Grade-F\artifacts\lgf-website\src\components\sections\Gallery.tsx: Unexpected token (30:65)

[0m [90m 28 |[31m   [36mreturn[31m (
 [90m 29 |[31m     [90m// ✅ FIX: Removed border-t border-[#111] — same white line cause as Films.tsx[31m
[31m[1m>[22m[31m[90m 30 |[31m     [33m<[31m[33msection[31m id[33m=[31m[32m"work"[31m className[33m=[31m[32m"section-shell bg-black"[31m style[33m=[31m{[33m;[31my}[33m>[31m
 [90m    |[31m                                                                  [31m[1m^[22m[31m
 [90m 31 |[31m       [33m<[31m[33mdiv[31m className[33m=[31m[32m"section-inner section-heading-wrap text-center"[31m[33m>[31m
 [90m 32 |[31m         [33m<[31m[33mh2[31m
 [90m 33 |[31m           ref[33m=[31m{headingRef}[0m[39m
  Plugin: [35mvite:react-babel[39m
  File: [36mC:/Users/shami/Desktop/Low-Grade-F/artifacts/lgf-website/src/components/sections/Gallery.tsx[39m:30:65
[33m  29 |      // ✅ FIX: Removed border-t border-[#111] — same white line cause as Films.tsx
  30 |      <section id="work" className="section-shell bg-black" style={;y}>
  31 |        <div className="section-inner section-heading-wrap text-center">
     |                          ^
  32 |          <h2
  33 |            ref={headingRef}[39m
      at constructor (C:\Users\shami\Desktop\Low-Grade-F\node_modules\.pnpm\@babel+parser@7.29.7\node_modules\@babel\parser\lib\index.js:365:19)
      at TypeScriptParserMixin.raise (C:\Users\shami\Desktop\Low-Grade-F\node_modules\.pnpm\@babel+parser@7.29.7\node_modules\@babel\parser\lib\index.js:6616:19)
      at TypeScriptParserMixin.unexpected (C:\Users\shami\Desktop\Low-Grade-F\node_modules\.pnpm\@babel+parser@7.29.7\node_modules\@babel\parser\lib\index.js:6636:16)
      at TypeScriptParserMixin.parseExprAtom (C:\Users\shami\Desktop\Low-Grade-F\node_modules\.pnpm\@babel+parser@7.29.7\node_modules\@babel\parser\lib\index.js:11459:22)
      at TypeScriptParserMixin.parseExprAtom (C:\Users\shami\Desktop\Low-Grade-F\node_modules\.pnpm\@babel+parser@7.29.7\node_modules\@babel\parser\lib\index.js:4776:20)
      at TypeScriptParserMixin.parseExprSubscripts (C:\Users\shami\Desktop\Low-Grade-F\node_modules\.pnpm\@babel+parser@7.29.7\node_modules\@babel\parser\lib\index.js:11098:23)
      at TypeScriptParserMixin.parseUpdate (C:\Users\shami\Desktop\Low-Grade-F\node_modules\.pnpm\@babel+parser@7.29.7\node_modules\@babel\parser\lib\index.js:11083:21)
      at TypeScriptParserMixin.parseMaybeUnary (C:\Users\shami\Desktop\Low-Grade-F\node_modules\.pnpm\@babel+parser@7.29.7\node_modules\@babel\parser\lib\index.js:11063:23)
      at TypeScriptParserMixin.parseMaybeUnary (C:\Users\shami\Desktop\Low-Grade-F\node_modules\.pnpm\@babel+parser@7.29.7\node_modules\@babel\parser\lib\index.js:9854:18)
      at TypeScriptParserMixin.parseMaybeUnaryOrPrivate (C:\Users\shami\Desktop\Low-Grade-F\node_modules\.pnpm\@babel+parser@7.29.7\node_modules\@babel\parser\lib\index.js:10916:61)
      at TypeScriptParserMixin.parseExprOps (C:\Users\shami\Desktop\Low-Grade-F\node_modules\.pnpm\@babel+parser@7.29.7\node_modules\@babel\parser\lib\index.js:10921:23)
      at TypeScriptParserMixin.parseMaybeConditional (C:\Users\shami\Desktop\Low-Grade-F\node_modules\.pnpm\@babel+parser@7.29.7\node_modules\@babel\parser\lib\index.js:10898:23)
      at TypeScriptParserMixin.parseMaybeAssign (C:\Users\shami\Desktop\Low-Grade-F\node_modules\.pnpm\@babel+parser@7.29.7\node_modules\@babel\parser\lib\index.js:10848:21)
      at TypeScriptParserMixin.parseMaybeAssign (C:\Users\shami\Desktop\Low-Grade-F\node_modules\.pnpm\@babel+parser@7.29.7\node_modules\@babel\parser\lib\index.js:9803:20)
      at TypeScriptParserMixin.parseExpressionBase (C:\Users\shami\Desktop\Low-Grade-F\node_modules\.pnpm\@babel+parser@7.29.7\node_modules\@babel\parser\lib\index.js:10801:23)
      at C:\Users\shami\Desktop\Low-Grade-F\node_modules\.pnpm\@babel+parser@7.29.7\node_modules\@babel\parser\lib\index.js:10797:39
      at TypeScriptParserMixin.allowInAnd (C:\Users\shami\Desktop\Low-Grade-F\node_modules\.pnpm\@babel+parser@7.29.7\node_modules\@babel\parser\lib\index.js:12443:12)
      at TypeScriptParserMixin.parseExpression (C:\Users\shami\Desktop\Low-Grade-F\node_modules\.pnpm\@babel+parser@7.29.7\node_modules\@babel\parser\lib\index.js:10797:17)
      at TypeScriptParserMixin.jsxParseExpressionContainer (C:\Users\shami\Desktop\Low-Grade-F\node_modules\.pnpm\@babel+parser@7.29.7\node_modules\@babel\parser\lib\index.js:4644:31)
      at TypeScriptParserMixin.jsxParseAttributeValue (C:\Users\shami\Desktop\Low-Grade-F\node_modules\.pnpm\@babel+parser@7.29.7\node_modules\@babel\parser\lib\index.js:4616:21)
      at TypeScriptParserMixin.jsxParseAttribute (C:\Users\shami\Desktop\Low-Grade-F\node_modules\.pnpm\@babel+parser@7.29.7\node_modules\@babel\parser\lib\index.js:4665:38)
      at TypeScriptParserMixin.jsxParseOpeningElementAfterName (C:\Users\shami\Desktop\Low-Grade-F\node_modules\.pnpm\@babel+parser@7.29.7\node_modules\@babel\parser\lib\index.js:4679:28)
      at TypeScriptParserMixin.jsxParseOpeningElementAfterName (C:\Users\shami\Desktop\Low-Grade-F\node_modules\.pnpm\@babel+parser@7.29.7\node_modules\@babel\parser\lib\index.js:10060:18)
      at TypeScriptParserMixin.jsxParseOpeningElementAt (C:\Users\shami\Desktop\Low-Grade-F\node_modules\.pnpm\@babel+parser@7.29.7\node_modules\@babel\parser\lib\index.js:4674:17)
      at TypeScriptParserMixin.jsxParseElementAt (C:\Users\shami\Desktop\Low-Grade-F\node_modules\.pnpm\@babel+parser@7.29.7\node_modules\@babel\parser\lib\index.js:4698:33)
      at TypeScriptParserMixin.jsxParseElement (C:\Users\shami\Desktop\Low-Grade-F\node_modules\.pnpm\@babel+parser@7.29.7\node_modules\@babel\parser\lib\index.js:4761:17)
      at TypeScriptParserMixin.parseExprAtom (C:\Users\shami\Desktop\Low-Grade-F\node_modules\.pnpm\@babel+parser@7.29.7\node_modules\@babel\parser\lib\index.js:4771:19)
      at TypeScriptParserMixin.parseExprSubscripts (C:\Users\shami\Desktop\Low-Grade-F\node_modules\.pnpm\@babel+parser@7.29.7\node_modules\@babel\parser\lib\index.js:11098:23)
      at TypeScriptParserMixin.parseUpdate (C:\Users\shami\Desktop\Low-Grade-F\node_modules\.pnpm\@babel+parser@7.29.7\node_modules\@babel\parser\lib\index.js:11083:21)
      at TypeScriptParserMixin.parseMaybeUnary (C:\Users\shami\Desktop\Low-Grade-F\node_modules\.pnpm\@babel+parser@7.29.7\node_modules\@babel\parser\lib\index.js:11063:23)
      at TypeScriptParserMixin.parseMaybeUnary (C:\Users\shami\Desktop\Low-Grade-F\node_modules\.pnpm\@babel+parser@7.29.7\node_modules\@babel\parser\lib\index.js:9854:18)
      at TypeScriptParserMixin.parseMaybeUnaryOrPrivate (C:\Users\shami\Desktop\Low-Grade-F\node_modules\.pnpm\@babel+parser@7.29.7\node_modules\@babel\parser\lib\index.js:10916:61)
      at TypeScriptParserMixin.parseExprOps (C:\Users\shami\Desktop\Low-Grade-F\node_modules\.pnpm\@babel+parser@7.29.7\node_modules\@babel\parser\lib\index.js:10921:23)
      at TypeScriptParserMixin.parseMaybeConditional (C:\Users\shami\Desktop\Low-Grade-F\node_modules\.pnpm\@babel+parser@7.29.7\node_modules\@babel\parser\lib\index.js:10898:23)
      at TypeScriptParserMixin.parseMaybeAssign (C:\Users\shami\Desktop\Low-Grade-F\node_modules\.pnpm\@babel+parser@7.29.7\node_modules\@babel\parser\lib\index.js:10848:21)
      at C:\Users\shami\Desktop\Low-Grade-F\node_modules\.pnpm\@babel+parser@7.29.7\node_modules\@babel\parser\lib\index.js:9792:39
      at TypeScriptParserMixin.tryParse (C:\Users\shami\Desktop\Low-Grade-F\node_modules\.pnpm\@babel+parser@7.29.7\node_modules\@babel\parser\lib\index.js:6924:20)
      at TypeScriptParserMixin.parseMaybeAssign (C:\Users\shami\Desktop\Low-Grade-F\node_modules\.pnpm\@babel+parser@7.29.7\node_modules\@babel\parser\lib\index.js:9792:18)
      at C:\Users\shami\Desktop\Low-Grade-F\node_modules\.pnpm\@babel+parser@7.29.7\node_modules\@babel\parser\lib\index.js:10817:39
      at TypeScriptParserMixin.allowInAnd (C:\Users\shami\Desktop\Low-Grade-F\node_modules\.pnpm\@babel+parser@7.29.7\node_modules\@babel\parser\lib\index.js:12443:12)
      at TypeScriptParserMixin.parseMaybeAssignAllowIn (C:\Users\shami\Desktop\Low-Grade-F\node_modules\.pnpm\@babel+parser@7.29.7\node_modules\@babel\parser\lib\index.js:10817:17)
      at TypeScriptParserMixin.parseMaybeAssignAllowInOrVoidPattern (C:\Users\shami\Desktop\Low-Grade-F\node_modules\.pnpm\@babel+parser@7.29.7\node_modules\@babel\parser\lib\index.js:12510:17)
      at TypeScriptParserMixin.parseParenAndDistinguishExpression (C:\Users\shami\Desktop\Low-Grade-F\node_modules\.pnpm\@babel+parser@7.29.7\node_modules\@babel\parser\lib\index.js:11692:28)
      at TypeScriptParserMixin.parseExprAtom (C:\Users\shami\Desktop\Low-Grade-F\node_modules\.pnpm\@babel+parser@7.29.7\node_modules\@babel\parser\lib\index.js:11348:23)
      at TypeScriptParserMixin.parseExprAtom (C:\Users\shami\Desktop\Low-Grade-F\node_modules\.pnpm\@babel+parser@7.29.7\node_modules\@babel\parser\lib\index.js:4776:20)
      at TypeScriptParserMixin.parseExprSubscripts (C:\Users\shami\Desktop\Low-Grade-F\node_modules\.pnpm\@babel+parser@7.29.7\node_modules\@babel\parser\lib\index.js:11098:23)
      at TypeScriptParserMixin.parseUpdate (C:\Users\shami\Desktop\Low-Grade-F\node_modules\.pnpm\@babel+parser@7.29.7\node_modules\@babel\parser\lib\index.js:11083:21)
      at TypeScriptParserMixin.parseMaybeUnary (C:\Users\shami\Desktop\Low-Grade-F\node_modules\.pnpm\@babel+parser@7.29.7\node_modules\@babel\parser\lib\index.js:11063:23)
      at TypeScriptParserMixin.parseMaybeUnary (C:\Users\shami\Desktop\Low-Grade-F\node_modules\.pnpm\@babel+parser@7.29.7\node_modules\@babel\parser\lib\index.js:9854:18)
      at TypeScriptParserMixin.parseMaybeUnaryOrPrivate (C:\Users\shami\Desktop\Low-Grade-F\node_modules\.pnpm\@babel+parser@7.29.7\node_modules\@babel\parser\lib\index.js:10916:61)
[2m2:55:43 AM[22m [31m[1m[vite][22m[39m [31mInternal server error: C:\Users\shami\Desktop\Low-Grade-F\artifacts\lgf-website\src\components\sections\Gallery.tsx: JSX attributes must only be assigned a non-empty expression. (30:64)

[0m [90m 28 |[31m   [36mreturn[31m (
 [90m 29 |[31m     [90m// ✅ FIX: Removed border-t border-[#111] — same white line cause as Films.tsx[31m
[31m[1m>[22m[31m[90m 30 |[31m     [33m<[31m[33msection[31m id[33m=[31m[32m"work"[31m className[33m=[31m[32m"section-shell bg-black"[31m style[33m=[31m{}[33m>[31m
 [90m    |[31m                                                                 [31m[1m^[22m[31m
 [90m 31 |[31m       [33m<[31m[33mdiv[31m className[33m=[31m[32m"section-inner section-heading-wrap text-center"[31m[33m>[31m
 [90m 32 |[31m         [33m<[31m[33mh2[31m
 [90m 33 |[31m           ref[33m=[31m{headingRef}[0m[39m
  Plugin: [35mvite:react-babel[39m
  File: [36mC:/Users/shami/Desktop/Low-Grade-F/artifacts/lgf-website/src/components/sections/Gallery.tsx[39m:30:64
[33m  29 |      // ✅ FIX: Removed border-t border-[#111] — same white line cause as Films.tsx
  30 |      <section id="work" className="section-shell bg-black" style={}>
  31 |        <div className="section-inner section-heading-wrap text-center">
     |                           ^
  32 |          <h2
  33 |            ref={headingRef}[39m
      at constructor (C:\Users\shami\Desktop\Low-Grade-F\node_modules\.pnpm\@babel+parser@7.29.7\node_modules\@babel\parser\lib\index.js:365:19)
      at TypeScriptParserMixin.raise (C:\Users\shami\Desktop\Low-Grade-F\node_modules\.pnpm\@babel+parser@7.29.7\node_modules\@babel\parser\lib\index.js:6616:19)
      at TypeScriptParserMixin.jsxParseAttributeValue (C:\Users\shami\Desktop\Low-Grade-F\node_modules\.pnpm\@babel+parser@7.29.7\node_modules\@babel\parser\lib\index.js:4618:16)
      at TypeScriptParserMixin.jsxParseAttribute (C:\Users\shami\Desktop\Low-Grade-F\node_modules\.pnpm\@babel+parser@7.29.7\node_modules\@babel\parser\lib\index.js:4665:38)
      at TypeScriptParserMixin.jsxParseOpeningElementAfterName (C:\Users\shami\Desktop\Low-Grade-F\node_modules\.pnpm\@babel+parser@7.29.7\node_modules\@babel\parser\lib\index.js:4679:28)
      at TypeScriptParserMixin.jsxParseOpeningElementAfterName (C:\Users\shami\Desktop\Low-Grade-F\node_modules\.pnpm\@babel+parser@7.29.7\node_modules\@babel\parser\lib\index.js:10060:18)
      at TypeScriptParserMixin.jsxParseOpeningElementAt (C:\Users\shami\Desktop\Low-Grade-F\node_modules\.pnpm\@babel+parser@7.29.7\node_modules\@babel\parser\lib\index.js:4674:17)
      at TypeScriptParserMixin.jsxParseElementAt (C:\Users\shami\Desktop\Low-Grade-F\node_modules\.pnpm\@babel+parser@7.29.7\node_modules\@babel\parser\lib\index.js:4698:33)
      at TypeScriptParserMixin.jsxParseElement (C:\Users\shami\Desktop\Low-Grade-F\node_modules\.pnpm\@babel+parser@7.29.7\node_modules\@babel\parser\lib\index.js:4761:17)
      at TypeScriptParserMixin.parseExprAtom (C:\Users\shami\Desktop\Low-Grade-F\node_modules\.pnpm\@babel+parser@7.29.7\node_modules\@babel\parser\lib\index.js:4771:19)
      at TypeScriptParserMixin.parseExprSubscripts (C:\Users\shami\Desktop\Low-Grade-F\node_modules\.pnpm\@babel+parser@7.29.7\node_modules\@babel\parser\lib\index.js:11098:23)
      at TypeScriptParserMixin.parseUpdate (C:\Users\shami\Desktop\Low-Grade-F\node_modules\.pnpm\@babel+parser@7.29.7\node_modules\@babel\parser\lib\index.js:11083:21)
      at TypeScriptParserMixin.parseMaybeUnary (C:\Users\shami\Desktop\Low-Grade-F\node_modules\.pnpm\@babel+parser@7.29.7\node_modules\@babel\parser\lib\index.js:11063:23)
      at TypeScriptParserMixin.parseMaybeUnary (C:\Users\shami\Desktop\Low-Grade-F\node_modules\.pnpm\@babel+parser@7.29.7\node_modules\@babel\parser\lib\index.js:9854:18)
      at TypeScriptParserMixin.parseMaybeUnaryOrPrivate (C:\Users\shami\Desktop\Low-Grade-F\node_modules\.pnpm\@babel+parser@7.29.7\node_modules\@babel\parser\lib\index.js:10916:61)
      at TypeScriptParserMixin.parseExprOps (C:\Users\shami\Desktop\Low-Grade-F\node_modules\.pnpm\@babel+parser@7.29.7\node_modules\@babel\parser\lib\index.js:10921:23)
      at TypeScriptParserMixin.parseMaybeConditional (C:\Users\shami\Desktop\Low-Grade-F\node_modules\.pnpm\@babel+parser@7.29.7\node_modules\@babel\parser\lib\index.js:10898:23)
      at TypeScriptParserMixin.parseMaybeAssign (C:\Users\shami\Desktop\Low-Grade-F\node_modules\.pnpm\@babel+parser@7.29.7\node_modules\@babel\parser\lib\index.js:10848:21)
      at C:\Users\shami\Desktop\Low-Grade-F\node_modules\.pnpm\@babel+parser@7.29.7\node_modules\@babel\parser\lib\index.js:9792:39
      at TypeScriptParserMixin.tryParse (C:\Users\shami\Desktop\Low-Grade-F\node_modules\.pnpm\@babel+parser@7.29.7\node_modules\@babel\parser\lib\index.js:6924:20)
      at TypeScriptParserMixin.parseMaybeAssign (C:\Users\shami\Desktop\Low-Grade-F\node_modules\.pnpm\@babel+parser@7.29.7\node_modules\@babel\parser\lib\index.js:9792:18)
      at C:\Users\shami\Desktop\Low-Grade-F\node_modules\.pnpm\@babel+parser@7.29.7\node_modules\@babel\parser\lib\index.js:10817:39
      at TypeScriptParserMixin.allowInAnd (C:\Users\shami\Desktop\Low-Grade-F\node_modules\.pnpm\@babel+parser@7.29.7\node_modules\@babel\parser\lib\index.js:12443:12)
      at TypeScriptParserMixin.parseMaybeAssignAllowIn (C:\Users\shami\Desktop\Low-Grade-F\node_modules\.pnpm\@babel+parser@7.29.7\node_modules\@babel\parser\lib\index.js:10817:17)
      at TypeScriptParserMixin.parseMaybeAssignAllowInOrVoidPattern (C:\Users\shami\Desktop\Low-Grade-F\node_modules\.pnpm\@babel+parser@7.29.7\node_modules\@babel\parser\lib\index.js:12510:17)
      at TypeScriptParserMixin.parseParenAndDistinguishExpression (C:\Users\shami\Desktop\Low-Grade-F\node_modules\.pnpm\@babel+parser@7.29.7\node_modules\@babel\parser\lib\index.js:11692:28)
      at TypeScriptParserMixin.parseExprAtom (C:\Users\shami\Desktop\Low-Grade-F\node_modules\.pnpm\@babel+parser@7.29.7\node_modules\@babel\parser\lib\index.js:11348:23)
      at TypeScriptParserMixin.parseExprAtom (C:\Users\shami\Desktop\Low-Grade-F\node_modules\.pnpm\@babel+parser@7.29.7\node_modules\@babel\parser\lib\index.js:4776:20)
      at TypeScriptParserMixin.parseExprSubscripts (C:\Users\shami\Desktop\Low-Grade-F\node_modules\.pnpm\@babel+parser@7.29.7\node_modules\@babel\parser\lib\index.js:11098:23)
      at TypeScriptParserMixin.parseUpdate (C:\Users\shami\Desktop\Low-Grade-F\node_modules\.pnpm\@babel+parser@7.29.7\node_modules\@babel\parser\lib\index.js:11083:21)
      at TypeScriptParserMixin.parseMaybeUnary (C:\Users\shami\Desktop\Low-Grade-F\node_modules\.pnpm\@babel+parser@7.29.7\node_modules\@babel\parser\lib\index.js:11063:23)
      at TypeScriptParserMixin.parseMaybeUnary (C:\Users\shami\Desktop\Low-Grade-F\node_modules\.pnpm\@babel+parser@7.29.7\node_modules\@babel\parser\lib\index.js:9854:18)
      at TypeScriptParserMixin.parseMaybeUnaryOrPrivate (C:\Users\shami\Desktop\Low-Grade-F\node_modules\.pnpm\@babel+parser@7.29.7\node_modules\@babel\parser\lib\index.js:10916:61)
      at TypeScriptParserMixin.parseExprOps (C:\Users\shami\Desktop\Low-Grade-F\node_modules\.pnpm\@babel+parser@7.29.7\node_modules\@babel\parser\lib\index.js:10921:23)
      at TypeScriptParserMixin.parseMaybeConditional (C:\Users\shami\Desktop\Low-Grade-F\node_modules\.pnpm\@babel+parser@7.29.7\node_modules\@babel\parser\lib\index.js:10898:23)
      at TypeScriptParserMixin.parseMaybeAssign (C:\Users\shami\Desktop\Low-Grade-F\node_modules\.pnpm\@babel+parser@7.29.7\node_modules\@babel\parser\lib\index.js:10848:21)
      at TypeScriptParserMixin.parseMaybeAssign (C:\Users\shami\Desktop\Low-Grade-F\node_modules\.pnpm\@babel+parser@7.29.7\node_modules\@babel\parser\lib\index.js:9803:20)
      at TypeScriptParserMixin.parseExpressionBase (C:\Users\shami\Desktop\Low-Grade-F\node_modules\.pnpm\@babel+parser@7.29.7\node_modules\@babel\parser\lib\index.js:10801:23)
      at C:\Users\shami\Desktop\Low-Grade-F\node_modules\.pnpm\@babel+parser@7.29.7\node_modules\@babel\parser\lib\index.js:10797:39
      at TypeScriptParserMixin.allowInAnd (C:\Users\shami\Desktop\Low-Grade-F\node_modules\.pnpm\@babel+parser@7.29.7\node_modules\@babel\parser\lib\index.js:12438:16)
      at TypeScriptParserMixin.parseExpression (C:\Users\shami\Desktop\Low-Grade-F\node_modules\.pnpm\@babel+parser@7.29.7\node_modules\@babel\parser\lib\index.js:10797:17)
      at TypeScriptParserMixin.parseReturnStatement (C:\Users\shami\Desktop\Low-Grade-F\node_modules\.pnpm\@babel+parser@7.29.7\node_modules\@babel\parser\lib\index.js:13159:28)
      at TypeScriptParserMixin.parseStatementContent (C:\Users\shami\Desktop\Low-Grade-F\node_modules\.pnpm\@babel+parser@7.29.7\node_modules\@babel\parser\lib\index.js:12815:21)
      at TypeScriptParserMixin.parseStatementContent (C:\Users\shami\Desktop\Low-Grade-F\node_modules\.pnpm\@babel+parser@7.29.7\node_modules\@babel\parser\lib\index.js:9525:18)
      at TypeScriptParserMixin.parseStatementLike (C:\Users\shami\Desktop\Low-Grade-F\node_modules\.pnpm\@babel+parser@7.29.7\node_modules\@babel\parser\lib\index.js:12784:17)
      at TypeScriptParserMixin.parseStatementListItem (C:\Users\shami\Desktop\Low-Grade-F\node_modules\.pnpm\@babel+parser@7.29.7\node_modules\@babel\parser\lib\index.js:12764:17)
      at TypeScriptParserMixin.parseBlockOrModuleBlockBody (C:\Users\shami\Desktop\Low-Grade-F\node_modules\.pnpm\@babel+parser@7.29.7\node_modules\@babel\parser\lib\index.js:13333:61)
      at TypeScriptParserMixin.parseBlockBody (C:\Users\shami\Desktop\Low-Grade-F\node_modules\.pnpm\@babel+parser@7.29.7\node_modules\@babel\parser\lib\index.js:13326:10)
      at TypeScriptParserMixin.parseBlock (C:\Users\shami\Desktop\Low-Grade-F\node_modules\.pnpm\@babel+parser@7.29.7\node_modules\@babel\parser\lib\index.js:13314:10)
      at TypeScriptParserMixin.parseFunctionBody (C:\Users\shami\Desktop\Low-Grade-F\node_modules\.pnpm\@babel+parser@7.29.7\node_modules\@babel\parser\lib\index.js:12117:24)
[RUNTIME_ERROR]{"type":"runtime-error","timestamp":1782856545490,"name":"Error","message":"padd is not defined","stack":"    at Gallery C:/Users/shami/Desktop/Low-Grade-F/artifacts/lgf-website/src/components/sections/Gallery.tsx:30:66\n\n\n\n\n\n\n\n\n","loc":{"line":30,"column":66,"file":"C:/Users/shami/Desktop/Low-Grade-F/artifacts/lgf-website/src/components/sections/Gallery.tsx"},"frame":"28 |    return (\n29 |      // ✅ FIX: Removed border-t border-[#111] — same white line cause as Films.tsx\n30 |      <section id=\"work\" className=\"section-shell bg-black\" style={padd}>\n   |                                                                   ^\n31 |        <div className=\"section-inner section-heading-wrap text-center\">\n32 |          <h2"}
[RUNTIME_ERROR]{"type":"runtime-error","timestamp":1782856546522,"name":"Error","message":"paddi is not defined","stack":"    at Gallery C:/Users/shami/Desktop/Low-Grade-F/artifacts/lgf-website/src/components/sections/Gallery.tsx:30:66\n\n\n\n\n\n\n\n\n","loc":{"line":30,"column":66,"file":"C:/Users/shami/Desktop/Low-Grade-F/artifacts/lgf-website/src/components/sections/Gallery.tsx"},"frame":"28 |    return (\n29 |      // ✅ FIX: Removed border-t border-[#111] — same white line cause as Films.tsx\n30 |      <section id=\"work\" className=\"section-shell bg-black\" style={paddi}>\n   |                                                                   ^\n31 |        <div className=\"section-inner section-heading-wrap text-center\">\n32 |          <h2"}
[RUNTIME_ERROR]{"type":"runtime-error","timestamp":1782856548511,"name":"Error","message":"padding is not defined","stack":"    at Gallery C:/Users/shami/Desktop/Low-Grade-F/artifacts/lgf-website/src/components/sections/Gallery.tsx:30:66\n\n\n\n\n\n\n\n\n","loc":{"line":30,"column":66,"file":"C:/Users/shami/Desktop/Low-Grade-F/artifacts/lgf-website/src/components/sections/Gallery.tsx"},"frame":"28 |    return (\n29 |      // ✅ FIX: Removed border-t border-[#111] — same white line cause as Films.tsx\n30 |      <section id=\"work\" className=\"section-shell bg-black\" style={padding}>\n   |                                                                   ^\n31 |        <div className=\"section-inner section-heading-wrap text-center\">\n32 |          <h2"}
[RUNTIME_ERROR]{"type":"runtime-error","timestamp":1782856551507,"name":"Error","message":"padding is not defined","stack":"    at Gallery C:/Users/shami/Desktop/Low-Grade-F/artifacts/lgf-website/src/components/sections/Gallery.tsx:30:66\n\n\n\n\n\n\n\n\n","loc":{"line":30,"column":66,"file":"C:/Users/shami/Desktop/Low-Grade-F/artifacts/lgf-website/src/components/sections/Gallery.tsx"},"frame":"28 |    return (\n29 |      // ✅ FIX: Removed border-t border-[#111] — same white line cause as Films.tsx\n30 |      <section id=\"work\" className=\"section-shell bg-black\" style={padding-top}>\n   |                                                                   ^\n31 |        <div className=\"section-inner section-heading-wrap text-center\">\n32 |          <h2"}
[2m2:55:52 AM[22m [31m[1m[vite][22m[39m [31mInternal server error: C:\Users\shami\Desktop\Low-Grade-F\artifacts\lgf-website\src\components\sections\Gallery.tsx: Unexpected token, expected "}" (30:76)

[0m [90m 28 |[31m   [36mreturn[31m (
 [90m 29 |[31m     [90m// ✅ FIX: Removed border-t border-[#111] — same white line cause as Films.tsx[31m
[31m[1m>[22m[31m[90m 30 |[31m     [33m<[31m[33msection[31m id[33m=[31m[32m"work"[31m className[33m=[31m[32m"section-shell bg-black"[31m style[33m=[31m{padding[33m-[31mtop[33m:[31m[35m0[31m}[33m>[31m
 [90m    |[31m                                                                             [31m[1m^[22m[31m
 [90m 31 |[31m       [33m<[31m[33mdiv[31m className[33m=[31m[32m"section-inner section-heading-wrap text-center"[31m[33m>[31m
 [90m 32 |[31m         [33m<[31m[33mh2[31m
 [90m 33 |[31m           ref[33m=[31m{headingRef}[0m[39m
  Plugin: [35mvite:react-babel[39m
  File: [36mC:/Users/shami/Desktop/Low-Grade-F/artifacts/lgf-website/src/components/sections/Gallery.tsx[39m:30:76
[33m  29 |      // ✅ FIX: Removed border-t border-[#111] — same white line cause as Films.tsx
  30 |      <section id="work" className="section-shell bg-black" style={padding-top:0}>
  31 |        <div className="section-inner section-heading-wrap text-center">
     |                          ^
  32 |          <h2
  33 |            ref={headingRef}[39m
      at constructor (C:\Users\shami\Desktop\Low-Grade-F\node_modules\.pnpm\@babel+parser@7.29.7\node_modules\@babel\parser\lib\index.js:365:19)
      at TypeScriptParserMixin.raise (C:\Users\shami\Desktop\Low-Grade-F\node_modules\.pnpm\@babel+parser@7.29.7\node_modules\@babel\parser\lib\index.js:6616:19)
      at TypeScriptParserMixin.unexpected (C:\Users\shami\Desktop\Low-Grade-F\node_modules\.pnpm\@babel+parser@7.29.7\node_modules\@babel\parser\lib\index.js:6636:16)
      at TypeScriptParserMixin.expect (C:\Users\shami\Desktop\Low-Grade-F\node_modules\.pnpm\@babel+parser@7.29.7\node_modules\@babel\parser\lib\index.js:6916:12)
      at TypeScriptParserMixin.jsxParseExpressionContainer (C:\Users\shami\Desktop\Low-Grade-F\node_modules\.pnpm\@babel+parser@7.29.7\node_modules\@babel\parser\lib\index.js:4649:10)
      at TypeScriptParserMixin.jsxParseAttributeValue (C:\Users\shami\Desktop\Low-Grade-F\node_modules\.pnpm\@babel+parser@7.29.7\node_modules\@babel\parser\lib\index.js:4616:21)
      at TypeScriptParserMixin.jsxParseAttribute (C:\Users\shami\Desktop\Low-Grade-F\node_modules\.pnpm\@babel+parser@7.29.7\node_modules\@babel\parser\lib\index.js:4665:38)
      at TypeScriptParserMixin.jsxParseOpeningElementAfterName (C:\Users\shami\Desktop\Low-Grade-F\node_modules\.pnpm\@babel+parser@7.29.7\node_modules\@babel\parser\lib\index.js:4679:28)
      at TypeScriptParserMixin.jsxParseOpeningElementAfterName (C:\Users\shami\Desktop\Low-Grade-F\node_modules\.pnpm\@babel+parser@7.29.7\node_modules\@babel\parser\lib\index.js:10060:18)
      at TypeScriptParserMixin.jsxParseOpeningElementAt (C:\Users\shami\Desktop\Low-Grade-F\node_modules\.pnpm\@babel+parser@7.29.7\node_modules\@babel\parser\lib\index.js:4674:17)
      at TypeScriptParserMixin.jsxParseElementAt (C:\Users\shami\Desktop\Low-Grade-F\node_modules\.pnpm\@babel+parser@7.29.7\node_modules\@babel\parser\lib\index.js:4698:33)
      at TypeScriptParserMixin.jsxParseElement (C:\Users\shami\Desktop\Low-Grade-F\node_modules\.pnpm\@babel+parser@7.29.7\node_modules\@babel\parser\lib\index.js:4761:17)
      at TypeScriptParserMixin.parseExprAtom (C:\Users\shami\Desktop\Low-Grade-F\node_modules\.pnpm\@babel+parser@7.29.7\node_modules\@babel\parser\lib\index.js:4771:19)
      at TypeScriptParserMixin.parseExprSubscripts (C:\Users\shami\Desktop\Low-Grade-F\node_modules\.pnpm\@babel+parser@7.29.7\node_modules\@babel\parser\lib\index.js:11098:23)
      at TypeScriptParserMixin.parseUpdate (C:\Users\shami\Desktop\Low-Grade-F\node_modules\.pnpm\@babel+parser@7.29.7\node_modules\@babel\parser\lib\index.js:11083:21)
      at TypeScriptParserMixin.parseMaybeUnary (C:\Users\shami\Desktop\Low-Grade-F\node_modules\.pnpm\@babel+parser@7.29.7\node_modules\@babel\parser\lib\index.js:11063:23)
      at TypeScriptParserMixin.parseMaybeUnary (C:\Users\shami\Desktop\Low-Grade-F\node_modules\.pnpm\@babel+parser@7.29.7\node_modules\@babel\parser\lib\index.js:9854:18)
      at TypeScriptParserMixin.parseMaybeUnaryOrPrivate (C:\Users\shami\Desktop\Low-Grade-F\node_modules\.pnpm\@babel+parser@7.29.7\node_modules\@babel\parser\lib\index.js:10916:61)
      at TypeScriptParserMixin.parseExprOps (C:\Users\shami\Desktop\Low-Grade-F\node_modules\.pnpm\@babel+parser@7.29.7\node_modules\@babel\parser\lib\index.js:10921:23)
      at TypeScriptParserMixin.parseMaybeConditional (C:\Users\shami\Desktop\Low-Grade-F\node_modules\.pnpm\@babel+parser@7.29.7\node_modules\@babel\parser\lib\index.js:10898:23)
      at TypeScriptParserMixin.parseMaybeAssign (C:\Users\shami\Desktop\Low-Grade-F\node_modules\.pnpm\@babel+parser@7.29.7\node_modules\@babel\parser\lib\index.js:10848:21)
      at C:\Users\shami\Desktop\Low-Grade-F\node_modules\.pnpm\@babel+parser@7.29.7\node_modules\@babel\parser\lib\index.js:9792:39
      at TypeScriptParserMixin.tryParse (C:\Users\shami\Desktop\Low-Grade-F\node_modules\.pnpm\@babel+parser@7.29.7\node_modules\@babel\parser\lib\index.js:6924:20)
      at TypeScriptParserMixin.parseMaybeAssign (C:\Users\shami\Desktop\Low-Grade-F\node_modules\.pnpm\@babel+parser@7.29.7\node_modules\@babel\parser\lib\index.js:9792:18)
      at C:\Users\shami\Desktop\Low-Grade-F\node_modules\.pnpm\@babel+parser@7.29.7\node_modules\@babel\parser\lib\index.js:10817:39
      at TypeScriptParserMixin.allowInAnd (C:\Users\shami\Desktop\Low-Grade-F\node_modules\.pnpm\@babel+parser@7.29.7\node_modules\@babel\parser\lib\index.js:12443:12)
      at TypeScriptParserMixin.parseMaybeAssignAllowIn (C:\Users\shami\Desktop\Low-Grade-F\node_modules\.pnpm\@babel+parser@7.29.7\node_modules\@babel\parser\lib\index.js:10817:17)
      at TypeScriptParserMixin.parseMaybeAssignAllowInOrVoidPattern (C:\Users\shami\Desktop\Low-Grade-F\node_modules\.pnpm\@babel+parser@7.29.7\node_modules\@babel\parser\lib\index.js:12510:17)
      at TypeScriptParserMixin.parseParenAndDistinguishExpression (C:\Users\shami\Desktop\Low-Grade-F\node_modules\.pnpm\@babel+parser@7.29.7\node_modules\@babel\parser\lib\index.js:11692:28)
      at TypeScriptParserMixin.parseExprAtom (C:\Users\shami\Desktop\Low-Grade-F\node_modules\.pnpm\@babel+parser@7.29.7\node_modules\@babel\parser\lib\index.js:11348:23)
      at TypeScriptParserMixin.parseExprAtom (C:\Users\shami\Desktop\Low-Grade-F\node_modules\.pnpm\@babel+parser@7.29.7\node_modules\@babel\parser\lib\index.js:4776:20)
      at TypeScriptParserMixin.parseExprSubscripts (C:\Users\shami\Desktop\Low-Grade-F\node_modules\.pnpm\@babel+parser@7.29.7\node_modules\@babel\parser\lib\index.js:11098:23)
      at TypeScriptParserMixin.parseUpdate (C:\Users\shami\Desktop\Low-Grade-F\node_modules\.pnpm\@babel+parser@7.29.7\node_modules\@babel\parser\lib\index.js:11083:21)
      at TypeScriptParserMixin.parseMaybeUnary (C:\Users\shami\Desktop\Low-Grade-F\node_modules\.pnpm\@babel+parser@7.29.7\node_modules\@babel\parser\lib\index.js:11063:23)
      at TypeScriptParserMixin.parseMaybeUnary (C:\Users\shami\Desktop\Low-Grade-F\node_modules\.pnpm\@babel+parser@7.29.7\node_modules\@babel\parser\lib\index.js:9854:18)
      at TypeScriptParserMixin.parseMaybeUnaryOrPrivate (C:\Users\shami\Desktop\Low-Grade-F\node_modules\.pnpm\@babel+parser@7.29.7\node_modules\@babel\parser\lib\index.js:10916:61)
      at TypeScriptParserMixin.parseExprOps (C:\Users\shami\Desktop\Low-Grade-F\node_modules\.pnpm\@babel+parser@7.29.7\node_modules\@babel\parser\lib\index.js:10921:23)
      at TypeScriptParserMixin.parseMaybeConditional (C:\Users\shami\Desktop\Low-Grade-F\node_modules\.pnpm\@babel+parser@7.29.7\node_modules\@babel\parser\lib\index.js:10898:23)
      at TypeScriptParserMixin.parseMaybeAssign (C:\Users\shami\Desktop\Low-Grade-F\node_modules\.pnpm\@babel+parser@7.29.7\node_modules\@babel\parser\lib\index.js:10848:21)
      at TypeScriptParserMixin.parseMaybeAssign (C:\Users\shami\Desktop\Low-Grade-F\node_modules\.pnpm\@babel+parser@7.29.7\node_modules\@babel\parser\lib\index.js:9803:20)
      at TypeScriptParserMixin.parseExpressionBase (C:\Users\shami\Desktop\Low-Grade-F\node_modules\.pnpm\@babel+parser@7.29.7\node_modules\@babel\parser\lib\index.js:10801:23)
      at C:\Users\shami\Desktop\Low-Grade-F\node_modules\.pnpm\@babel+parser@7.29.7\node_modules\@babel\parser\lib\index.js:10797:39
      at TypeScriptParserMixin.allowInAnd (C:\Users\shami\Desktop\Low-Grade-F\node_modules\.pnpm\@babel+parser@7.29.7\node_modules\@babel\parser\lib\index.js:12438:16)
      at TypeScriptParserMixin.parseExpression (C:\Users\shami\Desktop\Low-Grade-F\node_modules\.pnpm\@babel+parser@7.29.7\node_modules\@babel\parser\lib\index.js:10797:17)
      at TypeScriptParserMixin.parseReturnStatement (C:\Users\shami\Desktop\Low-Grade-F\node_modules\.pnpm\@babel+parser@7.29.7\node_modules\@babel\parser\lib\index.js:13159:28)
      at TypeScriptParserMixin.parseStatementContent (C:\Users\shami\Desktop\Low-Grade-F\node_modules\.pnpm\@babel+parser@7.29.7\node_modules\@babel\parser\lib\index.js:12815:21)
      at TypeScriptParserMixin.parseStatementContent (C:\Users\shami\Desktop\Low-Grade-F\node_modules\.pnpm\@babel+parser@7.29.7\node_modules\@babel\parser\lib\index.js:9525:18)
      at TypeScriptParserMixin.parseStatementLike (C:\Users\shami\Desktop\Low-Grade-F\node_modules\.pnpm\@babel+parser@7.29.7\node_modules\@babel\parser\lib\index.js:12784:17)
      at TypeScriptParserMixin.parseStatementListItem (C:\Users\shami\Desktop\Low-Grade-F\node_modules\.pnpm\@babel+parser@7.29.7\node_modules\@babel\parser\lib\index.js:12764:17)
      at TypeScriptParserMixin.parseBlockOrModuleBlockBody (C:\Users\shami\Desktop\Low-Grade-F\node_modules\.pnpm\@babel+parser@7.29.7\node_modules\@babel\parser\lib\index.js:13333:61)
[2m2:56:00 AM[22m [31m[1m[vite][22m[39m [31mInternal server error: C:\Users\shami\Desktop\Low-Grade-F\artifacts\lgf-website\src\components\sections\Gallery.tsx: Unexpected token (30:78)

[0m [90m 28 |[31m   [36mreturn[31m (
 [90m 29 |[31m     [90m// ✅ FIX: Removed border-t border-[#111] — same white line cause as Films.tsx[31m
[31m[1m>[22m[31m[90m 30 |[31m     [33m<[31m[33msection[31m id[33m=[31m[32m"work"[31m className[33m=[31m[32m"section-shell bg-black"[31m style[33m=[31m[32m"{padding-top"[31m[33m:[31m[35m0[31m}[33m>[31m
 [90m    |[31m                                                                               [31m[1m^[22m[31m
 [90m 31 |[31m       [33m<[31m[33mdiv[31m className[33m=[31m[32m"section-inner section-heading-wrap text-center"[31m[33m>[31m
 [90m 32 |[31m         [33m<[31m[33mh2[31m
 [90m 33 |[31m           ref[33m=[31m{headingRef}[0m[39m
  Plugin: [35mvite:react-babel[39m
  File: [36mC:/Users/shami/Desktop/Low-Grade-F/artifacts/lgf-website/src/components/sections/Gallery.tsx[39m:30:78
[33m  29 |      // ✅ FIX: Removed border-t border-[#111] — same white line cause as Films.tsx
  30 |      <section id="work" className="section-shell bg-black" style="{padding-top":0}>
  31 |        <div className="section-inner section-heading-wrap text-center">
     |                          ^
  32 |          <h2
  33 |            ref={headingRef}[39m
      at constructor (C:\Users\shami\Desktop\Low-Grade-F\node_modules\.pnpm\@babel+parser@7.29.7\node_modules\@babel\parser\lib\index.js:365:19)
      at TypeScriptParserMixin.raise (C:\Users\shami\Desktop\Low-Grade-F\node_modules\.pnpm\@babel+parser@7.29.7\node_modules\@babel\parser\lib\index.js:6616:19)
      at TypeScriptParserMixin.unexpected (C:\Users\shami\Desktop\Low-Grade-F\node_modules\.pnpm\@babel+parser@7.29.7\node_modules\@babel\parser\lib\index.js:6636:16)
      at TypeScriptParserMixin.jsxParseIdentifier (C:\Users\shami\Desktop\Low-Grade-F\node_modules\.pnpm\@babel+parser@7.29.7\node_modules\@babel\parser\lib\index.js:4581:12)
      at TypeScriptParserMixin.jsxParseNamespacedName (C:\Users\shami\Desktop\Low-Grade-F\node_modules\.pnpm\@babel+parser@7.29.7\node_modules\@babel\parser\lib\index.js:4588:23)
      at TypeScriptParserMixin.jsxParseAttribute (C:\Users\shami\Desktop\Low-Grade-F\node_modules\.pnpm\@babel+parser@7.29.7\node_modules\@babel\parser\lib\index.js:4664:22)
      at TypeScriptParserMixin.jsxParseOpeningElementAfterName (C:\Users\shami\Desktop\Low-Grade-F\node_modules\.pnpm\@babel+parser@7.29.7\node_modules\@babel\parser\lib\index.js:4679:28)
      at TypeScriptParserMixin.jsxParseOpeningElementAfterName (C:\Users\shami\Desktop\Low-Grade-F\node_modules\.pnpm\@babel+parser@7.29.7\node_modules\@babel\parser\lib\index.js:10060:18)
      at TypeScriptParserMixin.jsxParseOpeningElementAt (C:\Users\shami\Desktop\Low-Grade-F\node_modules\.pnpm\@babel+parser@7.29.7\node_modules\@babel\parser\lib\index.js:4674:17)
      at TypeScriptParserMixin.jsxParseElementAt (C:\Users\shami\Desktop\Low-Grade-F\node_modules\.pnpm\@babel+parser@7.29.7\node_modules\@babel\parser\lib\index.js:4698:33)
      at TypeScriptParserMixin.jsxParseElement (C:\Users\shami\Desktop\Low-Grade-F\node_modules\.pnpm\@babel+parser@7.29.7\node_modules\@babel\parser\lib\index.js:4761:17)
      at TypeScriptParserMixin.parseExprAtom (C:\Users\shami\Desktop\Low-Grade-F\node_modules\.pnpm\@babel+parser@7.29.7\node_modules\@babel\parser\lib\index.js:4771:19)
      at TypeScriptParserMixin.parseExprSubscripts (C:\Users\shami\Desktop\Low-Grade-F\node_modules\.pnpm\@babel+parser@7.29.7\node_modules\@babel\parser\lib\index.js:11098:23)
      at TypeScriptParserMixin.parseUpdate (C:\Users\shami\Desktop\Low-Grade-F\node_modules\.pnpm\@babel+parser@7.29.7\node_modules\@babel\parser\lib\index.js:11083:21)
      at TypeScriptParserMixin.parseMaybeUnary (C:\Users\shami\Desktop\Low-Grade-F\node_modules\.pnpm\@babel+parser@7.29.7\node_modules\@babel\parser\lib\index.js:11063:23)
      at TypeScriptParserMixin.parseMaybeUnary (C:\Users\shami\Desktop\Low-Grade-F\node_modules\.pnpm\@babel+parser@7.29.7\node_modules\@babel\parser\lib\index.js:9854:18)
      at TypeScriptParserMixin.parseMaybeUnaryOrPrivate (C:\Users\shami\Desktop\Low-Grade-F\node_modules\.pnpm\@babel+parser@7.29.7\node_modules\@babel\parser\lib\index.js:10916:61)
      at TypeScriptParserMixin.parseExprOps (C:\Users\shami\Desktop\Low-Grade-F\node_modules\.pnpm\@babel+parser@7.29.7\node_modules\@babel\parser\lib\index.js:10921:23)
      at TypeScriptParserMixin.parseMaybeConditional (C:\Users\shami\Desktop\Low-Grade-F\node_modules\.pnpm\@babel+parser@7.29.7\node_modules\@babel\parser\lib\index.js:10898:23)
      at TypeScriptParserMixin.parseMaybeAssign (C:\Users\shami\Desktop\Low-Grade-F\node_modules\.pnpm\@babel+parser@7.29.7\node_modules\@babel\parser\lib\index.js:10848:21)
      at C:\Users\shami\Desktop\Low-Grade-F\node_modules\.pnpm\@babel+parser@7.29.7\node_modules\@babel\parser\lib\index.js:9792:39
      at TypeScriptParserMixin.tryParse (C:\Users\shami\Desktop\Low-Grade-F\node_modules\.pnpm\@babel+parser@7.29.7\node_modules\@babel\parser\lib\index.js:6924:20)
      at TypeScriptParserMixin.parseMaybeAssign (C:\Users\shami\Desktop\Low-Grade-F\node_modules\.pnpm\@babel+parser@7.29.7\node_modules\@babel\parser\lib\index.js:9792:18)
      at C:\Users\shami\Desktop\Low-Grade-F\node_modules\.pnpm\@babel+parser@7.29.7\node_modules\@babel\parser\lib\index.js:10817:39
      at TypeScriptParserMixin.allowInAnd (C:\Users\shami\Desktop\Low-Grade-F\node_modules\.pnpm\@babel+parser@7.29.7\node_modules\@babel\parser\lib\index.js:12443:12)
      at TypeScriptParserMixin.parseMaybeAssignAllowIn (C:\Users\shami\Desktop\Low-Grade-F\node_modules\.pnpm\@babel+parser@7.29.7\node_modules\@babel\parser\lib\index.js:10817:17)
      at TypeScriptParserMixin.parseMaybeAssignAllowInOrVoidPattern (C:\Users\shami\Desktop\Low-Grade-F\node_modules\.pnpm\@babel+parser@7.29.7\node_modules\@babel\parser\lib\index.js:12510:17)
      at TypeScriptParserMixin.parseParenAndDistinguishExpression (C:\Users\shami\Desktop\Low-Grade-F\node_modules\.pnpm\@babel+parser@7.29.7\node_modules\@babel\parser\lib\index.js:11692:28)
      at TypeScriptParserMixin.parseExprAtom (C:\Users\shami\Desktop\Low-Grade-F\node_modules\.pnpm\@babel+parser@7.29.7\node_modules\@babel\parser\lib\index.js:11348:23)
      at TypeScriptParserMixin.parseExprAtom (C:\Users\shami\Desktop\Low-Grade-F\node_modules\.pnpm\@babel+parser@7.29.7\node_modules\@babel\parser\lib\index.js:4776:20)
      at TypeScriptParserMixin.parseExprSubscripts (C:\Users\shami\Desktop\Low-Grade-F\node_modules\.pnpm\@babel+parser@7.29.7\node_modules\@babel\parser\lib\index.js:11098:23)
      at TypeScriptParserMixin.parseUpdate (C:\Users\shami\Desktop\Low-Grade-F\node_modules\.pnpm\@babel+parser@7.29.7\node_modules\@babel\parser\lib\index.js:11083:21)
      at TypeScriptParserMixin.parseMaybeUnary (C:\Users\shami\Desktop\Low-Grade-F\node_modules\.pnpm\@babel+parser@7.29.7\node_modules\@babel\parser\lib\index.js:11063:23)
      at TypeScriptParserMixin.parseMaybeUnary (C:\Users\shami\Desktop\Low-Grade-F\node_modules\.pnpm\@babel+parser@7.29.7\node_modules\@babel\parser\lib\index.js:9854:18)
      at TypeScriptParserMixin.parseMaybeUnaryOrPrivate (C:\Users\shami\Desktop\Low-Grade-F\node_modules\.pnpm\@babel+parser@7.29.7\node_modules\@babel\parser\lib\index.js:10916:61)
      at TypeScriptParserMixin.parseExprOps (C:\Users\shami\Desktop\Low-Grade-F\node_modules\.pnpm\@babel+parser@7.29.7\node_modules\@babel\parser\lib\index.js:10921:23)
      at TypeScriptParserMixin.parseMaybeConditional (C:\Users\shami\Desktop\Low-Grade-F\node_modules\.pnpm\@babel+parser@7.29.7\node_modules\@babel\parser\lib\index.js:10898:23)
      at TypeScriptParserMixin.parseMaybeAssign (C:\Users\shami\Desktop\Low-Grade-F\node_modules\.pnpm\@babel+parser@7.29.7\node_modules\@babel\parser\lib\index.js:10848:21)
      at TypeScriptParserMixin.parseMaybeAssign (C:\Users\shami\Desktop\Low-Grade-F\node_modules\.pnpm\@babel+parser@7.29.7\node_modules\@babel\parser\lib\index.js:9803:20)
      at TypeScriptParserMixin.parseExpressionBase (C:\Users\shami\Desktop\Low-Grade-F\node_modules\.pnpm\@babel+parser@7.29.7\node_modules\@babel\parser\lib\index.js:10801:23)
      at C:\Users\shami\Desktop\Low-Grade-F\node_modules\.pnpm\@babel+parser@7.29.7\node_modules\@babel\parser\lib\index.js:10797:39
      at TypeScriptParserMixin.allowInAnd (C:\Users\shami\Desktop\Low-Grade-F\node_modules\.pnpm\@babel+parser@7.29.7\node_modules\@babel\parser\lib\index.js:12438:16)
      at TypeScriptParserMixin.parseExpression (C:\Users\shami\Desktop\Low-Grade-F\node_modules\.pnpm\@babel+parser@7.29.7\node_modules\@babel\parser\lib\index.js:10797:17)
      at TypeScriptParserMixin.parseReturnStatement (C:\Users\shami\Desktop\Low-Grade-F\node_modules\.pnpm\@babel+parser@7.29.7\node_modules\@babel\parser\lib\index.js:13159:28)
      at TypeScriptParserMixin.parseStatementContent (C:\Users\shami\Desktop\Low-Grade-F\node_modules\.pnpm\@babel+parser@7.29.7\node_modules\@babel\parser\lib\index.js:12815:21)
      at TypeScriptParserMixin.parseStatementContent (C:\Users\shami\Desktop\Low-Grade-F\node_modules\.pnpm\@babel+parser@7.29.7\node_modules\@babel\parser\lib\index.js:9525:18)
      at TypeScriptParserMixin.parseStatementLike (C:\Users\shami\Desktop\Low-Grade-F\node_modules\.pnpm\@babel+parser@7.29.7\node_modules\@babel\parser\lib\index.js:12784:17)
      at TypeScriptParserMixin.parseStatementListItem (C:\Users\shami\Desktop\Low-Grade-F\node_modules\.pnpm\@babel+parser@7.29.7\node_modules\@babel\parser\lib\index.js:12764:17)
      at TypeScriptParserMixin.parseBlockOrModuleBlockBody (C:\Users\shami\Desktop\Low-Grade-F\node_modules\.pnpm\@babel+parser@7.29.7\node_modules\@babel\parser\lib\index.js:13333:61)
      at TypeScriptParserMixin.parseBlockBody (C:\Users\shami\Desktop\Low-Grade-F\node_modules\.pnpm\@babel+parser@7.29.7\node_modules\@babel\parser\lib\index.js:13326:10)
[2m2:56:03 AM[22m [31m[1m[vite][22m[39m [31mInternal server error: C:\Users\shami\Desktop\Low-Grade-F\artifacts\lgf-website\src\components\sections\Gallery.tsx: Unexpected token (30:77)

[0m [90m 28 |[31m   [36mreturn[31m (
 [90m 29 |[31m     [90m// ✅ FIX: Removed border-t border-[#111] — same white line cause as Films.tsx[31m
[31m[1m>[22m[31m[90m 30 |[31m     [33m<[31m[33msection[31m id[33m=[31m[32m"work"[31m className[33m=[31m[32m"section-shell bg-black"[31m style[33m=[31m[32m"padding-top"[31m[33m:[31m[35m0[31m}[33m>[31m
 [90m    |[31m                                                                              [31m[1m^[22m[31m
 [90m 31 |[31m       [33m<[31m[33mdiv[31m className[33m=[31m[32m"section-inner section-heading-wrap text-center"[31m[33m>[31m
 [90m 32 |[31m         [33m<[31m[33mh2[31m
 [90m 33 |[31m           ref[33m=[31m{headingRef}[0m[39m
  Plugin: [35mvite:react-babel[39m
  File: [36mC:/Users/shami/Desktop/Low-Grade-F/artifacts/lgf-website/src/components/sections/Gallery.tsx[39m:30:77
[33m  29 |      // ✅ FIX: Removed border-t border-[#111] — same white line cause as Films.tsx
  30 |      <section id="work" className="section-shell bg-black" style="padding-top":0}>
  31 |        <div className="section-inner section-heading-wrap text-center">
     |                          ^
  32 |          <h2
  33 |            ref={headingRef}[39m
      at constructor (C:\Users\shami\Desktop\Low-Grade-F\node_modules\.pnpm\@babel+parser@7.29.7\node_modules\@babel\parser\lib\index.js:365:19)
      at TypeScriptParserMixin.raise (C:\Users\shami\Desktop\Low-Grade-F\node_modules\.pnpm\@babel+parser@7.29.7\node_modules\@babel\parser\lib\index.js:6616:19)
      at TypeScriptParserMixin.unexpected (C:\Users\shami\Desktop\Low-Grade-F\node_modules\.pnpm\@babel+parser@7.29.7\node_modules\@babel\parser\lib\index.js:6636:16)
      at TypeScriptParserMixin.jsxParseIdentifier (C:\Users\shami\Desktop\Low-Grade-F\node_modules\.pnpm\@babel+parser@7.29.7\node_modules\@babel\parser\lib\index.js:4581:12)
      at TypeScriptParserMixin.jsxParseNamespacedName (C:\Users\shami\Desktop\Low-Grade-F\node_modules\.pnpm\@babel+parser@7.29.7\node_modules\@babel\parser\lib\index.js:4588:23)
      at TypeScriptParserMixin.jsxParseAttribute (C:\Users\shami\Desktop\Low-Grade-F\node_modules\.pnpm\@babel+parser@7.29.7\node_modules\@babel\parser\lib\index.js:4664:22)
      at TypeScriptParserMixin.jsxParseOpeningElementAfterName (C:\Users\shami\Desktop\Low-Grade-F\node_modules\.pnpm\@babel+parser@7.29.7\node_modules\@babel\parser\lib\index.js:4679:28)
      at TypeScriptParserMixin.jsxParseOpeningElementAfterName (C:\Users\shami\Desktop\Low-Grade-F\node_modules\.pnpm\@babel+parser@7.29.7\node_modules\@babel\parser\lib\index.js:10060:18)
      at TypeScriptParserMixin.jsxParseOpeningElementAt (C:\Users\shami\Desktop\Low-Grade-F\node_modules\.pnpm\@babel+parser@7.29.7\node_modules\@babel\parser\lib\index.js:4674:17)
      at TypeScriptParserMixin.jsxParseElementAt (C:\Users\shami\Desktop\Low-Grade-F\node_modules\.pnpm\@babel+parser@7.29.7\node_modules\@babel\parser\lib\index.js:4698:33)
      at TypeScriptParserMixin.jsxParseElement (C:\Users\shami\Desktop\Low-Grade-F\node_modules\.pnpm\@babel+parser@7.29.7\node_modules\@babel\parser\lib\index.js:4761:17)
      at TypeScriptParserMixin.parseExprAtom (C:\Users\shami\Desktop\Low-Grade-F\node_modules\.pnpm\@babel+parser@7.29.7\node_modules\@babel\parser\lib\index.js:4771:19)
      at TypeScriptParserMixin.parseExprSubscripts (C:\Users\shami\Desktop\Low-Grade-F\node_modules\.pnpm\@babel+parser@7.29.7\node_modules\@babel\parser\lib\index.js:11098:23)
      at TypeScriptParserMixin.parseUpdate (C:\Users\shami\Desktop\Low-Grade-F\node_modules\.pnpm\@babel+parser@7.29.7\node_modules\@babel\parser\lib\index.js:11083:21)
      at TypeScriptParserMixin.parseMaybeUnary (C:\Users\shami\Desktop\Low-Grade-F\node_modules\.pnpm\@babel+parser@7.29.7\node_modules\@babel\parser\lib\index.js:11063:23)
      at TypeScriptParserMixin.parseMaybeUnary (C:\Users\shami\Desktop\Low-Grade-F\node_modules\.pnpm\@babel+parser@7.29.7\node_modules\@babel\parser\lib\index.js:9854:18)
      at TypeScriptParserMixin.parseMaybeUnaryOrPrivate (C:\Users\shami\Desktop\Low-Grade-F\node_modules\.pnpm\@babel+parser@7.29.7\node_modules\@babel\parser\lib\index.js:10916:61)
      at TypeScriptParserMixin.parseExprOps (C:\Users\shami\Desktop\Low-Grade-F\node_modules\.pnpm\@babel+parser@7.29.7\node_modules\@babel\parser\lib\index.js:10921:23)
      at TypeScriptParserMixin.parseMaybeConditional (C:\Users\shami\Desktop\Low-Grade-F\node_modules\.pnpm\@babel+parser@7.29.7\node_modules\@babel\parser\lib\index.js:10898:23)
      at TypeScriptParserMixin.parseMaybeAssign (C:\Users\shami\Desktop\Low-Grade-F\node_modules\.pnpm\@babel+parser@7.29.7\node_modules\@babel\parser\lib\index.js:10848:21)
      at C:\Users\shami\Desktop\Low-Grade-F\node_modules\.pnpm\@babel+parser@7.29.7\node_modules\@babel\parser\lib\index.js:9792:39
      at TypeScriptParserMixin.tryParse (C:\Users\shami\Desktop\Low-Grade-F\node_modules\.pnpm\@babel+parser@7.29.7\node_modules\@babel\parser\lib\index.js:6924:20)
      at TypeScriptParserMixin.parseMaybeAssign (C:\Users\shami\Desktop\Low-Grade-F\node_modules\.pnpm\@babel+parser@7.29.7\node_modules\@babel\parser\lib\index.js:9792:18)
      at C:\Users\shami\Desktop\Low-Grade-F\node_modules\.pnpm\@babel+parser@7.29.7\node_modules\@babel\parser\lib\index.js:10817:39
      at TypeScriptParserMixin.allowInAnd (C:\Users\shami\Desktop\Low-Grade-F\node_modules\.pnpm\@babel+parser@7.29.7\node_modules\@babel\parser\lib\index.js:12443:12)
      at TypeScriptParserMixin.parseMaybeAssignAllowIn (C:\Users\shami\Desktop\Low-Grade-F\node_modules\.pnpm\@babel+parser@7.29.7\node_modules\@babel\parser\lib\index.js:10817:17)
      at TypeScriptParserMixin.parseMaybeAssignAllowInOrVoidPattern (C:\Users\shami\Desktop\Low-Grade-F\node_modules\.pnpm\@babel+parser@7.29.7\node_modules\@babel\parser\lib\index.js:12510:17)
      at TypeScriptParserMixin.parseParenAndDistinguishExpression (C:\Users\shami\Desktop\Low-Grade-F\node_modules\.pnpm\@babel+parser@7.29.7\node_modules\@babel\parser\lib\index.js:11692:28)
      at TypeScriptParserMixin.parseExprAtom (C:\Users\shami\Desktop\Low-Grade-F\node_modules\.pnpm\@babel+parser@7.29.7\node_modules\@babel\parser\lib\index.js:11348:23)
      at TypeScriptParserMixin.parseExprAtom (C:\Users\shami\Desktop\Low-Grade-F\node_modules\.pnpm\@babel+parser@7.29.7\node_modules\@babel\parser\lib\index.js:4776:20)
      at TypeScriptParserMixin.parseExprSubscripts (C:\Users\shami\Desktop\Low-Grade-F\node_modules\.pnpm\@babel+parser@7.29.7\node_modules\@babel\parser\lib\index.js:11098:23)
      at TypeScriptParserMixin.parseUpdate (C:\Users\shami\Desktop\Low-Grade-F\node_modules\.pnpm\@babel+parser@7.29.7\node_modules\@babel\parser\lib\index.js:11083:21)
      at TypeScriptParserMixin.parseMaybeUnary (C:\Users\shami\Desktop\Low-Grade-F\node_modules\.pnpm\@babel+parser@7.29.7\node_modules\@babel\parser\lib\index.js:11063:23)
      at TypeScriptParserMixin.parseMaybeUnary (C:\Users\shami\Desktop\Low-Grade-F\node_modules\.pnpm\@babel+parser@7.29.7\node_modules\@babel\parser\lib\index.js:9854:18)
      at TypeScriptParserMixin.parseMaybeUnaryOrPrivate (C:\Users\shami\Desktop\Low-Grade-F\node_modules\.pnpm\@babel+parser@7.29.7\node_modules\@babel\parser\lib\index.js:10916:61)
      at TypeScriptParserMixin.parseExprOps (C:\Users\shami\Desktop\Low-Grade-F\node_modules\.pnpm\@babel+parser@7.29.7\node_modules\@babel\parser\lib\index.js:10921:23)
      at TypeScriptParserMixin.parseMaybeConditional (C:\Users\shami\Desktop\Low-Grade-F\node_modules\.pnpm\@babel+parser@7.29.7\node_modules\@babel\parser\lib\index.js:10898:23)
      at TypeScriptParserMixin.parseMaybeAssign (C:\Users\shami\Desktop\Low-Grade-F\node_modules\.pnpm\@babel+parser@7.29.7\node_modules\@babel\parser\lib\index.js:10848:21)
      at TypeScriptParserMixin.parseMaybeAssign (C:\Users\shami\Desktop\Low-Grade-F\node_modules\.pnpm\@babel+parser@7.29.7\node_modules\@babel\parser\lib\index.js:9803:20)
      at TypeScriptParserMixin.parseExpressionBase (C:\Users\shami\Desktop\Low-Grade-F\node_modules\.pnpm\@babel+parser@7.29.7\node_modules\@babel\parser\lib\index.js:10801:23)
      at C:\Users\shami\Desktop\Low-Grade-F\node_modules\.pnpm\@babel+parser@7.29.7\node_modules\@babel\parser\lib\index.js:10797:39
      at TypeScriptParserMixin.allowInAnd (C:\Users\shami\Desktop\Low-Grade-F\node_modules\.pnpm\@babel+parser@7.29.7\node_modules\@babel\parser\lib\index.js:12438:16)
      at TypeScriptParserMixin.parseExpression (C:\Users\shami\Desktop\Low-Grade-F\node_modules\.pnpm\@babel+parser@7.29.7\node_modules\@babel\parser\lib\index.js:10797:17)
      at TypeScriptParserMixin.parseReturnStatement (C:\Users\shami\Desktop\Low-Grade-F\node_modules\.pnpm\@babel+parser@7.29.7\node_modules\@babel\parser\lib\index.js:13159:28)
      at TypeScriptParserMixin.parseStatementContent (C:\Users\shami\Desktop\Low-Grade-F\node_modules\.pnpm\@babel+parser@7.29.7\node_modules\@babel\parser\lib\index.js:12815:21)
      at TypeScriptParserMixin.parseStatementContent (C:\Users\shami\Desktop\Low-Grade-F\node_modules\.pnpm\@babel+parser@7.29.7\node_modules\@babel\parser\lib\index.js:9525:18)
      at TypeScriptParserMixin.parseStatementLike (C:\Users\shami\Desktop\Low-Grade-F\node_modules\.pnpm\@babel+parser@7.29.7\node_modules\@babel\parser\lib\index.js:12784:17)
      at TypeScriptParserMixin.parseStatementListItem (C:\Users\shami\Desktop\Low-Grade-F\node_modules\.pnpm\@babel+parser@7.29.7\node_modules\@babel\parser\lib\index.js:12764:17)
      at TypeScriptParserMixin.parseBlockOrModuleBlockBody (C:\Users\shami\Desktop\Low-Grade-F\node_modules\.pnpm\@babel+parser@7.29.7\node_modules\@babel\parser\lib\index.js:13333:61)
      at TypeScriptParserMixin.parseBlockBody (C:\Users\shami\Desktop\Low-Grade-F\node_modules\.pnpm\@babel+parser@7.29.7\node_modules\@babel\parser\lib\index.js:13326:10)
[2m2:56:04 AM[22m [31m[1m[vite][22m[39m [31mInternal server error: C:\Users\shami\Desktop\Low-Grade-F\artifacts\lgf-website\src\components\sections\Gallery.tsx: Unexpected token, expected "}" (30:78)

[0m [90m 28 |[31m   [36mreturn[31m (
 [90m 29 |[31m     [90m// ✅ FIX: Removed border-t border-[#111] — same white line cause as Films.tsx[31m
[31m[1m>[22m[31m[90m 30 |[31m     [33m<[31m[33msection[31m id[33m=[31m[32m"work"[31m className[33m=[31m[32m"section-shell bg-black"[31m style[33m=[31m{[32m"padding-top"[31m[33m:[31m[35m0[31m}[33m>[31m
 [90m    |[31m                                                                               [31m[1m^[22m[31m
 [90m 31 |[31m       [33m<[31m[33mdiv[31m className[33m=[31m[32m"section-inner section-heading-wrap text-center"[31m[33m>[31m
 [90m 32 |[31m         [33m<[31m[33mh2[31m
 [90m 33 |[31m           ref[33m=[31m{headingRef}[0m[39m
  Plugin: [35mvite:react-babel[39m
  File: [36mC:/Users/shami/Desktop/Low-Grade-F/artifacts/lgf-website/src/components/sections/Gallery.tsx[39m:30:78
[33m  29 |      // ✅ FIX: Removed border-t border-[#111] — same white line cause as Films.tsx
  30 |      <section id="work" className="section-shell bg-black" style={"padding-top":0}>
  31 |        <div className="section-inner section-heading-wrap text-center">
     |                          ^
  32 |          <h2
  33 |            ref={headingRef}[39m
      at constructor (C:\Users\shami\Desktop\Low-Grade-F\node_modules\.pnpm\@babel+parser@7.29.7\node_modules\@babel\parser\lib\index.js:365:19)
      at TypeScriptParserMixin.raise (C:\Users\shami\Desktop\Low-Grade-F\node_modules\.pnpm\@babel+parser@7.29.7\node_modules\@babel\parser\lib\index.js:6616:19)
      at TypeScriptParserMixin.unexpected (C:\Users\shami\Desktop\Low-Grade-F\node_modules\.pnpm\@babel+parser@7.29.7\node_modules\@babel\parser\lib\index.js:6636:16)
      at TypeScriptParserMixin.expect (C:\Users\shami\Desktop\Low-Grade-F\node_modules\.pnpm\@babel+parser@7.29.7\node_modules\@babel\parser\lib\index.js:6916:12)
      at TypeScriptParserMixin.jsxParseExpressionContainer (C:\Users\shami\Desktop\Low-Grade-F\node_modules\.pnpm\@babel+parser@7.29.7\node_modules\@babel\parser\lib\index.js:4649:10)
      at TypeScriptParserMixin.jsxParseAttributeValue (C:\Users\shami\Desktop\Low-Grade-F\node_modules\.pnpm\@babel+parser@7.29.7\node_modules\@babel\parser\lib\index.js:4616:21)
      at TypeScriptParserMixin.jsxParseAttribute (C:\Users\shami\Desktop\Low-Grade-F\node_modules\.pnpm\@babel+parser@7.29.7\node_modules\@babel\parser\lib\index.js:4665:38)
      at TypeScriptParserMixin.jsxParseOpeningElementAfterName (C:\Users\shami\Desktop\Low-Grade-F\node_modules\.pnpm\@babel+parser@7.29.7\node_modules\@babel\parser\lib\index.js:4679:28)
      at TypeScriptParserMixin.jsxParseOpeningElementAfterName (C:\Users\shami\Desktop\Low-Grade-F\node_modules\.pnpm\@babel+parser@7.29.7\node_modules\@babel\parser\lib\index.js:10060:18)
      at TypeScriptParserMixin.jsxParseOpeningElementAt (C:\Users\shami\Desktop\Low-Grade-F\node_modules\.pnpm\@babel+parser@7.29.7\node_modules\@babel\parser\lib\index.js:4674:17)
      at TypeScriptParserMixin.jsxParseElementAt (C:\Users\shami\Desktop\Low-Grade-F\node_modules\.pnpm\@babel+parser@7.29.7\node_modules\@babel\parser\lib\index.js:4698:33)
      at TypeScriptParserMixin.jsxParseElement (C:\Users\shami\Desktop\Low-Grade-F\node_modules\.pnpm\@babel+parser@7.29.7\node_modules\@babel\parser\lib\index.js:4761:17)
      at TypeScriptParserMixin.parseExprAtom (C:\Users\shami\Desktop\Low-Grade-F\node_modules\.pnpm\@babel+parser@7.29.7\node_modules\@babel\parser\lib\index.js:4771:19)
      at TypeScriptParserMixin.parseExprSubscripts (C:\Users\shami\Desktop\Low-Grade-F\node_modules\.pnpm\@babel+parser@7.29.7\node_modules\@babel\parser\lib\index.js:11098:23)
      at TypeScriptParserMixin.parseUpdate (C:\Users\shami\Desktop\Low-Grade-F\node_modules\.pnpm\@babel+parser@7.29.7\node_modules\@babel\parser\lib\index.js:11083:21)
      at TypeScriptParserMixin.parseMaybeUnary (C:\Users\shami\Desktop\Low-Grade-F\node_modules\.pnpm\@babel+parser@7.29.7\node_modules\@babel\parser\lib\index.js:11063:23)
      at TypeScriptParserMixin.parseMaybeUnary (C:\Users\shami\Desktop\Low-Grade-F\node_modules\.pnpm\@babel+parser@7.29.7\node_modules\@babel\parser\lib\index.js:9854:18)
      at TypeScriptParserMixin.parseMaybeUnaryOrPrivate (C:\Users\shami\Desktop\Low-Grade-F\node_modules\.pnpm\@babel+parser@7.29.7\node_modules\@babel\parser\lib\index.js:10916:61)
      at TypeScriptParserMixin.parseExprOps (C:\Users\shami\Desktop\Low-Grade-F\node_modules\.pnpm\@babel+parser@7.29.7\node_modules\@babel\parser\lib\index.js:10921:23)
      at TypeScriptParserMixin.parseMaybeConditional (C:\Users\shami\Desktop\Low-Grade-F\node_modules\.pnpm\@babel+parser@7.29.7\node_modules\@babel\parser\lib\index.js:10898:23)
      at TypeScriptParserMixin.parseMaybeAssign (C:\Users\shami\Desktop\Low-Grade-F\node_modules\.pnpm\@babel+parser@7.29.7\node_modules\@babel\parser\lib\index.js:10848:21)
      at C:\Users\shami\Desktop\Low-Grade-F\node_modules\.pnpm\@babel+parser@7.29.7\node_modules\@babel\parser\lib\index.js:9792:39
      at TypeScriptParserMixin.tryParse (C:\Users\shami\Desktop\Low-Grade-F\node_modules\.pnpm\@babel+parser@7.29.7\node_modules\@babel\parser\lib\index.js:6924:20)
      at TypeScriptParserMixin.parseMaybeAssign (C:\Users\shami\Desktop\Low-Grade-F\node_modules\.pnpm\@babel+parser@7.29.7\node_modules\@babel\parser\lib\index.js:9792:18)
      at C:\Users\shami\Desktop\Low-Grade-F\node_modules\.pnpm\@babel+parser@7.29.7\node_modules\@babel\parser\lib\index.js:10817:39
      at TypeScriptParserMixin.allowInAnd (C:\Users\shami\Desktop\Low-Grade-F\node_modules\.pnpm\@babel+parser@7.29.7\node_modules\@babel\parser\lib\index.js:12443:12)
      at TypeScriptParserMixin.parseMaybeAssignAllowIn (C:\Users\shami\Desktop\Low-Grade-F\node_modules\.pnpm\@babel+parser@7.29.7\node_modules\@babel\parser\lib\index.js:10817:17)
      at TypeScriptParserMixin.parseMaybeAssignAllowInOrVoidPattern (C:\Users\shami\Desktop\Low-Grade-F\node_modules\.pnpm\@babel+parser@7.29.7\node_modules\@babel\parser\lib\index.js:12510:17)
      at TypeScriptParserMixin.parseParenAndDistinguishExpression (C:\Users\shami\Desktop\Low-Grade-F\node_modules\.pnpm\@babel+parser@7.29.7\node_modules\@babel\parser\lib\index.js:11692:28)
      at TypeScriptParserMixin.parseExprAtom (C:\Users\shami\Desktop\Low-Grade-F\node_modules\.pnpm\@babel+parser@7.29.7\node_modules\@babel\parser\lib\index.js:11348:23)
      at TypeScriptParserMixin.parseExprAtom (C:\Users\shami\Desktop\Low-Grade-F\node_modules\.pnpm\@babel+parser@7.29.7\node_modules\@babel\parser\lib\index.js:4776:20)
      at TypeScriptParserMixin.parseExprSubscripts (C:\Users\shami\Desktop\Low-Grade-F\node_modules\.pnpm\@babel+parser@7.29.7\node_modules\@babel\parser\lib\index.js:11098:23)
      at TypeScriptParserMixin.parseUpdate (C:\Users\shami\Desktop\Low-Grade-F\node_modules\.pnpm\@babel+parser@7.29.7\node_modules\@babel\parser\lib\index.js:11083:21)
      at TypeScriptParserMixin.parseMaybeUnary (C:\Users\shami\Desktop\Low-Grade-F\node_modules\.pnpm\@babel+parser@7.29.7\node_modules\@babel\parser\lib\index.js:11063:23)
      at TypeScriptParserMixin.parseMaybeUnary (C:\Users\shami\Desktop\Low-Grade-F\node_modules\.pnpm\@babel+parser@7.29.7\node_modules\@babel\parser\lib\index.js:9854:18)
      at TypeScriptParserMixin.parseMaybeUnaryOrPrivate (C:\Users\shami\Desktop\Low-Grade-F\node_modules\.pnpm\@babel+parser@7.29.7\node_modules\@babel\parser\lib\index.js:10916:61)
      at TypeScriptParserMixin.parseExprOps (C:\Users\shami\Desktop\Low-Grade-F\node_modules\.pnpm\@babel+parser@7.29.7\node_modules\@babel\parser\lib\index.js:10921:23)
      at TypeScriptParserMixin.parseMaybeConditional (C:\Users\shami\Desktop\Low-Grade-F\node_modules\.pnpm\@babel+parser@7.29.7\node_modules\@babel\parser\lib\index.js:10898:23)
      at TypeScriptParserMixin.parseMaybeAssign (C:\Users\shami\Desktop\Low-Grade-F\node_modules\.pnpm\@babel+parser@7.29.7\node_modules\@babel\parser\lib\index.js:10848:21)
      at TypeScriptParserMixin.parseMaybeAssign (C:\Users\shami\Desktop\Low-Grade-F\node_modules\.pnpm\@babel+parser@7.29.7\node_modules\@babel\parser\lib\index.js:9803:20)
      at TypeScriptParserMixin.parseExpressionBase (C:\Users\shami\Desktop\Low-Grade-F\node_modules\.pnpm\@babel+parser@7.29.7\node_modules\@babel\parser\lib\index.js:10801:23)
      at C:\Users\shami\Desktop\Low-Grade-F\node_modules\.pnpm\@babel+parser@7.29.7\node_modules\@babel\parser\lib\index.js:10797:39
      at TypeScriptParserMixin.allowInAnd (C:\Users\shami\Desktop\Low-Grade-F\node_modules\.pnpm\@babel+parser@7.29.7\node_modules\@babel\parser\lib\index.js:12438:16)
      at TypeScriptParserMixin.parseExpression (C:\Users\shami\Desktop\Low-Grade-F\node_modules\.pnpm\@babel+parser@7.29.7\node_modules\@babel\parser\lib\index.js:10797:17)
      at TypeScriptParserMixin.parseReturnStatement (C:\Users\shami\Desktop\Low-Grade-F\node_modules\.pnpm\@babel+parser@7.29.7\node_modules\@babel\parser\lib\index.js:13159:28)
      at TypeScriptParserMixin.parseStatementContent (C:\Users\shami\Desktop\Low-Grade-F\node_modules\.pnpm\@babel+parser@7.29.7\node_modules\@babel\parser\lib\index.js:12815:21)
      at TypeScriptParserMixin.parseStatementContent (C:\Users\shami\Desktop\Low-Grade-F\node_modules\.pnpm\@babel+parser@7.29.7\node_modules\@babel\parser\lib\index.js:9525:18)
      at TypeScriptParserMixin.parseStatementLike (C:\Users\shami\Desktop\Low-Grade-F\node_modules\.pnpm\@babel+parser@7.29.7\node_modules\@babel\parser\lib\index.js:12784:17)
      at TypeScriptParserMixin.parseStatementListItem (C:\Users\shami\Desktop\Low-Grade-F\node_modules\.pnpm\@babel+parser@7.29.7\node_modules\@babel\parser\lib\index.js:12764:17)
      at TypeScriptParserMixin.parseBlockOrModuleBlockBody (C:\Users\shami\Desktop\Low-Grade-F\node_modules\.pnpm\@babel+parser@7.29.7\node_modules\@babel\parser\lib\index.js:13333:61)
[2m2:57:47 AM[22m [31m[1m[vite][22m[39m [31mInternal server error: C:\Users\shami\Desktop\Low-Grade-F\artifacts\lgf-website\src\components\sections\About.tsx: Unexpected token (79:23)

[0m [90m 77 |[31m         zIndex[33m:[31m [35m1[31m[33m,[31m
 [90m 78 |[31m         paddingTop[33m:[31m [32m"clamp(3rem, 5vw, 5rem)"[31m[33m,[31m
[31m[1m>[22m[31m[90m 79 |[31m         paddingBottom[33m:[31m [33m,[31m
 [90m    |[31m                        [31m[1m^[22m[31m
 [90m 80 |[31m       }}
 [90m 81 |[31m     [33m>[31m
 [90m 82 |[31m       [33m<[31m[33mdiv[31m className[33m=[31m[32m"container mx-auto section-inner"[31m[33m>[31m[0m[39m
  Plugin: [35mvite:react-babel[39m
  File: [36mC:/Users/shami/Desktop/Low-Grade-F/artifacts/lgf-website/src/components/sections/About.tsx[39m:79:23
[33m  77 |          zIndex: 1,
  78 |          paddingTop: "clamp(3rem, 5vw, 5rem)",
  79 |          paddingBottom: ,
     |                         ^
  80 |        }}
  81 |      >[39m
      at constructor (C:\Users\shami\Desktop\Low-Grade-F\node_modules\.pnpm\@babel+parser@7.29.7\node_modules\@babel\parser\lib\index.js:365:19)
      at TypeScriptParserMixin.raise (C:\Users\shami\Desktop\Low-Grade-F\node_modules\.pnpm\@babel+parser@7.29.7\node_modules\@babel\parser\lib\index.js:6616:19)
      at TypeScriptParserMixin.unexpected (C:\Users\shami\Desktop\Low-Grade-F\node_modules\.pnpm\@babel+parser@7.29.7\node_modules\@babel\parser\lib\index.js:6636:16)
      at TypeScriptParserMixin.parseExprAtom (C:\Users\shami\Desktop\Low-Grade-F\node_modules\.pnpm\@babel+parser@7.29.7\node_modules\@babel\parser\lib\index.js:11459:22)
      at TypeScriptParserMixin.parseExprAtom (C:\Users\shami\Desktop\Low-Grade-F\node_modules\.pnpm\@babel+parser@7.29.7\node_modules\@babel\parser\lib\index.js:4776:20)
      at TypeScriptParserMixin.parseExprSubscripts (C:\Users\shami\Desktop\Low-Grade-F\node_modules\.pnpm\@babel+parser@7.29.7\node_modules\@babel\parser\lib\index.js:11098:23)
      at TypeScriptParserMixin.parseUpdate (C:\Users\shami\Desktop\Low-Grade-F\node_modules\.pnpm\@babel+parser@7.29.7\node_modules\@babel\parser\lib\index.js:11083:21)
      at TypeScriptParserMixin.parseMaybeUnary (C:\Users\shami\Desktop\Low-Grade-F\node_modules\.pnpm\@babel+parser@7.29.7\node_modules\@babel\parser\lib\index.js:11063:23)
      at TypeScriptParserMixin.parseMaybeUnary (C:\Users\shami\Desktop\Low-Grade-F\node_modules\.pnpm\@babel+parser@7.29.7\node_modules\@babel\parser\lib\index.js:9854:18)
      at TypeScriptParserMixin.parseMaybeUnaryOrPrivate (C:\Users\shami\Desktop\Low-Grade-F\node_modules\.pnpm\@babel+parser@7.29.7\node_modules\@babel\parser\lib\index.js:10916:61)
      at TypeScriptParserMixin.parseExprOps (C:\Users\shami\Desktop\Low-Grade-F\node_modules\.pnpm\@babel+parser@7.29.7\node_modules\@babel\parser\lib\index.js:10921:23)
      at TypeScriptParserMixin.parseMaybeConditional (C:\Users\shami\Desktop\Low-Grade-F\node_modules\.pnpm\@babel+parser@7.29.7\node_modules\@babel\parser\lib\index.js:10898:23)
      at TypeScriptParserMixin.parseMaybeAssign (C:\Users\shami\Desktop\Low-Grade-F\node_modules\.pnpm\@babel+parser@7.29.7\node_modules\@babel\parser\lib\index.js:10848:21)
      at TypeScriptParserMixin.parseMaybeAssign (C:\Users\shami\Desktop\Low-Grade-F\node_modules\.pnpm\@babel+parser@7.29.7\node_modules\@babel\parser\lib\index.js:9803:20)
      at C:\Users\shami\Desktop\Low-Grade-F\node_modules\.pnpm\@babel+parser@7.29.7\node_modules\@babel\parser\lib\index.js:10817:39
      at TypeScriptParserMixin.allowInAnd (C:\Users\shami\Desktop\Low-Grade-F\node_modules\.pnpm\@babel+parser@7.29.7\node_modules\@babel\parser\lib\index.js:12443:12)
      at TypeScriptParserMixin.parseMaybeAssignAllowIn (C:\Users\shami\Desktop\Low-Grade-F\node_modules\.pnpm\@babel+parser@7.29.7\node_modules\@babel\parser\lib\index.js:10817:17)
      at TypeScriptParserMixin.parseMaybeAssignAllowInOrVoidPattern (C:\Users\shami\Desktop\Low-Grade-F\node_modules\.pnpm\@babel+parser@7.29.7\node_modules\@babel\parser\lib\index.js:12510:17)
      at TypeScriptParserMixin.parseObjectProperty (C:\Users\shami\Desktop\Low-Grade-F\node_modules\.pnpm\@babel+parser@7.29.7\node_modules\@babel\parser\lib\index.js:11967:83)
      at TypeScriptParserMixin.parseObjPropValue (C:\Users\shami\Desktop\Low-Grade-F\node_modules\.pnpm\@babel+parser@7.29.7\node_modules\@babel\parser\lib\index.js:11995:100)
      at TypeScriptParserMixin.parseObjPropValue (C:\Users\shami\Desktop\Low-Grade-F\node_modules\.pnpm\@babel+parser@7.29.7\node_modules\@babel\parser\lib\index.js:9761:18)
      at TypeScriptParserMixin.parsePropertyDefinition (C:\Users\shami\Desktop\Low-Grade-F\node_modules\.pnpm\@babel+parser@7.29.7\node_modules\@babel\parser\lib\index.js:11932:17)
      at TypeScriptParserMixin.parseObjectLike (C:\Users\shami\Desktop\Low-Grade-F\node_modules\.pnpm\@babel+parser@7.29.7\node_modules\@babel\parser\lib\index.js:11849:21)
      at TypeScriptParserMixin.parseExprAtom (C:\Users\shami\Desktop\Low-Grade-F\node_modules\.pnpm\@babel+parser@7.29.7\node_modules\@babel\parser\lib\index.js:11356:23)
      at TypeScriptParserMixin.parseExprAtom (C:\Users\shami\Desktop\Low-Grade-F\node_modules\.pnpm\@babel+parser@7.29.7\node_modules\@babel\parser\lib\index.js:4776:20)
      at TypeScriptParserMixin.parseExprSubscripts (C:\Users\shami\Desktop\Low-Grade-F\node_modules\.pnpm\@babel+parser@7.29.7\node_modules\@babel\parser\lib\index.js:11098:23)
      at TypeScriptParserMixin.parseUpdate (C:\Users\shami\Desktop\Low-Grade-F\node_modules\.pnpm\@babel+parser@7.29.7\node_modules\@babel\parser\lib\index.js:11083:21)
      at TypeScriptParserMixin.parseMaybeUnary (C:\Users\shami\Desktop\Low-Grade-F\node_modules\.pnpm\@babel+parser@7.29.7\node_modules\@babel\parser\lib\index.js:11063:23)
      at TypeScriptParserMixin.parseMaybeUnary (C:\Users\shami\Desktop\Low-Grade-F\node_modules\.pnpm\@babel+parser@7.29.7\node_modules\@babel\parser\lib\index.js:9854:18)
      at TypeScriptParserMixin.parseMaybeUnaryOrPrivate (C:\Users\shami\Desktop\Low-Grade-F\node_modules\.pnpm\@babel+parser@7.29.7\node_modules\@babel\parser\lib\index.js:10916:61)
      at TypeScriptParserMixin.parseExprOps (C:\Users\shami\Desktop\Low-Grade-F\node_modules\.pnpm\@babel+parser@7.29.7\node_modules\@babel\parser\lib\index.js:10921:23)
      at TypeScriptParserMixin.parseMaybeConditional (C:\Users\shami\Desktop\Low-Grade-F\node_modules\.pnpm\@babel+parser@7.29.7\node_modules\@babel\parser\lib\index.js:10898:23)
      at TypeScriptParserMixin.parseMaybeAssign (C:\Users\shami\Desktop\Low-Grade-F\node_modules\.pnpm\@babel+parser@7.29.7\node_modules\@babel\parser\lib\index.js:10848:21)
      at TypeScriptParserMixin.parseMaybeAssign (C:\Users\shami\Desktop\Low-Grade-F\node_modules\.pnpm\@babel+parser@7.29.7\node_modules\@babel\parser\lib\index.js:9803:20)
      at TypeScriptParserMixin.parseExpressionBase (C:\Users\shami\Desktop\Low-Grade-F\node_modules\.pnpm\@babel+parser@7.29.7\node_modules\@babel\parser\lib\index.js:10801:23)
      at C:\Users\shami\Desktop\Low-Grade-F\node_modules\.pnpm\@babel+parser@7.29.7\node_modules\@babel\parser\lib\index.js:10797:39
      at TypeScriptParserMixin.allowInAnd (C:\Users\shami\Desktop\Low-Grade-F\node_modules\.pnpm\@babel+parser@7.29.7\node_modules\@babel\parser\lib\index.js:12443:12)
      at TypeScriptParserMixin.parseExpression (C:\Users\shami\Desktop\Low-Grade-F\node_modules\.pnpm\@babel+parser@7.29.7\node_modules\@babel\parser\lib\index.js:10797:17)
      at TypeScriptParserMixin.jsxParseExpressionContainer (C:\Users\shami\Desktop\Low-Grade-F\node_modules\.pnpm\@babel+parser@7.29.7\node_modules\@babel\parser\lib\index.js:4644:31)
      at TypeScriptParserMixin.jsxParseAttributeValue (C:\Users\shami\Desktop\Low-Grade-F\node_modules\.pnpm\@babel+parser@7.29.7\node_modules\@babel\parser\lib\index.js:4616:21)
      at TypeScriptParserMixin.jsxParseAttribute (C:\Users\shami\Desktop\Low-Grade-F\node_modules\.pnpm\@babel+parser@7.29.7\node_modules\@babel\parser\lib\index.js:4665:38)
      at TypeScriptParserMixin.jsxParseOpeningElementAfterName (C:\Users\shami\Desktop\Low-Grade-F\node_modules\.pnpm\@babel+parser@7.29.7\node_modules\@babel\parser\lib\index.js:4679:28)
      at TypeScriptParserMixin.jsxParseOpeningElementAfterName (C:\Users\shami\Desktop\Low-Grade-F\node_modules\.pnpm\@babel+parser@7.29.7\node_modules\@babel\parser\lib\index.js:10060:18)
      at TypeScriptParserMixin.jsxParseOpeningElementAt (C:\Users\shami\Desktop\Low-Grade-F\node_modules\.pnpm\@babel+parser@7.29.7\node_modules\@babel\parser\lib\index.js:4674:17)
      at TypeScriptParserMixin.jsxParseElementAt (C:\Users\shami\Desktop\Low-Grade-F\node_modules\.pnpm\@babel+parser@7.29.7\node_modules\@babel\parser\lib\index.js:4698:33)
      at TypeScriptParserMixin.jsxParseElement (C:\Users\shami\Desktop\Low-Grade-F\node_modules\.pnpm\@babel+parser@7.29.7\node_modules\@babel\parser\lib\index.js:4761:17)
      at TypeScriptParserMixin.parseExprAtom (C:\Users\shami\Desktop\Low-Grade-F\node_modules\.pnpm\@babel+parser@7.29.7\node_modules\@babel\parser\lib\index.js:4771:19)
      at TypeScriptParserMixin.parseExprSubscripts (C:\Users\shami\Desktop\Low-Grade-F\node_modules\.pnpm\@babel+parser@7.29.7\node_modules\@babel\parser\lib\index.js:11098:23)
      at TypeScriptParserMixin.parseUpdate (C:\Users\shami\Desktop\Low-Grade-F\node_modules\.pnpm\@babel+parser@7.29.7\node_modules\@babel\parser\lib\index.js:11083:21)
      at TypeScriptParserMixin.parseMaybeUnary (C:\Users\shami\Desktop\Low-Grade-F\node_modules\.pnpm\@babel+parser@7.29.7\node_modules\@babel\parser\lib\index.js:11063:23)
[2m11:33:29 PM[22m [31m[1m[vite][22m[39m [31m[2m(client)[22m[39m Pre-transform error: Failed to load url /src/components/sections/About.tsx (resolved id: C:/Users/shami/Desktop/Low-Grade-F/artifacts/lgf-website/src/components/sections/About.tsx) in C:/Users/shami/Desktop/Low-Grade-F/artifacts/lgf-website/src/pages/Home.tsx. Does the file exist?
[2m11:34:40 PM[22m [31m[1m[vite][22m[39m [31m[2m(client)[22m[39m Pre-transform error: Failed to resolve import "@/components/three/CameraGimbalScene" from "src/components/sections/About.tsx". Does the file exist?
  Plugin: [35mvite:import-analysis[39m
  File: [36mC:/Users/shami/Desktop/Low-Grade-F/artifacts/lgf-website/src/components/sections/About.tsx[39m:6:15
[33m  6  |  import { ScrollTrigger } from "@/lib/gsap";
  7  |  const CameraGimbalScene = lazy(
  8  |    _c = () => import("@/components/three/CameraGimbalScene")
     |                      ^
  9  |  );
  10 |  _c2 = CameraGimbalScene;[39m
[2m11:34:40 PM[22m [31m[1m[vite][22m[39m [31mInternal server error: Failed to resolve import "@/components/three/CameraGimbalScene" from "src/components/sections/About.tsx". Does the file exist?[39m
  Plugin: [35mvite:import-analysis[39m
  File: [36mC:/Users/shami/Desktop/Low-Grade-F/artifacts/lgf-website/src/components/sections/About.tsx[39m:6:15
[33m  6  |  import { ScrollTrigger } from "@/lib/gsap";
  7  |  const CameraGimbalScene = lazy(
  8  |    _c = () => import("@/components/three/CameraGimbalScene")
     |                      ^
  9  |  );
  10 |  _c2 = CameraGimbalScene;[39m
      at TransformPluginContext._formatLog (file:///C:/Users/shami/Desktop/Low-Grade-F/node_modules/.pnpm/vite@7.3.6_@types+node@25.9_862e25755029436b4522f289876e278e/node_modules/vite/dist/node/chunks/config.js:29079:43)
      at TransformPluginContext.error (file:///C:/Users/shami/Desktop/Low-Grade-F/node_modules/.pnpm/vite@7.3.6_@types+node@25.9_862e25755029436b4522f289876e278e/node_modules/vite/dist/node/chunks/config.js:29076:14)
      at normalizeUrl (file:///C:/Users/shami/Desktop/Low-Grade-F/node_modules/.pnpm/vite@7.3.6_@types+node@25.9_862e25755029436b4522f289876e278e/node_modules/vite/dist/node/chunks/config.js:27199:18)
      at process.processTicksAndRejections (node:internal/process/task_queues:103:5)
      at async file:///C:/Users/shami/Desktop/Low-Grade-F/node_modules/.pnpm/vite@7.3.6_@types+node@25.9_862e25755029436b4522f289876e278e/node_modules/vite/dist/node/chunks/config.js:27257:32
      at async Promise.all (index 4)
      at async TransformPluginContext.transform (file:///C:/Users/shami/Desktop/Low-Grade-F/node_modules/.pnpm/vite@7.3.6_@types+node@25.9_862e25755029436b4522f289876e278e/node_modules/vite/dist/node/chunks/config.js:27225:4)
      at async EnvironmentPluginContainer.transform (file:///C:/Users/shami/Desktop/Low-Grade-F/node_modules/.pnpm/vite@7.3.6_@types+node@25.9_862e25755029436b4522f289876e278e/node_modules/vite/dist/node/chunks/config.js:28877:14)
      at async loadAndTransform (file:///C:/Users/shami/Desktop/Low-Grade-F/node_modules/.pnpm/vite@7.3.6_@types+node@25.9_862e25755029436b4522f289876e278e/node_modules/vite/dist/node/chunks/config.js:22746:26)
      at async viteTransformMiddleware (file:///C:/Users/shami/Desktop/Low-Grade-F/node_modules/.pnpm/vite@7.3.6_@types+node@25.9_862e25755029436b4522f289876e278e/node_modules/vite/dist/node/chunks/config.js:24622:20)
[2m11:35:06 PM[22m [31m[1m[vite][22m[39m [31mInternal server error: Failed to resolve import "@/components/three/CameraGimbalScene" from "src/components/sections/About.tsx". Does the file exist?[39m
  Plugin: [35mvite:import-analysis[39m
  File: [36mC:/Users/shami/Desktop/Low-Grade-F/artifacts/lgf-website/src/components/sections/About.tsx[39m:6:15
[33m  6  |  import { ScrollTrigger } from "@/lib/gsap";
  7  |  const CameraGimbalScene = lazy(
  8  |    _c = () => import("@/components/three/CameraGimbalScene")
     |                      ^
  9  |  );
  10 |  _c2 = CameraGimbalScene;[39m
      at TransformPluginContext._formatLog (file:///C:/Users/shami/Desktop/Low-Grade-F/node_modules/.pnpm/vite@7.3.6_@types+node@25.9_862e25755029436b4522f289876e278e/node_modules/vite/dist/node/chunks/config.js:29079:43)
      at TransformPluginContext.error (file:///C:/Users/shami/Desktop/Low-Grade-F/node_modules/.pnpm/vite@7.3.6_@types+node@25.9_862e25755029436b4522f289876e278e/node_modules/vite/dist/node/chunks/config.js:29076:14)
      at normalizeUrl (file:///C:/Users/shami/Desktop/Low-Grade-F/node_modules/.pnpm/vite@7.3.6_@types+node@25.9_862e25755029436b4522f289876e278e/node_modules/vite/dist/node/chunks/config.js:27199:18)
      at process.processTicksAndRejections (node:internal/process/task_queues:103:5)
      at async file:///C:/Users/shami/Desktop/Low-Grade-F/node_modules/.pnpm/vite@7.3.6_@types+node@25.9_862e25755029436b4522f289876e278e/node_modules/vite/dist/node/chunks/config.js:27257:32
      at async Promise.all (index 4)
      at async TransformPluginContext.transform (file:///C:/Users/shami/Desktop/Low-Grade-F/node_modules/.pnpm/vite@7.3.6_@types+node@25.9_862e25755029436b4522f289876e278e/node_modules/vite/dist/node/chunks/config.js:27225:4)
      at async EnvironmentPluginContainer.transform (file:///C:/Users/shami/Desktop/Low-Grade-F/node_modules/.pnpm/vite@7.3.6_@types+node@25.9_862e25755029436b4522f289876e278e/node_modules/vite/dist/node/chunks/config.js:28877:14)
      at async loadAndTransform (file:///C:/Users/shami/Desktop/Low-Grade-F/node_modules/.pnpm/vite@7.3.6_@types+node@25.9_862e25755029436b4522f289876e278e/node_modules/vite/dist/node/chunks/config.js:22746:26)
      at async viteTransformMiddleware (file:///C:/Users/shami/Desktop/Low-Grade-F/node_modules/.pnpm/vite@7.3.6_@types+node@25.9_862e25755029436b4522f289876e278e/node_modules/vite/dist/node/chunks/config.js:24622:20)
[2m11:35:11 PM[22m [31m[1m[vite][22m[39m [31mInternal server error: Failed to resolve import "@/components/three/CameraGimbalScene" from "src/components/sections/About.tsx". Does the file exist?[39m
  Plugin: [35mvite:import-analysis[39m
  File: [36mC:/Users/shami/Desktop/Low-Grade-F/artifacts/lgf-website/src/components/sections/About.tsx[39m:6:15
[33m  6  |  import { ScrollTrigger } from "@/lib/gsap";
  7  |  const CameraGimbalScene = lazy(
  8  |    _c = () => import("@/components/three/CameraGimbalScene")
     |                      ^
  9  |  );
  10 |  _c2 = CameraGimbalScene;[39m
      at TransformPluginContext._formatLog (file:///C:/Users/shami/Desktop/Low-Grade-F/node_modules/.pnpm/vite@7.3.6_@types+node@25.9_862e25755029436b4522f289876e278e/node_modules/vite/dist/node/chunks/config.js:29079:43)
      at TransformPluginContext.error (file:///C:/Users/shami/Desktop/Low-Grade-F/node_modules/.pnpm/vite@7.3.6_@types+node@25.9_862e25755029436b4522f289876e278e/node_modules/vite/dist/node/chunks/config.js:29076:14)
      at normalizeUrl (file:///C:/Users/shami/Desktop/Low-Grade-F/node_modules/.pnpm/vite@7.3.6_@types+node@25.9_862e25755029436b4522f289876e278e/node_modules/vite/dist/node/chunks/config.js:27199:18)
      at process.processTicksAndRejections (node:internal/process/task_queues:103:5)
      at async file:///C:/Users/shami/Desktop/Low-Grade-F/node_modules/.pnpm/vite@7.3.6_@types+node@25.9_862e25755029436b4522f289876e278e/node_modules/vite/dist/node/chunks/config.js:27257:32
      at async Promise.all (index 4)
      at async TransformPluginContext.transform (file:///C:/Users/shami/Desktop/Low-Grade-F/node_modules/.pnpm/vite@7.3.6_@types+node@25.9_862e25755029436b4522f289876e278e/node_modules/vite/dist/node/chunks/config.js:27225:4)
      at async EnvironmentPluginContainer.transform (file:///C:/Users/shami/Desktop/Low-Grade-F/node_modules/.pnpm/vite@7.3.6_@types+node@25.9_862e25755029436b4522f289876e278e/node_modules/vite/dist/node/chunks/config.js:28877:14)
      at async loadAndTransform (file:///C:/Users/shami/Desktop/Low-Grade-F/node_modules/.pnpm/vite@7.3.6_@types+node@25.9_862e25755029436b4522f289876e278e/node_modules/vite/dist/node/chunks/config.js:22746:26)
      at async viteTransformMiddleware (file:///C:/Users/shami/Desktop/Low-Grade-F/node_modules/.pnpm/vite@7.3.6_@types+node@25.9_862e25755029436b4522f289876e278e/node_modules/vite/dist/node/chunks/config.js:24622:20)
[2m3:28:52 PM[22m [31m[1m[vite][22m[39m [31m[2m(client)[22m[39m Pre-transform error: Failed to load url /src/components/sections/About.tsx (resolved id: C:/Users/shami/Desktop/Low-Grade-F/artifacts/lgf-website/src/components/sections/About.tsx) in C:/Users/shami/Desktop/Low-Grade-F/artifacts/lgf-website/src/pages/Home.tsx. Does the file exist?
[2m4:57:59 PM[22m [31m[1m[vite][22m[39m [31mInternal server error: C:\Users\shami\Desktop\Low-Grade-F\artifacts\lgf-website\src\components\sections\About.tsx: Unterminated string constant. (8:85)

[0m [90m  6 |[31m [36mconst[31m [33mTITLE_LINES[31m [33m=[31m [
 [90m  7 |[31m   { text[33m:[31m [32m"BEING SEEN"[31m[33m,[31m       className[33m:[31m [32m"text-white"[31m[33m,[31m  marginTop[33m:[31m [32m"0"[31m[33m,[31m       align[33m:[31m [32m"left"[31m  }[33m,[31m
[31m[1m>[22m[31m[90m  8 |[31m   { text[33m:[31m [32m"IS EASY."[31m[33m,[31m         className[33m:[31m [32m"text-white"[31m[33m,[31m  marginTop[33m:[31m [32m"0.08em"[31m[33m,[31m  align[33m:[31m [32m"center[31m
 [90m    |[31m                                                                                      [31m[1m^[22m[31m
 [90m  9 |[31m   { text[33m:[31m [32m"BEING REMEMBERED"[31m[33m,[31m className[33m:[31m [32m"text-chrome"[31m[33m,[31m marginTop[33m:[31m [32m"0.08em"[31m[33m,[31m  align[33m:[31m [32m"left"[31m  }[33m,[31m
 [90m 10 |[31m   { text[33m:[31m [32m"IS NOT."[31m[33m,[31m          className[33m:[31m [32m"text-chrome"[31m[33m,[31m marginTop[33m:[31m [32m"0.08em"[31m[33m,[31m  align[33m:[31m [32m"right"[31m }[33m,[31m
 [90m 11 |[31m ][33m;[31m[0m[39m
  Plugin: [35mvite:react-babel[39m
  File: [36mC:/Users/shami/Desktop/Low-Grade-F/artifacts/lgf-website/src/components/sections/About.tsx[39m:8:85
[33m  6  |  const TITLE_LINES = [
  7  |    { text: "BEING SEEN",       className: "text-white",  marginTop: "0",       align: "left"  },
  8  |    { text: "IS EASY.",         className: "text-white",  marginTop: "0.08em",  align: "center
     |                                                                                       ^
  9  |    { text: "BEING REMEMBERED", className: "text-chrome", marginTop: "0.08em",  align: "left"  },
  10 |    { text: "IS NOT.",          className: "text-chrome", marginTop: "0.08em",  align: "right" },[39m
      at constructor (C:\Users\shami\Desktop\Low-Grade-F\node_modules\.pnpm\@babel+parser@7.29.7\node_modules\@babel\parser\lib\index.js:365:19)
      at TypeScriptParserMixin.raise (C:\Users\shami\Desktop\Low-Grade-F\node_modules\.pnpm\@babel+parser@7.29.7\node_modules\@babel\parser\lib\index.js:6616:19)
      at Object.unterminated (C:\Users\shami\Desktop\Low-Grade-F\node_modules\.pnpm\@babel+parser@7.29.7\node_modules\@babel\parser\lib\index.js:5681:20)
      at readStringContents (C:\Users\shami\Desktop\Low-Grade-F\node_modules\.pnpm\@babel+parser@7.29.7\node_modules\@babel\parser\lib\index.js:5423:16)
      at TypeScriptParserMixin.readString (C:\Users\shami\Desktop\Low-Grade-F\node_modules\.pnpm\@babel+parser@7.29.7\node_modules\@babel\parser\lib\index.js:6515:9)
      at TypeScriptParserMixin.getTokenFromCode (C:\Users\shami\Desktop\Low-Grade-F\node_modules\.pnpm\@babel+parser@7.29.7\node_modules\@babel\parser\lib\index.js:6275:14)
      at TypeScriptParserMixin.getTokenFromCode (C:\Users\shami\Desktop\Low-Grade-F\node_modules\.pnpm\@babel+parser@7.29.7\node_modules\@babel\parser\lib\index.js:4809:11)
      at TypeScriptParserMixin.getTokenFromCode (C:\Users\shami\Desktop\Low-Grade-F\node_modules\.pnpm\@babel+parser@7.29.7\node_modules\@babel\parser\lib\index.js:10004:11)
      at TypeScriptParserMixin.nextToken (C:\Users\shami\Desktop\Low-Grade-F\node_modules\.pnpm\@babel+parser@7.29.7\node_modules\@babel\parser\lib\index.js:5799:10)
      at TypeScriptParserMixin.next (C:\Users\shami\Desktop\Low-Grade-F\node_modules\.pnpm\@babel+parser@7.29.7\node_modules\@babel\parser\lib\index.js:5709:10)
      at TypeScriptParserMixin.eat (C:\Users\shami\Desktop\Low-Grade-F\node_modules\.pnpm\@babel+parser@7.29.7\node_modules\@babel\parser\lib\index.js:5713:12)
      at TypeScriptParserMixin.parseObjectProperty (C:\Users\shami\Desktop\Low-Grade-F\node_modules\.pnpm\@babel+parser@7.29.7\node_modules\@babel\parser\lib\index.js:11966:14)
      at TypeScriptParserMixin.parseObjPropValue (C:\Users\shami\Desktop\Low-Grade-F\node_modules\.pnpm\@babel+parser@7.29.7\node_modules\@babel\parser\lib\index.js:11995:100)
      at TypeScriptParserMixin.parseObjPropValue (C:\Users\shami\Desktop\Low-Grade-F\node_modules\.pnpm\@babel+parser@7.29.7\node_modules\@babel\parser\lib\index.js:9761:18)
      at TypeScriptParserMixin.parsePropertyDefinition (C:\Users\shami\Desktop\Low-Grade-F\node_modules\.pnpm\@babel+parser@7.29.7\node_modules\@babel\parser\lib\index.js:11932:17)
      at TypeScriptParserMixin.parseObjectLike (C:\Users\shami\Desktop\Low-Grade-F\node_modules\.pnpm\@babel+parser@7.29.7\node_modules\@babel\parser\lib\index.js:11849:21)
      at TypeScriptParserMixin.parseExprAtom (C:\Users\shami\Desktop\Low-Grade-F\node_modules\.pnpm\@babel+parser@7.29.7\node_modules\@babel\parser\lib\index.js:11356:23)
      at TypeScriptParserMixin.parseExprAtom (C:\Users\shami\Desktop\Low-Grade-F\node_modules\.pnpm\@babel+parser@7.29.7\node_modules\@babel\parser\lib\index.js:4776:20)
      at TypeScriptParserMixin.parseExprSubscripts (C:\Users\shami\Desktop\Low-Grade-F\node_modules\.pnpm\@babel+parser@7.29.7\node_modules\@babel\parser\lib\index.js:11098:23)
      at TypeScriptParserMixin.parseUpdate (C:\Users\shami\Desktop\Low-Grade-F\node_modules\.pnpm\@babel+parser@7.29.7\node_modules\@babel\parser\lib\index.js:11083:21)
      at TypeScriptParserMixin.parseMaybeUnary (C:\Users\shami\Desktop\Low-Grade-F\node_modules\.pnpm\@babel+parser@7.29.7\node_modules\@babel\parser\lib\index.js:11063:23)
      at TypeScriptParserMixin.parseMaybeUnary (C:\Users\shami\Desktop\Low-Grade-F\node_modules\.pnpm\@babel+parser@7.29.7\node_modules\@babel\parser\lib\index.js:9854:18)
      at TypeScriptParserMixin.parseMaybeUnaryOrPrivate (C:\Users\shami\Desktop\Low-Grade-F\node_modules\.pnpm\@babel+parser@7.29.7\node_modules\@babel\parser\lib\index.js:10916:61)
      at TypeScriptParserMixin.parseExprOps (C:\Users\shami\Desktop\Low-Grade-F\node_modules\.pnpm\@babel+parser@7.29.7\node_modules\@babel\parser\lib\index.js:10921:23)
      at TypeScriptParserMixin.parseMaybeConditional (C:\Users\shami\Desktop\Low-Grade-F\node_modules\.pnpm\@babel+parser@7.29.7\node_modules\@babel\parser\lib\index.js:10898:23)
      at TypeScriptParserMixin.parseMaybeAssign (C:\Users\shami\Desktop\Low-Grade-F\node_modules\.pnpm\@babel+parser@7.29.7\node_modules\@babel\parser\lib\index.js:10848:21)
      at TypeScriptParserMixin.parseMaybeAssign (C:\Users\shami\Desktop\Low-Grade-F\node_modules\.pnpm\@babel+parser@7.29.7\node_modules\@babel\parser\lib\index.js:9803:20)
      at C:\Users\shami\Desktop\Low-Grade-F\node_modules\.pnpm\@babel+parser@7.29.7\node_modules\@babel\parser\lib\index.js:10817:39
      at TypeScriptParserMixin.allowInAnd (C:\Users\shami\Desktop\Low-Grade-F\node_modules\.pnpm\@babel+parser@7.29.7\node_modules\@babel\parser\lib\index.js:12443:12)
      at TypeScriptParserMixin.parseMaybeAssignAllowIn (C:\Users\shami\Desktop\Low-Grade-F\node_modules\.pnpm\@babel+parser@7.29.7\node_modules\@babel\parser\lib\index.js:10817:17)
      at TypeScriptParserMixin.parseMaybeAssignAllowInOrVoidPattern (C:\Users\shami\Desktop\Low-Grade-F\node_modules\.pnpm\@babel+parser@7.29.7\node_modules\@babel\parser\lib\index.js:12510:17)
      at TypeScriptParserMixin.parseExprListItem (C:\Users\shami\Desktop\Low-Grade-F\node_modules\.pnpm\@babel+parser@7.29.7\node_modules\@babel\parser\lib\index.js:12192:18)
      at TypeScriptParserMixin.parseExprList (C:\Users\shami\Desktop\Low-Grade-F\node_modules\.pnpm\@babel+parser@7.29.7\node_modules\@babel\parser\lib\index.js:12167:22)
      at TypeScriptParserMixin.parseArrayLike (C:\Users\shami\Desktop\Low-Grade-F\node_modules\.pnpm\@babel+parser@7.29.7\node_modules\@babel\parser\lib\index.js:12074:26)
      at TypeScriptParserMixin.parseArrayLike (C:\Users\shami\Desktop\Low-Grade-F\node_modules\.pnpm\@babel+parser@7.29.7\node_modules\@babel\parser\lib\index.js:9210:24)
      at TypeScriptParserMixin.parseExprAtom (C:\Users\shami\Desktop\Low-Grade-F\node_modules\.pnpm\@babel+parser@7.29.7\node_modules\@babel\parser\lib\index.js:11352:23)
      at TypeScriptParserMixin.parseExprAtom (C:\Users\shami\Desktop\Low-Grade-F\node_modules\.pnpm\@babel+parser@7.29.7\node_modules\@babel\parser\lib\index.js:4776:20)
      at TypeScriptParserMixin.parseExprSubscripts (C:\Users\shami\Desktop\Low-Grade-F\node_modules\.pnpm\@babel+parser@7.29.7\node_modules\@babel\parser\lib\index.js:11098:23)
      at TypeScriptParserMixin.parseUpdate (C:\Users\shami\Desktop\Low-Grade-F\node_modules\.pnpm\@babel+parser@7.29.7\node_modules\@babel\parser\lib\index.js:11083:21)
      at TypeScriptParserMixin.parseMaybeUnary (C:\Users\shami\Desktop\Low-Grade-F\node_modules\.pnpm\@babel+parser@7.29.7\node_modules\@babel\parser\lib\index.js:11063:23)
      at TypeScriptParserMixin.parseMaybeUnary (C:\Users\shami\Desktop\Low-Grade-F\node_modules\.pnpm\@babel+parser@7.29.7\node_modules\@babel\parser\lib\index.js:9854:18)
      at TypeScriptParserMixin.parseMaybeUnaryOrPrivate (C:\Users\shami\Desktop\Low-Grade-F\node_modules\.pnpm\@babel+parser@7.29.7\node_modules\@babel\parser\lib\index.js:10916:61)
      at TypeScriptParserMixin.parseExprOps (C:\Users\shami\Desktop\Low-Grade-F\node_modules\.pnpm\@babel+parser@7.29.7\node_modules\@babel\parser\lib\index.js:10921:23)
      at TypeScriptParserMixin.parseMaybeConditional (C:\Users\shami\Desktop\Low-Grade-F\node_modules\.pnpm\@babel+parser@7.29.7\node_modules\@babel\parser\lib\index.js:10898:23)
      at TypeScriptParserMixin.parseMaybeAssign (C:\Users\shami\Desktop\Low-Grade-F\node_modules\.pnpm\@babel+parser@7.29.7\node_modules\@babel\parser\lib\index.js:10848:21)
      at TypeScriptParserMixin.parseMaybeAssign (C:\Users\shami\Desktop\Low-Grade-F\node_modules\.pnpm\@babel+parser@7.29.7\node_modules\@babel\parser\lib\index.js:9803:20)
      at C:\Users\shami\Desktop\Low-Grade-F\node_modules\.pnpm\@babel+parser@7.29.7\node_modules\@babel\parser\lib\index.js:10817:39
      at TypeScriptParserMixin.allowInAnd (C:\Users\shami\Desktop\Low-Grade-F\node_modules\.pnpm\@babel+parser@7.29.7\node_modules\@babel\parser\lib\index.js:12438:16)
      at TypeScriptParserMixin.parseMaybeAssignAllowIn (C:\Users\shami\Desktop\Low-Grade-F\node_modules\.pnpm\@babel+parser@7.29.7\node_modules\@babel\parser\lib\index.js:10817:17)
      at TypeScriptParserMixin.parseVar (C:\Users\shami\Desktop\Low-Grade-F\node_modules\.pnpm\@babel+parser@7.29.7\node_modules\@babel\parser\lib\index.js:13401:91)
[2m4:58:01 PM[22m [31m[1m[vite][22m[39m [31mInternal server error: C:\Users\shami\Desktop\Low-Grade-F\artifacts\lgf-website\src\components\sections\About.tsx: Unexpected token, expected "," (9:2)

[0m [90m  7 |[31m   { text[33m:[31m [32m"BEING SEEN"[31m[33m,[31m       className[33m:[31m [32m"text-white"[31m[33m,[31m  marginTop[33m:[31m [32m"0"[31m[33m,[31m       align[33m:[31m [32m"left"[31m  }[33m,[31m
 [90m  8 |[31m   { text[33m:[31m [32m"IS EASY."[31m[33m,[31m         className[33m:[31m [32m"text-white"[31m[33m,[31m  marginTop[33m:[31m [32m"0.08em"[31m[33m,[31m  align[33m:[31m [32m"center"[31m
[31m[1m>[22m[31m[90m  9 |[31m   { text[33m:[31m [32m"BEING REMEMBERED"[31m[33m,[31m className[33m:[31m [32m"text-chrome"[31m[33m,[31m marginTop[33m:[31m [32m"0.08em"[31m[33m,[31m  align[33m:[31m [32m"left"[31m  }[33m,[31m
 [90m    |[31m   [31m[1m^[22m[31m
 [90m 10 |[31m   { text[33m:[31m [32m"IS NOT."[31m[33m,[31m          className[33m:[31m [32m"text-chrome"[31m[33m,[31m marginTop[33m:[31m [32m"0.08em"[31m[33m,[31m  align[33m:[31m [32m"right"[31m }[33m,[31m
 [90m 11 |[31m ][33m;[31m
 [90m 12 |[31m[0m[39m
  Plugin: [35mvite:react-babel[39m
  File: [36mC:/Users/shami/Desktop/Low-Grade-F/artifacts/lgf-website/src/components/sections/About.tsx[39m:9:2
[33m  7  |    { text: "BEING SEEN",       className: "text-white",  marginTop: "0",       align: "left"  },
  8  |    { text: "IS EASY.",         className: "text-white",  marginTop: "0.08em",  align: "center"
  9  |    { text: "BEING REMEMBERED", className: "text-chrome", marginTop: "0.08em",  align: "left"  },
     |    ^
  10 |    { text: "IS NOT.",          className: "text-chrome", marginTop: "0.08em",  align: "right" },
  11 |  ];[39m
      at constructor (C:\Users\shami\Desktop\Low-Grade-F\node_modules\.pnpm\@babel+parser@7.29.7\node_modules\@babel\parser\lib\index.js:365:19)
      at TypeScriptParserMixin.raise (C:\Users\shami\Desktop\Low-Grade-F\node_modules\.pnpm\@babel+parser@7.29.7\node_modules\@babel\parser\lib\index.js:6616:19)
      at TypeScriptParserMixin.unexpected (C:\Users\shami\Desktop\Low-Grade-F\node_modules\.pnpm\@babel+parser@7.29.7\node_modules\@babel\parser\lib\index.js:6636:16)
      at TypeScriptParserMixin.expect (C:\Users\shami\Desktop\Low-Grade-F\node_modules\.pnpm\@babel+parser@7.29.7\node_modules\@babel\parser\lib\index.js:6916:12)
      at TypeScriptParserMixin.parseObjectLike (C:\Users\shami\Desktop\Low-Grade-F\node_modules\.pnpm\@babel+parser@7.29.7\node_modules\@babel\parser\lib\index.js:11839:14)
      at TypeScriptParserMixin.parseExprAtom (C:\Users\shami\Desktop\Low-Grade-F\node_modules\.pnpm\@babel+parser@7.29.7\node_modules\@babel\parser\lib\index.js:11356:23)
      at TypeScriptParserMixin.parseExprAtom (C:\Users\shami\Desktop\Low-Grade-F\node_modules\.pnpm\@babel+parser@7.29.7\node_modules\@babel\parser\lib\index.js:4776:20)
      at TypeScriptParserMixin.parseExprSubscripts (C:\Users\shami\Desktop\Low-Grade-F\node_modules\.pnpm\@babel+parser@7.29.7\node_modules\@babel\parser\lib\index.js:11098:23)
      at TypeScriptParserMixin.parseUpdate (C:\Users\shami\Desktop\Low-Grade-F\node_modules\.pnpm\@babel+parser@7.29.7\node_modules\@babel\parser\lib\index.js:11083:21)
      at TypeScriptParserMixin.parseMaybeUnary (C:\Users\shami\Desktop\Low-Grade-F\node_modules\.pnpm\@babel+parser@7.29.7\node_modules\@babel\parser\lib\index.js:11063:23)
      at TypeScriptParserMixin.parseMaybeUnary (C:\Users\shami\Desktop\Low-Grade-F\node_modules\.pnpm\@babel+parser@7.29.7\node_modules\@babel\parser\lib\index.js:9854:18)
      at TypeScriptParserMixin.parseMaybeUnaryOrPrivate (C:\Users\shami\Desktop\Low-Grade-F\node_modules\.pnpm\@babel+parser@7.29.7\node_modules\@babel\parser\lib\index.js:10916:61)
      at TypeScriptParserMixin.parseExprOps (C:\Users\shami\Desktop\Low-Grade-F\node_modules\.pnpm\@babel+parser@7.29.7\node_modules\@babel\parser\lib\index.js:10921:23)
      at TypeScriptParserMixin.parseMaybeConditional (C:\Users\shami\Desktop\Low-Grade-F\node_modules\.pnpm\@babel+parser@7.29.7\node_modules\@babel\parser\lib\index.js:10898:23)
      at TypeScriptParserMixin.parseMaybeAssign (C:\Users\shami\Desktop\Low-Grade-F\node_modules\.pnpm\@babel+parser@7.29.7\node_modules\@babel\parser\lib\index.js:10848:21)
      at TypeScriptParserMixin.parseMaybeAssign (C:\Users\shami\Desktop\Low-Grade-F\node_modules\.pnpm\@babel+parser@7.29.7\node_modules\@babel\parser\lib\index.js:9803:20)
      at C:\Users\shami\Desktop\Low-Grade-F\node_modules\.pnpm\@babel+parser@7.29.7\node_modules\@babel\parser\lib\index.js:10817:39
      at TypeScriptParserMixin.allowInAnd (C:\Users\shami\Desktop\Low-Grade-F\node_modules\.pnpm\@babel+parser@7.29.7\node_modules\@babel\parser\lib\index.js:12443:12)
      at TypeScriptParserMixin.parseMaybeAssignAllowIn (C:\Users\shami\Desktop\Low-Grade-F\node_modules\.pnpm\@babel+parser@7.29.7\node_modules\@babel\parser\lib\index.js:10817:17)
      at TypeScriptParserMixin.parseMaybeAssignAllowInOrVoidPattern (C:\Users\shami\Desktop\Low-Grade-F\node_modules\.pnpm\@babel+parser@7.29.7\node_modules\@babel\parser\lib\index.js:12510:17)
      at TypeScriptParserMixin.parseExprListItem (C:\Users\shami\Desktop\Low-Grade-F\node_modules\.pnpm\@babel+parser@7.29.7\node_modules\@babel\parser\lib\index.js:12192:18)
      at TypeScriptParserMixin.parseExprList (C:\Users\shami\Desktop\Low-Grade-F\node_modules\.pnpm\@babel+parser@7.29.7\node_modules\@babel\parser\lib\index.js:12167:22)
      at TypeScriptParserMixin.parseArrayLike (C:\Users\shami\Desktop\Low-Grade-F\node_modules\.pnpm\@babel+parser@7.29.7\node_modules\@babel\parser\lib\index.js:12074:26)
      at TypeScriptParserMixin.parseArrayLike (C:\Users\shami\Desktop\Low-Grade-F\node_modules\.pnpm\@babel+parser@7.29.7\node_modules\@babel\parser\lib\index.js:9210:24)
      at TypeScriptParserMixin.parseExprAtom (C:\Users\shami\Desktop\Low-Grade-F\node_modules\.pnpm\@babel+parser@7.29.7\node_modules\@babel\parser\lib\index.js:11352:23)
      at TypeScriptParserMixin.parseExprAtom (C:\Users\shami\Desktop\Low-Grade-F\node_modules\.pnpm\@babel+parser@7.29.7\node_modules\@babel\parser\lib\index.js:4776:20)
      at TypeScriptParserMixin.parseExprSubscripts (C:\Users\shami\Desktop\Low-Grade-F\node_modules\.pnpm\@babel+parser@7.29.7\node_modules\@babel\parser\lib\index.js:11098:23)
      at TypeScriptParserMixin.parseUpdate (C:\Users\shami\Desktop\Low-Grade-F\node_modules\.pnpm\@babel+parser@7.29.7\node_modules\@babel\parser\lib\index.js:11083:21)
      at TypeScriptParserMixin.parseMaybeUnary (C:\Users\shami\Desktop\Low-Grade-F\node_modules\.pnpm\@babel+parser@7.29.7\node_modules\@babel\parser\lib\index.js:11063:23)
      at TypeScriptParserMixin.parseMaybeUnary (C:\Users\shami\Desktop\Low-Grade-F\node_modules\.pnpm\@babel+parser@7.29.7\node_modules\@babel\parser\lib\index.js:9854:18)
      at TypeScriptParserMixin.parseMaybeUnaryOrPrivate (C:\Users\shami\Desktop\Low-Grade-F\node_modules\.pnpm\@babel+parser@7.29.7\node_modules\@babel\parser\lib\index.js:10916:61)
      at TypeScriptParserMixin.parseExprOps (C:\Users\shami\Desktop\Low-Grade-F\node_modules\.pnpm\@babel+parser@7.29.7\node_modules\@babel\parser\lib\index.js:10921:23)
      at TypeScriptParserMixin.parseMaybeConditional (C:\Users\shami\Desktop\Low-Grade-F\node_modules\.pnpm\@babel+parser@7.29.7\node_modules\@babel\parser\lib\index.js:10898:23)
      at TypeScriptParserMixin.parseMaybeAssign (C:\Users\shami\Desktop\Low-Grade-F\node_modules\.pnpm\@babel+parser@7.29.7\node_modules\@babel\parser\lib\index.js:10848:21)
      at TypeScriptParserMixin.parseMaybeAssign (C:\Users\shami\Desktop\Low-Grade-F\node_modules\.pnpm\@babel+parser@7.29.7\node_modules\@babel\parser\lib\index.js:9803:20)
      at C:\Users\shami\Desktop\Low-Grade-F\node_modules\.pnpm\@babel+parser@7.29.7\node_modules\@babel\parser\lib\index.js:10817:39
      at TypeScriptParserMixin.allowInAnd (C:\Users\shami\Desktop\Low-Grade-F\node_modules\.pnpm\@babel+parser@7.29.7\node_modules\@babel\parser\lib\index.js:12438:16)
      at TypeScriptParserMixin.parseMaybeAssignAllowIn (C:\Users\shami\Desktop\Low-Grade-F\node_modules\.pnpm\@babel+parser@7.29.7\node_modules\@babel\parser\lib\index.js:10817:17)
      at TypeScriptParserMixin.parseVar (C:\Users\shami\Desktop\Low-Grade-F\node_modules\.pnpm\@babel+parser@7.29.7\node_modules\@babel\parser\lib\index.js:13401:91)
      at TypeScriptParserMixin.parseVarStatement (C:\Users\shami\Desktop\Low-Grade-F\node_modules\.pnpm\@babel+parser@7.29.7\node_modules\@babel\parser\lib\index.js:13247:10)
      at TypeScriptParserMixin.parseVarStatement (C:\Users\shami\Desktop\Low-Grade-F\node_modules\.pnpm\@babel+parser@7.29.7\node_modules\@babel\parser\lib\index.js:9425:31)
      at TypeScriptParserMixin.parseStatementContent (C:\Users\shami\Desktop\Low-Grade-F\node_modules\.pnpm\@babel+parser@7.29.7\node_modules\@babel\parser\lib\index.js:12868:23)
      at TypeScriptParserMixin.parseStatementContent (C:\Users\shami\Desktop\Low-Grade-F\node_modules\.pnpm\@babel+parser@7.29.7\node_modules\@babel\parser\lib\index.js:9525:18)
      at TypeScriptParserMixin.parseStatementLike (C:\Users\shami\Desktop\Low-Grade-F\node_modules\.pnpm\@babel+parser@7.29.7\node_modules\@babel\parser\lib\index.js:12784:17)
      at TypeScriptParserMixin.parseModuleItem (C:\Users\shami\Desktop\Low-Grade-F\node_modules\.pnpm\@babel+parser@7.29.7\node_modules\@babel\parser\lib\index.js:12761:17)
      at TypeScriptParserMixin.parseBlockOrModuleBlockBody (C:\Users\shami\Desktop\Low-Grade-F\node_modules\.pnpm\@babel+parser@7.29.7\node_modules\@babel\parser\lib\index.js:13333:36)
      at TypeScriptParserMixin.parseBlockBody (C:\Users\shami\Desktop\Low-Grade-F\node_modules\.pnpm\@babel+parser@7.29.7\node_modules\@babel\parser\lib\index.js:13326:10)
      at TypeScriptParserMixin.parseProgram (C:\Users\shami\Desktop\Low-Grade-F\node_modules\.pnpm\@babel+parser@7.29.7\node_modules\@babel\parser\lib\index.js:12639:10)
      at TypeScriptParserMixin.parseTopLevel (C:\Users\shami\Desktop\Low-Grade-F\node_modules\.pnpm\@babel+parser@7.29.7\node_modules\@babel\parser\lib\index.js:12629:25)
      at TypeScriptParserMixin.parse (C:\Users\shami\Desktop\Low-Grade-F\node_modules\.pnpm\@babel+parser@7.29.7\node_modules\@babel\parser\lib\index.js:14505:25)
[2m4:58:06 PM[22m [31m[1m[vite][22m[39m [31mInternal server error: C:\Users\shami\Desktop\Low-Grade-F\artifacts\lgf-website\src\components\sections\About.tsx: Unexpected token, expected "," (9:2)

[0m [90m  7 |[31m   { text[33m:[31m [32m"BEING SEEN"[31m[33m,[31m       className[33m:[31m [32m"text-white"[31m[33m,[31m  marginTop[33m:[31m [32m"0"[31m[33m,[31m       align[33m:[31m [32m"left"[31m  }[33m,[31m
 [90m  8 |[31m   { text[33m:[31m [32m"IS EASY."[31m[33m,[31m         className[33m:[31m [32m"text-white"[31m[33m,[31m  marginTop[33m:[31m [32m"0.08em"[31m[33m,[31m  align[33m:[31m [32m"center"[31m}
[31m[1m>[22m[31m[90m  9 |[31m   { text[33m:[31m [32m"BEING REMEMBERED"[31m[33m,[31m className[33m:[31m [32m"text-chrome"[31m[33m,[31m marginTop[33m:[31m [32m"0.08em"[31m[33m,[31m  align[33m:[31m [32m"left"[31m  }[33m,[31m
 [90m    |[31m   [31m[1m^[22m[31m
 [90m 10 |[31m   { text[33m:[31m [32m"IS NOT."[31m[33m,[31m          className[33m:[31m [32m"text-chrome"[31m[33m,[31m marginTop[33m:[31m [32m"0.08em"[31m[33m,[31m  align[33m:[31m [32m"right"[31m }[33m,[31m
 [90m 11 |[31m ][33m;[31m
 [90m 12 |[31m[0m[39m
  Plugin: [35mvite:react-babel[39m
  File: [36mC:/Users/shami/Desktop/Low-Grade-F/artifacts/lgf-website/src/components/sections/About.tsx[39m:9:2
[33m  7  |    { text: "BEING SEEN",       className: "text-white",  marginTop: "0",       align: "left"  },
  8  |    { text: "IS EASY.",         className: "text-white",  marginTop: "0.08em",  align: "center"}
  9  |    { text: "BEING REMEMBERED", className: "text-chrome", marginTop: "0.08em",  align: "left"  },
     |    ^
  10 |    { text: "IS NOT.",          className: "text-chrome", marginTop: "0.08em",  align: "right" },
  11 |  ];[39m
      at constructor (C:\Users\shami\Desktop\Low-Grade-F\node_modules\.pnpm\@babel+parser@7.29.7\node_modules\@babel\parser\lib\index.js:365:19)
      at TypeScriptParserMixin.raise (C:\Users\shami\Desktop\Low-Grade-F\node_modules\.pnpm\@babel+parser@7.29.7\node_modules\@babel\parser\lib\index.js:6616:19)
      at TypeScriptParserMixin.unexpected (C:\Users\shami\Desktop\Low-Grade-F\node_modules\.pnpm\@babel+parser@7.29.7\node_modules\@babel\parser\lib\index.js:6636:16)
      at TypeScriptParserMixin.expect (C:\Users\shami\Desktop\Low-Grade-F\node_modules\.pnpm\@babel+parser@7.29.7\node_modules\@babel\parser\lib\index.js:6916:12)
      at TypeScriptParserMixin.parseExprList (C:\Users\shami\Desktop\Low-Grade-F\node_modules\.pnpm\@babel+parser@7.29.7\node_modules\@babel\parser\lib\index.js:12158:14)
      at TypeScriptParserMixin.parseArrayLike (C:\Users\shami\Desktop\Low-Grade-F\node_modules\.pnpm\@babel+parser@7.29.7\node_modules\@babel\parser\lib\index.js:12074:26)
      at TypeScriptParserMixin.parseArrayLike (C:\Users\shami\Desktop\Low-Grade-F\node_modules\.pnpm\@babel+parser@7.29.7\node_modules\@babel\parser\lib\index.js:9210:24)
      at TypeScriptParserMixin.parseExprAtom (C:\Users\shami\Desktop\Low-Grade-F\node_modules\.pnpm\@babel+parser@7.29.7\node_modules\@babel\parser\lib\index.js:11352:23)
      at TypeScriptParserMixin.parseExprAtom (C:\Users\shami\Desktop\Low-Grade-F\node_modules\.pnpm\@babel+parser@7.29.7\node_modules\@babel\parser\lib\index.js:4776:20)
      at TypeScriptParserMixin.parseExprSubscripts (C:\Users\shami\Desktop\Low-Grade-F\node_modules\.pnpm\@babel+parser@7.29.7\node_modules\@babel\parser\lib\index.js:11098:23)
      at TypeScriptParserMixin.parseUpdate (C:\Users\shami\Desktop\Low-Grade-F\node_modules\.pnpm\@babel+parser@7.29.7\node_modules\@babel\parser\lib\index.js:11083:21)
      at TypeScriptParserMixin.parseMaybeUnary (C:\Users\shami\Desktop\Low-Grade-F\node_modules\.pnpm\@babel+parser@7.29.7\node_modules\@babel\parser\lib\index.js:11063:23)
      at TypeScriptParserMixin.parseMaybeUnary (C:\Users\shami\Desktop\Low-Grade-F\node_modules\.pnpm\@babel+parser@7.29.7\node_modules\@babel\parser\lib\index.js:9854:18)
      at TypeScriptParserMixin.parseMaybeUnaryOrPrivate (C:\Users\shami\Desktop\Low-Grade-F\node_modules\.pnpm\@babel+parser@7.29.7\node_modules\@babel\parser\lib\index.js:10916:61)
      at TypeScriptParserMixin.parseExprOps (C:\Users\shami\Desktop\Low-Grade-F\node_modules\.pnpm\@babel+parser@7.29.7\node_modules\@babel\parser\lib\index.js:10921:23)
      at TypeScriptParserMixin.parseMaybeConditional (C:\Users\shami\Desktop\Low-Grade-F\node_modules\.pnpm\@babel+parser@7.29.7\node_modules\@babel\parser\lib\index.js:10898:23)
      at TypeScriptParserMixin.parseMaybeAssign (C:\Users\shami\Desktop\Low-Grade-F\node_modules\.pnpm\@babel+parser@7.29.7\node_modules\@babel\parser\lib\index.js:10848:21)
      at TypeScriptParserMixin.parseMaybeAssign (C:\Users\shami\Desktop\Low-Grade-F\node_modules\.pnpm\@babel+parser@7.29.7\node_modules\@babel\parser\lib\index.js:9803:20)
      at C:\Users\shami\Desktop\Low-Grade-F\node_modules\.pnpm\@babel+parser@7.29.7\node_modules\@babel\parser\lib\index.js:10817:39
      at TypeScriptParserMixin.allowInAnd (C:\Users\shami\Desktop\Low-Grade-F\node_modules\.pnpm\@babel+parser@7.29.7\node_modules\@babel\parser\lib\index.js:12438:16)
      at TypeScriptParserMixin.parseMaybeAssignAllowIn (C:\Users\shami\Desktop\Low-Grade-F\node_modules\.pnpm\@babel+parser@7.29.7\node_modules\@babel\parser\lib\index.js:10817:17)
      at TypeScriptParserMixin.parseVar (C:\Users\shami\Desktop\Low-Grade-F\node_modules\.pnpm\@babel+parser@7.29.7\node_modules\@babel\parser\lib\index.js:13401:91)
      at TypeScriptParserMixin.parseVarStatement (C:\Users\shami\Desktop\Low-Grade-F\node_modules\.pnpm\@babel+parser@7.29.7\node_modules\@babel\parser\lib\index.js:13247:10)
      at TypeScriptParserMixin.parseVarStatement (C:\Users\shami\Desktop\Low-Grade-F\node_modules\.pnpm\@babel+parser@7.29.7\node_modules\@babel\parser\lib\index.js:9425:31)
      at TypeScriptParserMixin.parseStatementContent (C:\Users\shami\Desktop\Low-Grade-F\node_modules\.pnpm\@babel+parser@7.29.7\node_modules\@babel\parser\lib\index.js:12868:23)
      at TypeScriptParserMixin.parseStatementContent (C:\Users\shami\Desktop\Low-Grade-F\node_modules\.pnpm\@babel+parser@7.29.7\node_modules\@babel\parser\lib\index.js:9525:18)
      at TypeScriptParserMixin.parseStatementLike (C:\Users\shami\Desktop\Low-Grade-F\node_modules\.pnpm\@babel+parser@7.29.7\node_modules\@babel\parser\lib\index.js:12784:17)
      at TypeScriptParserMixin.parseModuleItem (C:\Users\shami\Desktop\Low-Grade-F\node_modules\.pnpm\@babel+parser@7.29.7\node_modules\@babel\parser\lib\index.js:12761:17)
      at TypeScriptParserMixin.parseBlockOrModuleBlockBody (C:\Users\shami\Desktop\Low-Grade-F\node_modules\.pnpm\@babel+parser@7.29.7\node_modules\@babel\parser\lib\index.js:13333:36)
      at TypeScriptParserMixin.parseBlockBody (C:\Users\shami\Desktop\Low-Grade-F\node_modules\.pnpm\@babel+parser@7.29.7\node_modules\@babel\parser\lib\index.js:13326:10)
      at TypeScriptParserMixin.parseProgram (C:\Users\shami\Desktop\Low-Grade-F\node_modules\.pnpm\@babel+parser@7.29.7\node_modules\@babel\parser\lib\index.js:12639:10)
      at TypeScriptParserMixin.parseTopLevel (C:\Users\shami\Desktop\Low-Grade-F\node_modules\.pnpm\@babel+parser@7.29.7\node_modules\@babel\parser\lib\index.js:12629:25)
      at TypeScriptParserMixin.parse (C:\Users\shami\Desktop\Low-Grade-F\node_modules\.pnpm\@babel+parser@7.29.7\node_modules\@babel\parser\lib\index.js:14505:25)
      at TypeScriptParserMixin.parse (C:\Users\shami\Desktop\Low-Grade-F\node_modules\.pnpm\@babel+parser@7.29.7\node_modules\@babel\parser\lib\index.js:10143:18)
      at parse (C:\Users\shami\Desktop\Low-Grade-F\node_modules\.pnpm\@babel+parser@7.29.7\node_modules\@babel\parser\lib\index.js:14539:38)
      at parser (C:\Users\shami\Desktop\Low-Grade-F\node_modules\.pnpm\@babel+core@7.29.7\node_modules\@babel\core\lib\parser\index.js:41:34)
      at parser.next (<anonymous>)
      at normalizeFile (C:\Users\shami\Desktop\Low-Grade-F\node_modules\.pnpm\@babel+core@7.29.7\node_modules\@babel\core\lib\transformation\normalize-file.js:51:37)
      at normalizeFile.next (<anonymous>)
      at run (C:\Users\shami\Desktop\Low-Grade-F\node_modules\.pnpm\@babel+core@7.29.7\node_modules\@babel\core\lib\transformation\index.js:22:50)
      at run.next (<anonymous>)
      at transform (C:\Users\shami\Desktop\Low-Grade-F\node_modules\.pnpm\@babel+core@7.29.7\node_modules\@babel\core\lib\transform.js:22:33)
      at transform.next (<anonymous>)
      at step (C:\Users\shami\Desktop\Low-Grade-F\node_modules\.pnpm\gensync@1.0.0-beta.2\node_modules\gensync\index.js:261:32)
      at C:\Users\shami\Desktop\Low-Grade-F\node_modules\.pnpm\gensync@1.0.0-beta.2\node_modules\gensync\index.js:273:13
      at async.call.result.err.err (C:\Users\shami\Desktop\Low-Grade-F\node_modules\.pnpm\gensync@1.0.0-beta.2\node_modules\gensync\index.js:223:11)
      at C:\Users\shami\Desktop\Low-Grade-F\node_modules\.pnpm\gensync@1.0.0-beta.2\node_modules\gensync\index.js:189:28
      at C:\Users\shami\Desktop\Low-Grade-F\node_modules\.pnpm\@babel+core@7.29.7\node_modules\@babel\core\lib\gensync-utils\async.js:67:7
      at C:\Users\shami\Desktop\Low-Grade-F\node_modules\.pnpm\gensync@1.0.0-beta.2\node_modules\gensync\index.js:113:33
      at step (C:\Users\shami\Desktop\Low-Grade-F\node_modules\.pnpm\gensync@1.0.0-beta.2\node_modules\gensync\index.js:287:14)
[2m4:58:19 PM[22m [31m[1m[vite][22m[39m [31mInternal server error: C:\Users\shami\Desktop\Low-Grade-F\artifacts\lgf-website\src\components\sections\About.tsx: Unterminated string constant. (10:85)

[0m [90m  8 |[31m   { text[33m:[31m [32m"IS EASY."[31m[33m,[31m         className[33m:[31m [32m"text-white"[31m[33m,[31m  marginTop[33m:[31m [32m"0.08em"[31m[33m,[31m  align[33m:[31m [32m"center"[31m}[33m,[31m
 [90m  9 |[31m   { text[33m:[31m [32m"BEING REMEMBERED"[31m[33m,[31m className[33m:[31m [32m"text-chrome"[31m[33m,[31m marginTop[33m:[31m [32m"0.08em"[31m[33m,[31m  align[33m:[31m [32m"left"[31m  }[33m,[31m
[31m[1m>[22m[31m[90m 10 |[31m   { text[33m:[31m [32m"IS NOT."[31m[33m,[31m          className[33m:[31m [32m"text-chrome"[31m[33m,[31m marginTop[33m:[31m [32m"0.08em"[31m[33m,[31m  align[33m:[31m [32m"center[31m
 [90m    |[31m                                                                                      [31m[1m^[22m[31m
 [90m 11 |[31m ][33m;[31m
 [90m 12 |[31m
 [90m 13 |[31m [36mexport[31m [36mdefault[31m [36mfunction[31m [33mAbout[31m() {[0m[39m
  Plugin: [35mvite:react-babel[39m
  File: [36mC:/Users/shami/Desktop/Low-Grade-F/artifacts/lgf-website/src/components/sections/About.tsx[39m:10:85
[33m  8  |    { text: "IS EASY.",         className: "text-white",  marginTop: "0.08em",  align: "center"},
  9  |    { text: "BEING REMEMBERED", className: "text-chrome", marginTop: "0.08em",  align: "left"  },
  10 |    { text: "IS NOT.",          className: "text-chrome", marginTop: "0.08em",  align: "center
     |                                                                                       ^
  11 |  ];
  12 |  [39m
      at constructor (C:\Users\shami\Desktop\Low-Grade-F\node_modules\.pnpm\@babel+parser@7.29.7\node_modules\@babel\parser\lib\index.js:365:19)
      at TypeScriptParserMixin.raise (C:\Users\shami\Desktop\Low-Grade-F\node_modules\.pnpm\@babel+parser@7.29.7\node_modules\@babel\parser\lib\index.js:6616:19)
      at Object.unterminated (C:\Users\shami\Desktop\Low-Grade-F\node_modules\.pnpm\@babel+parser@7.29.7\node_modules\@babel\parser\lib\index.js:5681:20)
      at readStringContents (C:\Users\shami\Desktop\Low-Grade-F\node_modules\.pnpm\@babel+parser@7.29.7\node_modules\@babel\parser\lib\index.js:5423:16)
      at TypeScriptParserMixin.readString (C:\Users\shami\Desktop\Low-Grade-F\node_modules\.pnpm\@babel+parser@7.29.7\node_modules\@babel\parser\lib\index.js:6515:9)
      at TypeScriptParserMixin.getTokenFromCode (C:\Users\shami\Desktop\Low-Grade-F\node_modules\.pnpm\@babel+parser@7.29.7\node_modules\@babel\parser\lib\index.js:6275:14)
      at TypeScriptParserMixin.getTokenFromCode (C:\Users\shami\Desktop\Low-Grade-F\node_modules\.pnpm\@babel+parser@7.29.7\node_modules\@babel\parser\lib\index.js:4809:11)
      at TypeScriptParserMixin.getTokenFromCode (C:\Users\shami\Desktop\Low-Grade-F\node_modules\.pnpm\@babel+parser@7.29.7\node_modules\@babel\parser\lib\index.js:10004:11)
      at TypeScriptParserMixin.nextToken (C:\Users\shami\Desktop\Low-Grade-F\node_modules\.pnpm\@babel+parser@7.29.7\node_modules\@babel\parser\lib\index.js:5799:10)
      at TypeScriptParserMixin.next (C:\Users\shami\Desktop\Low-Grade-F\node_modules\.pnpm\@babel+parser@7.29.7\node_modules\@babel\parser\lib\index.js:5709:10)
      at TypeScriptParserMixin.eat (C:\Users\shami\Desktop\Low-Grade-F\node_modules\.pnpm\@babel+parser@7.29.7\node_modules\@babel\parser\lib\index.js:5713:12)
      at TypeScriptParserMixin.parseObjectProperty (C:\Users\shami\Desktop\Low-Grade-F\node_modules\.pnpm\@babel+parser@7.29.7\node_modules\@babel\parser\lib\index.js:11966:14)
      at TypeScriptParserMixin.parseObjPropValue (C:\Users\shami\Desktop\Low-Grade-F\node_modules\.pnpm\@babel+parser@7.29.7\node_modules\@babel\parser\lib\index.js:11995:100)
      at TypeScriptParserMixin.parseObjPropValue (C:\Users\shami\Desktop\Low-Grade-F\node_modules\.pnpm\@babel+parser@7.29.7\node_modules\@babel\parser\lib\index.js:9761:18)
      at TypeScriptParserMixin.parsePropertyDefinition (C:\Users\shami\Desktop\Low-Grade-F\node_modules\.pnpm\@babel+parser@7.29.7\node_modules\@babel\parser\lib\index.js:11932:17)
      at TypeScriptParserMixin.parseObjectLike (C:\Users\shami\Desktop\Low-Grade-F\node_modules\.pnpm\@babel+parser@7.29.7\node_modules\@babel\parser\lib\index.js:11849:21)
      at TypeScriptParserMixin.parseExprAtom (C:\Users\shami\Desktop\Low-Grade-F\node_modules\.pnpm\@babel+parser@7.29.7\node_modules\@babel\parser\lib\index.js:11356:23)
      at TypeScriptParserMixin.parseExprAtom (C:\Users\shami\Desktop\Low-Grade-F\node_modules\.pnpm\@babel+parser@7.29.7\node_modules\@babel\parser\lib\index.js:4776:20)
      at TypeScriptParserMixin.parseExprSubscripts (C:\Users\shami\Desktop\Low-Grade-F\node_modules\.pnpm\@babel+parser@7.29.7\node_modules\@babel\parser\lib\index.js:11098:23)
      at TypeScriptParserMixin.parseUpdate (C:\Users\shami\Desktop\Low-Grade-F\node_modules\.pnpm\@babel+parser@7.29.7\node_modules\@babel\parser\lib\index.js:11083:21)
      at TypeScriptParserMixin.parseMaybeUnary (C:\Users\shami\Desktop\Low-Grade-F\node_modules\.pnpm\@babel+parser@7.29.7\node_modules\@babel\parser\lib\index.js:11063:23)
      at TypeScriptParserMixin.parseMaybeUnary (C:\Users\shami\Desktop\Low-Grade-F\node_modules\.pnpm\@babel+parser@7.29.7\node_modules\@babel\parser\lib\index.js:9854:18)
      at TypeScriptParserMixin.parseMaybeUnaryOrPrivate (C:\Users\shami\Desktop\Low-Grade-F\node_modules\.pnpm\@babel+parser@7.29.7\node_modules\@babel\parser\lib\index.js:10916:61)
      at TypeScriptParserMixin.parseExprOps (C:\Users\shami\Desktop\Low-Grade-F\node_modules\.pnpm\@babel+parser@7.29.7\node_modules\@babel\parser\lib\index.js:10921:23)
      at TypeScriptParserMixin.parseMaybeConditional (C:\Users\shami\Desktop\Low-Grade-F\node_modules\.pnpm\@babel+parser@7.29.7\node_modules\@babel\parser\lib\index.js:10898:23)
      at TypeScriptParserMixin.parseMaybeAssign (C:\Users\shami\Desktop\Low-Grade-F\node_modules\.pnpm\@babel+parser@7.29.7\node_modules\@babel\parser\lib\index.js:10848:21)
      at TypeScriptParserMixin.parseMaybeAssign (C:\Users\shami\Desktop\Low-Grade-F\node_modules\.pnpm\@babel+parser@7.29.7\node_modules\@babel\parser\lib\index.js:9803:20)
      at C:\Users\shami\Desktop\Low-Grade-F\node_modules\.pnpm\@babel+parser@7.29.7\node_modules\@babel\parser\lib\index.js:10817:39
      at TypeScriptParserMixin.allowInAnd (C:\Users\shami\Desktop\Low-Grade-F\node_modules\.pnpm\@babel+parser@7.29.7\node_modules\@babel\parser\lib\index.js:12443:12)
      at TypeScriptParserMixin.parseMaybeAssignAllowIn (C:\Users\shami\Desktop\Low-Grade-F\node_modules\.pnpm\@babel+parser@7.29.7\node_modules\@babel\parser\lib\index.js:10817:17)
      at TypeScriptParserMixin.parseMaybeAssignAllowInOrVoidPattern (C:\Users\shami\Desktop\Low-Grade-F\node_modules\.pnpm\@babel+parser@7.29.7\node_modules\@babel\parser\lib\index.js:12510:17)
      at TypeScriptParserMixin.parseExprListItem (C:\Users\shami\Desktop\Low-Grade-F\node_modules\.pnpm\@babel+parser@7.29.7\node_modules\@babel\parser\lib\index.js:12192:18)
      at TypeScriptParserMixin.parseExprList (C:\Users\shami\Desktop\Low-Grade-F\node_modules\.pnpm\@babel+parser@7.29.7\node_modules\@babel\parser\lib\index.js:12167:22)
      at TypeScriptParserMixin.parseArrayLike (C:\Users\shami\Desktop\Low-Grade-F\node_modules\.pnpm\@babel+parser@7.29.7\node_modules\@babel\parser\lib\index.js:12074:26)
      at TypeScriptParserMixin.parseArrayLike (C:\Users\shami\Desktop\Low-Grade-F\node_modules\.pnpm\@babel+parser@7.29.7\node_modules\@babel\parser\lib\index.js:9210:24)
      at TypeScriptParserMixin.parseExprAtom (C:\Users\shami\Desktop\Low-Grade-F\node_modules\.pnpm\@babel+parser@7.29.7\node_modules\@babel\parser\lib\index.js:11352:23)
      at TypeScriptParserMixin.parseExprAtom (C:\Users\shami\Desktop\Low-Grade-F\node_modules\.pnpm\@babel+parser@7.29.7\node_modules\@babel\parser\lib\index.js:4776:20)
      at TypeScriptParserMixin.parseExprSubscripts (C:\Users\shami\Desktop\Low-Grade-F\node_modules\.pnpm\@babel+parser@7.29.7\node_modules\@babel\parser\lib\index.js:11098:23)
      at TypeScriptParserMixin.parseUpdate (C:\Users\shami\Desktop\Low-Grade-F\node_modules\.pnpm\@babel+parser@7.29.7\node_modules\@babel\parser\lib\index.js:11083:21)
      at TypeScriptParserMixin.parseMaybeUnary (C:\Users\shami\Desktop\Low-Grade-F\node_modules\.pnpm\@babel+parser@7.29.7\node_modules\@babel\parser\lib\index.js:11063:23)
      at TypeScriptParserMixin.parseMaybeUnary (C:\Users\shami\Desktop\Low-Grade-F\node_modules\.pnpm\@babel+parser@7.29.7\node_modules\@babel\parser\lib\index.js:9854:18)
      at TypeScriptParserMixin.parseMaybeUnaryOrPrivate (C:\Users\shami\Desktop\Low-Grade-F\node_modules\.pnpm\@babel+parser@7.29.7\node_modules\@babel\parser\lib\index.js:10916:61)
      at TypeScriptParserMixin.parseExprOps (C:\Users\shami\Desktop\Low-Grade-F\node_modules\.pnpm\@babel+parser@7.29.7\node_modules\@babel\parser\lib\index.js:10921:23)
      at TypeScriptParserMixin.parseMaybeConditional (C:\Users\shami\Desktop\Low-Grade-F\node_modules\.pnpm\@babel+parser@7.29.7\node_modules\@babel\parser\lib\index.js:10898:23)
      at TypeScriptParserMixin.parseMaybeAssign (C:\Users\shami\Desktop\Low-Grade-F\node_modules\.pnpm\@babel+parser@7.29.7\node_modules\@babel\parser\lib\index.js:10848:21)
      at TypeScriptParserMixin.parseMaybeAssign (C:\Users\shami\Desktop\Low-Grade-F\node_modules\.pnpm\@babel+parser@7.29.7\node_modules\@babel\parser\lib\index.js:9803:20)
      at C:\Users\shami\Desktop\Low-Grade-F\node_modules\.pnpm\@babel+parser@7.29.7\node_modules\@babel\parser\lib\index.js:10817:39
      at TypeScriptParserMixin.allowInAnd (C:\Users\shami\Desktop\Low-Grade-F\node_modules\.pnpm\@babel+parser@7.29.7\node_modules\@babel\parser\lib\index.js:12438:16)
      at TypeScriptParserMixin.parseMaybeAssignAllowIn (C:\Users\shami\Desktop\Low-Grade-F\node_modules\.pnpm\@babel+parser@7.29.7\node_modules\@babel\parser\lib\index.js:10817:17)
      at TypeScriptParserMixin.parseVar (C:\Users\shami\Desktop\Low-Grade-F\node_modules\.pnpm\@babel+parser@7.29.7\node_modules\@babel\parser\lib\index.js:13401:91)
[2m4:58:38 PM[22m [31m[1m[vite][22m[39m [31mInternal server error: C:\Users\shami\Desktop\Low-Grade-F\artifacts\lgf-website\src\components\sections\About.tsx: Unterminated string constant. (10:85)

[0m [90m  8 |[31m   { text[33m:[31m [32m"IS EASY."[31m[33m,[31m         className[33m:[31m [32m"text-white"[31m[33m,[31m  marginTop[33m:[31m [32m"0.08em"[31m[33m,[31m  align[33m:[31m [32m"center"[31m}[33m,[31m
 [90m  9 |[31m   { text[33m:[31m [32m"BEING REMEMBERED"[31m[33m,[31m className[33m:[31m [32m"text-chrome"[31m[33m,[31m marginTop[33m:[31m [32m"0.08em"[31m[33m,[31m  align[33m:[31m [32m"left"[31m  }[33m,[31m
[31m[1m>[22m[31m[90m 10 |[31m   { text[33m:[31m [32m"IS NOT."[31m[33m,[31m          className[33m:[31m [32m"text-chrome"[31m[33m,[31m marginTop[33m:[31m [32m"0.08em"[31m[33m,[31m  align[33m:[31m [32m"cente  },[31m
 [90m    |[31m                                                                                      [31m[1m^[22m[31m
 [90m 11 |[31m ][33m;[31m
 [90m 12 |[31m
 [90m 13 |[31m [36mexport[31m [36mdefault[31m [36mfunction[31m [33mAbout[31m() {[0m[39m
  Plugin: [35mvite:react-babel[39m
  File: [36mC:/Users/shami/Desktop/Low-Grade-F/artifacts/lgf-website/src/components/sections/About.tsx[39m:10:85
[33m  8  |    { text: "IS EASY.",         className: "text-white",  marginTop: "0.08em",  align: "center"},
  9  |    { text: "BEING REMEMBERED", className: "text-chrome", marginTop: "0.08em",  align: "left"  },
  10 |    { text: "IS NOT.",          className: "text-chrome", marginTop: "0.08em",  align: "cente  },
     |                                                                                       ^
  11 |  ];
  12 |  [39m
      at constructor (C:\Users\shami\Desktop\Low-Grade-F\node_modules\.pnpm\@babel+parser@7.29.7\node_modules\@babel\parser\lib\index.js:365:19)
      at TypeScriptParserMixin.raise (C:\Users\shami\Desktop\Low-Grade-F\node_modules\.pnpm\@babel+parser@7.29.7\node_modules\@babel\parser\lib\index.js:6616:19)
      at Object.unterminated (C:\Users\shami\Desktop\Low-Grade-F\node_modules\.pnpm\@babel+parser@7.29.7\node_modules\@babel\parser\lib\index.js:5681:20)
      at readStringContents (C:\Users\shami\Desktop\Low-Grade-F\node_modules\.pnpm\@babel+parser@7.29.7\node_modules\@babel\parser\lib\index.js:5423:16)
      at TypeScriptParserMixin.readString (C:\Users\shami\Desktop\Low-Grade-F\node_modules\.pnpm\@babel+parser@7.29.7\node_modules\@babel\parser\lib\index.js:6515:9)
      at TypeScriptParserMixin.getTokenFromCode (C:\Users\shami\Desktop\Low-Grade-F\node_modules\.pnpm\@babel+parser@7.29.7\node_modules\@babel\parser\lib\index.js:6275:14)
      at TypeScriptParserMixin.getTokenFromCode (C:\Users\shami\Desktop\Low-Grade-F\node_modules\.pnpm\@babel+parser@7.29.7\node_modules\@babel\parser\lib\index.js:4809:11)
      at TypeScriptParserMixin.getTokenFromCode (C:\Users\shami\Desktop\Low-Grade-F\node_modules\.pnpm\@babel+parser@7.29.7\node_modules\@babel\parser\lib\index.js:10004:11)
      at TypeScriptParserMixin.nextToken (C:\Users\shami\Desktop\Low-Grade-F\node_modules\.pnpm\@babel+parser@7.29.7\node_modules\@babel\parser\lib\index.js:5799:10)
      at TypeScriptParserMixin.next (C:\Users\shami\Desktop\Low-Grade-F\node_modules\.pnpm\@babel+parser@7.29.7\node_modules\@babel\parser\lib\index.js:5709:10)
      at TypeScriptParserMixin.eat (C:\Users\shami\Desktop\Low-Grade-F\node_modules\.pnpm\@babel+parser@7.29.7\node_modules\@babel\parser\lib\index.js:5713:12)
      at TypeScriptParserMixin.parseObjectProperty (C:\Users\shami\Desktop\Low-Grade-F\node_modules\.pnpm\@babel+parser@7.29.7\node_modules\@babel\parser\lib\index.js:11966:14)
      at TypeScriptParserMixin.parseObjPropValue (C:\Users\shami\Desktop\Low-Grade-F\node_modules\.pnpm\@babel+parser@7.29.7\node_modules\@babel\parser\lib\index.js:11995:100)
      at TypeScriptParserMixin.parseObjPropValue (C:\Users\shami\Desktop\Low-Grade-F\node_modules\.pnpm\@babel+parser@7.29.7\node_modules\@babel\parser\lib\index.js:9761:18)
      at TypeScriptParserMixin.parsePropertyDefinition (C:\Users\shami\Desktop\Low-Grade-F\node_modules\.pnpm\@babel+parser@7.29.7\node_modules\@babel\parser\lib\index.js:11932:17)
      at TypeScriptParserMixin.parseObjectLike (C:\Users\shami\Desktop\Low-Grade-F\node_modules\.pnpm\@babel+parser@7.29.7\node_modules\@babel\parser\lib\index.js:11849:21)
      at TypeScriptParserMixin.parseExprAtom (C:\Users\shami\Desktop\Low-Grade-F\node_modules\.pnpm\@babel+parser@7.29.7\node_modules\@babel\parser\lib\index.js:11356:23)
      at TypeScriptParserMixin.parseExprAtom (C:\Users\shami\Desktop\Low-Grade-F\node_modules\.pnpm\@babel+parser@7.29.7\node_modules\@babel\parser\lib\index.js:4776:20)
      at TypeScriptParserMixin.parseExprSubscripts (C:\Users\shami\Desktop\Low-Grade-F\node_modules\.pnpm\@babel+parser@7.29.7\node_modules\@babel\parser\lib\index.js:11098:23)
      at TypeScriptParserMixin.parseUpdate (C:\Users\shami\Desktop\Low-Grade-F\node_modules\.pnpm\@babel+parser@7.29.7\node_modules\@babel\parser\lib\index.js:11083:21)
      at TypeScriptParserMixin.parseMaybeUnary (C:\Users\shami\Desktop\Low-Grade-F\node_modules\.pnpm\@babel+parser@7.29.7\node_modules\@babel\parser\lib\index.js:11063:23)
      at TypeScriptParserMixin.parseMaybeUnary (C:\Users\shami\Desktop\Low-Grade-F\node_modules\.pnpm\@babel+parser@7.29.7\node_modules\@babel\parser\lib\index.js:9854:18)
      at TypeScriptParserMixin.parseMaybeUnaryOrPrivate (C:\Users\shami\Desktop\Low-Grade-F\node_modules\.pnpm\@babel+parser@7.29.7\node_modules\@babel\parser\lib\index.js:10916:61)
      at TypeScriptParserMixin.parseExprOps (C:\Users\shami\Desktop\Low-Grade-F\node_modules\.pnpm\@babel+parser@7.29.7\node_modules\@babel\parser\lib\index.js:10921:23)
      at TypeScriptParserMixin.parseMaybeConditional (C:\Users\shami\Desktop\Low-Grade-F\node_modules\.pnpm\@babel+parser@7.29.7\node_modules\@babel\parser\lib\index.js:10898:23)
      at TypeScriptParserMixin.parseMaybeAssign (C:\Users\shami\Desktop\Low-Grade-F\node_modules\.pnpm\@babel+parser@7.29.7\node_modules\@babel\parser\lib\index.js:10848:21)
      at TypeScriptParserMixin.parseMaybeAssign (C:\Users\shami\Desktop\Low-Grade-F\node_modules\.pnpm\@babel+parser@7.29.7\node_modules\@babel\parser\lib\index.js:9803:20)
      at C:\Users\shami\Desktop\Low-Grade-F\node_modules\.pnpm\@babel+parser@7.29.7\node_modules\@babel\parser\lib\index.js:10817:39
      at TypeScriptParserMixin.allowInAnd (C:\Users\shami\Desktop\Low-Grade-F\node_modules\.pnpm\@babel+parser@7.29.7\node_modules\@babel\parser\lib\index.js:12443:12)
      at TypeScriptParserMixin.parseMaybeAssignAllowIn (C:\Users\shami\Desktop\Low-Grade-F\node_modules\.pnpm\@babel+parser@7.29.7\node_modules\@babel\parser\lib\index.js:10817:17)
      at TypeScriptParserMixin.parseMaybeAssignAllowInOrVoidPattern (C:\Users\shami\Desktop\Low-Grade-F\node_modules\.pnpm\@babel+parser@7.29.7\node_modules\@babel\parser\lib\index.js:12510:17)
      at TypeScriptParserMixin.parseExprListItem (C:\Users\shami\Desktop\Low-Grade-F\node_modules\.pnpm\@babel+parser@7.29.7\node_modules\@babel\parser\lib\index.js:12192:18)
      at TypeScriptParserMixin.parseExprList (C:\Users\shami\Desktop\Low-Grade-F\node_modules\.pnpm\@babel+parser@7.29.7\node_modules\@babel\parser\lib\index.js:12167:22)
      at TypeScriptParserMixin.parseArrayLike (C:\Users\shami\Desktop\Low-Grade-F\node_modules\.pnpm\@babel+parser@7.29.7\node_modules\@babel\parser\lib\index.js:12074:26)
      at TypeScriptParserMixin.parseArrayLike (C:\Users\shami\Desktop\Low-Grade-F\node_modules\.pnpm\@babel+parser@7.29.7\node_modules\@babel\parser\lib\index.js:9210:24)
      at TypeScriptParserMixin.parseExprAtom (C:\Users\shami\Desktop\Low-Grade-F\node_modules\.pnpm\@babel+parser@7.29.7\node_modules\@babel\parser\lib\index.js:11352:23)
      at TypeScriptParserMixin.parseExprAtom (C:\Users\shami\Desktop\Low-Grade-F\node_modules\.pnpm\@babel+parser@7.29.7\node_modules\@babel\parser\lib\index.js:4776:20)
      at TypeScriptParserMixin.parseExprSubscripts (C:\Users\shami\Desktop\Low-Grade-F\node_modules\.pnpm\@babel+parser@7.29.7\node_modules\@babel\parser\lib\index.js:11098:23)
      at TypeScriptParserMixin.parseUpdate (C:\Users\shami\Desktop\Low-Grade-F\node_modules\.pnpm\@babel+parser@7.29.7\node_modules\@babel\parser\lib\index.js:11083:21)
      at TypeScriptParserMixin.parseMaybeUnary (C:\Users\shami\Desktop\Low-Grade-F\node_modules\.pnpm\@babel+parser@7.29.7\node_modules\@babel\parser\lib\index.js:11063:23)
      at TypeScriptParserMixin.parseMaybeUnary (C:\Users\shami\Desktop\Low-Grade-F\node_modules\.pnpm\@babel+parser@7.29.7\node_modules\@babel\parser\lib\index.js:9854:18)
      at TypeScriptParserMixin.parseMaybeUnaryOrPrivate (C:\Users\shami\Desktop\Low-Grade-F\node_modules\.pnpm\@babel+parser@7.29.7\node_modules\@babel\parser\lib\index.js:10916:61)
      at TypeScriptParserMixin.parseExprOps (C:\Users\shami\Desktop\Low-Grade-F\node_modules\.pnpm\@babel+parser@7.29.7\node_modules\@babel\parser\lib\index.js:10921:23)
      at TypeScriptParserMixin.parseMaybeConditional (C:\Users\shami\Desktop\Low-Grade-F\node_modules\.pnpm\@babel+parser@7.29.7\node_modules\@babel\parser\lib\index.js:10898:23)
      at TypeScriptParserMixin.parseMaybeAssign (C:\Users\shami\Desktop\Low-Grade-F\node_modules\.pnpm\@babel+parser@7.29.7\node_modules\@babel\parser\lib\index.js:10848:21)
      at TypeScriptParserMixin.parseMaybeAssign (C:\Users\shami\Desktop\Low-Grade-F\node_modules\.pnpm\@babel+parser@7.29.7\node_modules\@babel\parser\lib\index.js:9803:20)
      at C:\Users\shami\Desktop\Low-Grade-F\node_modules\.pnpm\@babel+parser@7.29.7\node_modules\@babel\parser\lib\index.js:10817:39
      at TypeScriptParserMixin.allowInAnd (C:\Users\shami\Desktop\Low-Grade-F\node_modules\.pnpm\@babel+parser@7.29.7\node_modules\@babel\parser\lib\index.js:12438:16)
      at TypeScriptParserMixin.parseMaybeAssignAllowIn (C:\Users\shami\Desktop\Low-Grade-F\node_modules\.pnpm\@babel+parser@7.29.7\node_modules\@babel\parser\lib\index.js:10817:17)
      at TypeScriptParserMixin.parseVar (C:\Users\shami\Desktop\Low-Grade-F\node_modules\.pnpm\@babel+parser@7.29.7\node_modules\@babel\parser\lib\index.js:13401:91)
[2m4:58:40 PM[22m [31m[1m[vite][22m[39m [31mInternal server error: C:\Users\shami\Desktop\Low-Grade-F\artifacts\lgf-website\src\components\sections\About.tsx: Unterminated string constant. (10:85)

[0m [90m  8 |[31m   { text[33m:[31m [32m"IS EASY."[31m[33m,[31m         className[33m:[31m [32m"text-white"[31m[33m,[31m  marginTop[33m:[31m [32m"0.08em"[31m[33m,[31m  align[33m:[31m [32m"center"[31m}[33m,[31m
 [90m  9 |[31m   { text[33m:[31m [32m"BEING REMEMBERED"[31m[33m,[31m className[33m:[31m [32m"text-chrome"[31m[33m,[31m marginTop[33m:[31m [32m"0.08em"[31m[33m,[31m  align[33m:[31m [32m"left"[31m  }[33m,[31m
[31m[1m>[22m[31m[90m 10 |[31m   { text[33m:[31m [32m"IS NOT."[31m[33m,[31m          className[33m:[31m [32m"text-chrome"[31m[33m,[31m marginTop[33m:[31m [32m"0.08em"[31m[33m,[31m  align[33m:[31m [32m"cente },[31m
 [90m    |[31m                                                                                      [31m[1m^[22m[31m
 [90m 11 |[31m ][33m;[31m
 [90m 12 |[31m
 [90m 13 |[31m [36mexport[31m [36mdefault[31m [36mfunction[31m [33mAbout[31m() {[0m[39m
  Plugin: [35mvite:react-babel[39m
  File: [36mC:/Users/shami/Desktop/Low-Grade-F/artifacts/lgf-website/src/components/sections/About.tsx[39m:10:85
[33m  8  |    { text: "IS EASY.",         className: "text-white",  marginTop: "0.08em",  align: "center"},
  9  |    { text: "BEING REMEMBERED", className: "text-chrome", marginTop: "0.08em",  align: "left"  },
  10 |    { text: "IS NOT.",          className: "text-chrome", marginTop: "0.08em",  align: "cente },
     |                                                                                       ^
  11 |  ];
  12 |  [39m
      at constructor (C:\Users\shami\Desktop\Low-Grade-F\node_modules\.pnpm\@babel+parser@7.29.7\node_modules\@babel\parser\lib\index.js:365:19)
      at TypeScriptParserMixin.raise (C:\Users\shami\Desktop\Low-Grade-F\node_modules\.pnpm\@babel+parser@7.29.7\node_modules\@babel\parser\lib\index.js:6616:19)
      at Object.unterminated (C:\Users\shami\Desktop\Low-Grade-F\node_modules\.pnpm\@babel+parser@7.29.7\node_modules\@babel\parser\lib\index.js:5681:20)
      at readStringContents (C:\Users\shami\Desktop\Low-Grade-F\node_modules\.pnpm\@babel+parser@7.29.7\node_modules\@babel\parser\lib\index.js:5423:16)
      at TypeScriptParserMixin.readString (C:\Users\shami\Desktop\Low-Grade-F\node_modules\.pnpm\@babel+parser@7.29.7\node_modules\@babel\parser\lib\index.js:6515:9)
      at TypeScriptParserMixin.getTokenFromCode (C:\Users\shami\Desktop\Low-Grade-F\node_modules\.pnpm\@babel+parser@7.29.7\node_modules\@babel\parser\lib\index.js:6275:14)
      at TypeScriptParserMixin.getTokenFromCode (C:\Users\shami\Desktop\Low-Grade-F\node_modules\.pnpm\@babel+parser@7.29.7\node_modules\@babel\parser\lib\index.js:4809:11)
      at TypeScriptParserMixin.getTokenFromCode (C:\Users\shami\Desktop\Low-Grade-F\node_modules\.pnpm\@babel+parser@7.29.7\node_modules\@babel\parser\lib\index.js:10004:11)
      at TypeScriptParserMixin.nextToken (C:\Users\shami\Desktop\Low-Grade-F\node_modules\.pnpm\@babel+parser@7.29.7\node_modules\@babel\parser\lib\index.js:5799:10)
      at TypeScriptParserMixin.next (C:\Users\shami\Desktop\Low-Grade-F\node_modules\.pnpm\@babel+parser@7.29.7\node_modules\@babel\parser\lib\index.js:5709:10)
      at TypeScriptParserMixin.eat (C:\Users\shami\Desktop\Low-Grade-F\node_modules\.pnpm\@babel+parser@7.29.7\node_modules\@babel\parser\lib\index.js:5713:12)
      at TypeScriptParserMixin.parseObjectProperty (C:\Users\shami\Desktop\Low-Grade-F\node_modules\.pnpm\@babel+parser@7.29.7\node_modules\@babel\parser\lib\index.js:11966:14)
      at TypeScriptParserMixin.parseObjPropValue (C:\Users\shami\Desktop\Low-Grade-F\node_modules\.pnpm\@babel+parser@7.29.7\node_modules\@babel\parser\lib\index.js:11995:100)
      at TypeScriptParserMixin.parseObjPropValue (C:\Users\shami\Desktop\Low-Grade-F\node_modules\.pnpm\@babel+parser@7.29.7\node_modules\@babel\parser\lib\index.js:9761:18)
      at TypeScriptParserMixin.parsePropertyDefinition (C:\Users\shami\Desktop\Low-Grade-F\node_modules\.pnpm\@babel+parser@7.29.7\node_modules\@babel\parser\lib\index.js:11932:17)
      at TypeScriptParserMixin.parseObjectLike (C:\Users\shami\Desktop\Low-Grade-F\node_modules\.pnpm\@babel+parser@7.29.7\node_modules\@babel\parser\lib\index.js:11849:21)
      at TypeScriptParserMixin.parseExprAtom (C:\Users\shami\Desktop\Low-Grade-F\node_modules\.pnpm\@babel+parser@7.29.7\node_modules\@babel\parser\lib\index.js:11356:23)
      at TypeScriptParserMixin.parseExprAtom (C:\Users\shami\Desktop\Low-Grade-F\node_modules\.pnpm\@babel+parser@7.29.7\node_modules\@babel\parser\lib\index.js:4776:20)
      at TypeScriptParserMixin.parseExprSubscripts (C:\Users\shami\Desktop\Low-Grade-F\node_modules\.pnpm\@babel+parser@7.29.7\node_modules\@babel\parser\lib\index.js:11098:23)
      at TypeScriptParserMixin.parseUpdate (C:\Users\shami\Desktop\Low-Grade-F\node_modules\.pnpm\@babel+parser@7.29.7\node_modules\@babel\parser\lib\index.js:11083:21)
      at TypeScriptParserMixin.parseMaybeUnary (C:\Users\shami\Desktop\Low-Grade-F\node_modules\.pnpm\@babel+parser@7.29.7\node_modules\@babel\parser\lib\index.js:11063:23)
      at TypeScriptParserMixin.parseMaybeUnary (C:\Users\shami\Desktop\Low-Grade-F\node_modules\.pnpm\@babel+parser@7.29.7\node_modules\@babel\parser\lib\index.js:9854:18)
      at TypeScriptParserMixin.parseMaybeUnaryOrPrivate (C:\Users\shami\Desktop\Low-Grade-F\node_modules\.pnpm\@babel+parser@7.29.7\node_modules\@babel\parser\lib\index.js:10916:61)
      at TypeScriptParserMixin.parseExprOps (C:\Users\shami\Desktop\Low-Grade-F\node_modules\.pnpm\@babel+parser@7.29.7\node_modules\@babel\parser\lib\index.js:10921:23)
      at TypeScriptParserMixin.parseMaybeConditional (C:\Users\shami\Desktop\Low-Grade-F\node_modules\.pnpm\@babel+parser@7.29.7\node_modules\@babel\parser\lib\index.js:10898:23)
      at TypeScriptParserMixin.parseMaybeAssign (C:\Users\shami\Desktop\Low-Grade-F\node_modules\.pnpm\@babel+parser@7.29.7\node_modules\@babel\parser\lib\index.js:10848:21)
      at TypeScriptParserMixin.parseMaybeAssign (C:\Users\shami\Desktop\Low-Grade-F\node_modules\.pnpm\@babel+parser@7.29.7\node_modules\@babel\parser\lib\index.js:9803:20)
      at C:\Users\shami\Desktop\Low-Grade-F\node_modules\.pnpm\@babel+parser@7.29.7\node_modules\@babel\parser\lib\index.js:10817:39
      at TypeScriptParserMixin.allowInAnd (C:\Users\shami\Desktop\Low-Grade-F\node_modules\.pnpm\@babel+parser@7.29.7\node_modules\@babel\parser\lib\index.js:12443:12)
      at TypeScriptParserMixin.parseMaybeAssignAllowIn (C:\Users\shami\Desktop\Low-Grade-F\node_modules\.pnpm\@babel+parser@7.29.7\node_modules\@babel\parser\lib\index.js:10817:17)
      at TypeScriptParserMixin.parseMaybeAssignAllowInOrVoidPattern (C:\Users\shami\Desktop\Low-Grade-F\node_modules\.pnpm\@babel+parser@7.29.7\node_modules\@babel\parser\lib\index.js:12510:17)
      at TypeScriptParserMixin.parseExprListItem (C:\Users\shami\Desktop\Low-Grade-F\node_modules\.pnpm\@babel+parser@7.29.7\node_modules\@babel\parser\lib\index.js:12192:18)
      at TypeScriptParserMixin.parseExprList (C:\Users\shami\Desktop\Low-Grade-F\node_modules\.pnpm\@babel+parser@7.29.7\node_modules\@babel\parser\lib\index.js:12167:22)
      at TypeScriptParserMixin.parseArrayLike (C:\Users\shami\Desktop\Low-Grade-F\node_modules\.pnpm\@babel+parser@7.29.7\node_modules\@babel\parser\lib\index.js:12074:26)
      at TypeScriptParserMixin.parseArrayLike (C:\Users\shami\Desktop\Low-Grade-F\node_modules\.pnpm\@babel+parser@7.29.7\node_modules\@babel\parser\lib\index.js:9210:24)
      at TypeScriptParserMixin.parseExprAtom (C:\Users\shami\Desktop\Low-Grade-F\node_modules\.pnpm\@babel+parser@7.29.7\node_modules\@babel\parser\lib\index.js:11352:23)
      at TypeScriptParserMixin.parseExprAtom (C:\Users\shami\Desktop\Low-Grade-F\node_modules\.pnpm\@babel+parser@7.29.7\node_modules\@babel\parser\lib\index.js:4776:20)
      at TypeScriptParserMixin.parseExprSubscripts (C:\Users\shami\Desktop\Low-Grade-F\node_modules\.pnpm\@babel+parser@7.29.7\node_modules\@babel\parser\lib\index.js:11098:23)
      at TypeScriptParserMixin.parseUpdate (C:\Users\shami\Desktop\Low-Grade-F\node_modules\.pnpm\@babel+parser@7.29.7\node_modules\@babel\parser\lib\index.js:11083:21)
      at TypeScriptParserMixin.parseMaybeUnary (C:\Users\shami\Desktop\Low-Grade-F\node_modules\.pnpm\@babel+parser@7.29.7\node_modules\@babel\parser\lib\index.js:11063:23)
      at TypeScriptParserMixin.parseMaybeUnary (C:\Users\shami\Desktop\Low-Grade-F\node_modules\.pnpm\@babel+parser@7.29.7\node_modules\@babel\parser\lib\index.js:9854:18)
      at TypeScriptParserMixin.parseMaybeUnaryOrPrivate (C:\Users\shami\Desktop\Low-Grade-F\node_modules\.pnpm\@babel+parser@7.29.7\node_modules\@babel\parser\lib\index.js:10916:61)
      at TypeScriptParserMixin.parseExprOps (C:\Users\shami\Desktop\Low-Grade-F\node_modules\.pnpm\@babel+parser@7.29.7\node_modules\@babel\parser\lib\index.js:10921:23)
      at TypeScriptParserMixin.parseMaybeConditional (C:\Users\shami\Desktop\Low-Grade-F\node_modules\.pnpm\@babel+parser@7.29.7\node_modules\@babel\parser\lib\index.js:10898:23)
      at TypeScriptParserMixin.parseMaybeAssign (C:\Users\shami\Desktop\Low-Grade-F\node_modules\.pnpm\@babel+parser@7.29.7\node_modules\@babel\parser\lib\index.js:10848:21)
      at TypeScriptParserMixin.parseMaybeAssign (C:\Users\shami\Desktop\Low-Grade-F\node_modules\.pnpm\@babel+parser@7.29.7\node_modules\@babel\parser\lib\index.js:9803:20)
      at C:\Users\shami\Desktop\Low-Grade-F\node_modules\.pnpm\@babel+parser@7.29.7\node_modules\@babel\parser\lib\index.js:10817:39
      at TypeScriptParserMixin.allowInAnd (C:\Users\shami\Desktop\Low-Grade-F\node_modules\.pnpm\@babel+parser@7.29.7\node_modules\@babel\parser\lib\index.js:12438:16)
      at TypeScriptParserMixin.parseMaybeAssignAllowIn (C:\Users\shami\Desktop\Low-Grade-F\node_modules\.pnpm\@babel+parser@7.29.7\node_modules\@babel\parser\lib\index.js:10817:17)
      at TypeScriptParserMixin.parseVar (C:\Users\shami\Desktop\Low-Grade-F\node_modules\.pnpm\@babel+parser@7.29.7\node_modules\@babel\parser\lib\index.js:13401:91)
[2m4:58:41 PM[22m [31m[1m[vite][22m[39m [31mInternal server error: C:\Users\shami\Desktop\Low-Grade-F\artifacts\lgf-website\src\components\sections\About.tsx: Unterminated string constant. (10:85)

[0m [90m  8 |[31m   { text[33m:[31m [32m"IS EASY."[31m[33m,[31m         className[33m:[31m [32m"text-white"[31m[33m,[31m  marginTop[33m:[31m [32m"0.08em"[31m[33m,[31m  align[33m:[31m [32m"center"[31m}[33m,[31m
 [90m  9 |[31m   { text[33m:[31m [32m"BEING REMEMBERED"[31m[33m,[31m className[33m:[31m [32m"text-chrome"[31m[33m,[31m marginTop[33m:[31m [32m"0.08em"[31m[33m,[31m  align[33m:[31m [32m"left"[31m  }[33m,[31m
[31m[1m>[22m[31m[90m 10 |[31m   { text[33m:[31m [32m"IS NOT."[31m[33m,[31m          className[33m:[31m [32m"text-chrome"[31m[33m,[31m marginTop[33m:[31m [32m"0.08em"[31m[33m,[31m  align[33m:[31m [32m"center},[31m
 [90m    |[31m                                                                                      [31m[1m^[22m[31m
 [90m 11 |[31m ][33m;[31m
 [90m 12 |[31m
 [90m 13 |[31m [36mexport[31m [36mdefault[31m [36mfunction[31m [33mAbout[31m() {[0m[39m
  Plugin: [35mvite:react-babel[39m
  File: [36mC:/Users/shami/Desktop/Low-Grade-F/artifacts/lgf-website/src/components/sections/About.tsx[39m:10:85
[33m  8  |    { text: "IS EASY.",         className: "text-white",  marginTop: "0.08em",  align: "center"},
  9  |    { text: "BEING REMEMBERED", className: "text-chrome", marginTop: "0.08em",  align: "left"  },
  10 |    { text: "IS NOT.",          className: "text-chrome", marginTop: "0.08em",  align: "center},
     |                                                                                       ^
  11 |  ];
  12 |  [39m
      at constructor (C:\Users\shami\Desktop\Low-Grade-F\node_modules\.pnpm\@babel+parser@7.29.7\node_modules\@babel\parser\lib\index.js:365:19)
      at TypeScriptParserMixin.raise (C:\Users\shami\Desktop\Low-Grade-F\node_modules\.pnpm\@babel+parser@7.29.7\node_modules\@babel\parser\lib\index.js:6616:19)
      at Object.unterminated (C:\Users\shami\Desktop\Low-Grade-F\node_modules\.pnpm\@babel+parser@7.29.7\node_modules\@babel\parser\lib\index.js:5681:20)
      at readStringContents (C:\Users\shami\Desktop\Low-Grade-F\node_modules\.pnpm\@babel+parser@7.29.7\node_modules\@babel\parser\lib\index.js:5423:16)
      at TypeScriptParserMixin.readString (C:\Users\shami\Desktop\Low-Grade-F\node_modules\.pnpm\@babel+parser@7.29.7\node_modules\@babel\parser\lib\index.js:6515:9)
      at TypeScriptParserMixin.getTokenFromCode (C:\Users\shami\Desktop\Low-Grade-F\node_modules\.pnpm\@babel+parser@7.29.7\node_modules\@babel\parser\lib\index.js:6275:14)
      at TypeScriptParserMixin.getTokenFromCode (C:\Users\shami\Desktop\Low-Grade-F\node_modules\.pnpm\@babel+parser@7.29.7\node_modules\@babel\parser\lib\index.js:4809:11)
      at TypeScriptParserMixin.getTokenFromCode (C:\Users\shami\Desktop\Low-Grade-F\node_modules\.pnpm\@babel+parser@7.29.7\node_modules\@babel\parser\lib\index.js:10004:11)
      at TypeScriptParserMixin.nextToken (C:\Users\shami\Desktop\Low-Grade-F\node_modules\.pnpm\@babel+parser@7.29.7\node_modules\@babel\parser\lib\index.js:5799:10)
      at TypeScriptParserMixin.next (C:\Users\shami\Desktop\Low-Grade-F\node_modules\.pnpm\@babel+parser@7.29.7\node_modules\@babel\parser\lib\index.js:5709:10)
      at TypeScriptParserMixin.eat (C:\Users\shami\Desktop\Low-Grade-F\node_modules\.pnpm\@babel+parser@7.29.7\node_modules\@babel\parser\lib\index.js:5713:12)
      at TypeScriptParserMixin.parseObjectProperty (C:\Users\shami\Desktop\Low-Grade-F\node_modules\.pnpm\@babel+parser@7.29.7\node_modules\@babel\parser\lib\index.js:11966:14)
      at TypeScriptParserMixin.parseObjPropValue (C:\Users\shami\Desktop\Low-Grade-F\node_modules\.pnpm\@babel+parser@7.29.7\node_modules\@babel\parser\lib\index.js:11995:100)
      at TypeScriptParserMixin.parseObjPropValue (C:\Users\shami\Desktop\Low-Grade-F\node_modules\.pnpm\@babel+parser@7.29.7\node_modules\@babel\parser\lib\index.js:9761:18)
      at TypeScriptParserMixin.parsePropertyDefinition (C:\Users\shami\Desktop\Low-Grade-F\node_modules\.pnpm\@babel+parser@7.29.7\node_modules\@babel\parser\lib\index.js:11932:17)
      at TypeScriptParserMixin.parseObjectLike (C:\Users\shami\Desktop\Low-Grade-F\node_modules\.pnpm\@babel+parser@7.29.7\node_modules\@babel\parser\lib\index.js:11849:21)
      at TypeScriptParserMixin.parseExprAtom (C:\Users\shami\Desktop\Low-Grade-F\node_modules\.pnpm\@babel+parser@7.29.7\node_modules\@babel\parser\lib\index.js:11356:23)
      at TypeScriptParserMixin.parseExprAtom (C:\Users\shami\Desktop\Low-Grade-F\node_modules\.pnpm\@babel+parser@7.29.7\node_modules\@babel\parser\lib\index.js:4776:20)
      at TypeScriptParserMixin.parseExprSubscripts (C:\Users\shami\Desktop\Low-Grade-F\node_modules\.pnpm\@babel+parser@7.29.7\node_modules\@babel\parser\lib\index.js:11098:23)
      at TypeScriptParserMixin.parseUpdate (C:\Users\shami\Desktop\Low-Grade-F\node_modules\.pnpm\@babel+parser@7.29.7\node_modules\@babel\parser\lib\index.js:11083:21)
      at TypeScriptParserMixin.parseMaybeUnary (C:\Users\shami\Desktop\Low-Grade-F\node_modules\.pnpm\@babel+parser@7.29.7\node_modules\@babel\parser\lib\index.js:11063:23)
      at TypeScriptParserMixin.parseMaybeUnary (C:\Users\shami\Desktop\Low-Grade-F\node_modules\.pnpm\@babel+parser@7.29.7\node_modules\@babel\parser\lib\index.js:9854:18)
      at TypeScriptParserMixin.parseMaybeUnaryOrPrivate (C:\Users\shami\Desktop\Low-Grade-F\node_modules\.pnpm\@babel+parser@7.29.7\node_modules\@babel\parser\lib\index.js:10916:61)
      at TypeScriptParserMixin.parseExprOps (C:\Users\shami\Desktop\Low-Grade-F\node_modules\.pnpm\@babel+parser@7.29.7\node_modules\@babel\parser\lib\index.js:10921:23)
      at TypeScriptParserMixin.parseMaybeConditional (C:\Users\shami\Desktop\Low-Grade-F\node_modules\.pnpm\@babel+parser@7.29.7\node_modules\@babel\parser\lib\index.js:10898:23)
      at TypeScriptParserMixin.parseMaybeAssign (C:\Users\shami\Desktop\Low-Grade-F\node_modules\.pnpm\@babel+parser@7.29.7\node_modules\@babel\parser\lib\index.js:10848:21)
      at TypeScriptParserMixin.parseMaybeAssign (C:\Users\shami\Desktop\Low-Grade-F\node_modules\.pnpm\@babel+parser@7.29.7\node_modules\@babel\parser\lib\index.js:9803:20)
      at C:\Users\shami\Desktop\Low-Grade-F\node_modules\.pnpm\@babel+parser@7.29.7\node_modules\@babel\parser\lib\index.js:10817:39
      at TypeScriptParserMixin.allowInAnd (C:\Users\shami\Desktop\Low-Grade-F\node_modules\.pnpm\@babel+parser@7.29.7\node_modules\@babel\parser\lib\index.js:12443:12)
      at TypeScriptParserMixin.parseMaybeAssignAllowIn (C:\Users\shami\Desktop\Low-Grade-F\node_modules\.pnpm\@babel+parser@7.29.7\node_modules\@babel\parser\lib\index.js:10817:17)
      at TypeScriptParserMixin.parseMaybeAssignAllowInOrVoidPattern (C:\Users\shami\Desktop\Low-Grade-F\node_modules\.pnpm\@babel+parser@7.29.7\node_modules\@babel\parser\lib\index.js:12510:17)
      at TypeScriptParserMixin.parseExprListItem (C:\Users\shami\Desktop\Low-Grade-F\node_modules\.pnpm\@babel+parser@7.29.7\node_modules\@babel\parser\lib\index.js:12192:18)
      at TypeScriptParserMixin.parseExprList (C:\Users\shami\Desktop\Low-Grade-F\node_modules\.pnpm\@babel+parser@7.29.7\node_modules\@babel\parser\lib\index.js:12167:22)
      at TypeScriptParserMixin.parseArrayLike (C:\Users\shami\Desktop\Low-Grade-F\node_modules\.pnpm\@babel+parser@7.29.7\node_modules\@babel\parser\lib\index.js:12074:26)
      at TypeScriptParserMixin.parseArrayLike (C:\Users\shami\Desktop\Low-Grade-F\node_modules\.pnpm\@babel+parser@7.29.7\node_modules\@babel\parser\lib\index.js:9210:24)
      at TypeScriptParserMixin.parseExprAtom (C:\Users\shami\Desktop\Low-Grade-F\node_modules\.pnpm\@babel+parser@7.29.7\node_modules\@babel\parser\lib\index.js:11352:23)
      at TypeScriptParserMixin.parseExprAtom (C:\Users\shami\Desktop\Low-Grade-F\node_modules\.pnpm\@babel+parser@7.29.7\node_modules\@babel\parser\lib\index.js:4776:20)
      at TypeScriptParserMixin.parseExprSubscripts (C:\Users\shami\Desktop\Low-Grade-F\node_modules\.pnpm\@babel+parser@7.29.7\node_modules\@babel\parser\lib\index.js:11098:23)
      at TypeScriptParserMixin.parseUpdate (C:\Users\shami\Desktop\Low-Grade-F\node_modules\.pnpm\@babel+parser@7.29.7\node_modules\@babel\parser\lib\index.js:11083:21)
      at TypeScriptParserMixin.parseMaybeUnary (C:\Users\shami\Desktop\Low-Grade-F\node_modules\.pnpm\@babel+parser@7.29.7\node_modules\@babel\parser\lib\index.js:11063:23)
      at TypeScriptParserMixin.parseMaybeUnary (C:\Users\shami\Desktop\Low-Grade-F\node_modules\.pnpm\@babel+parser@7.29.7\node_modules\@babel\parser\lib\index.js:9854:18)
      at TypeScriptParserMixin.parseMaybeUnaryOrPrivate (C:\Users\shami\Desktop\Low-Grade-F\node_modules\.pnpm\@babel+parser@7.29.7\node_modules\@babel\parser\lib\index.js:10916:61)
      at TypeScriptParserMixin.parseExprOps (C:\Users\shami\Desktop\Low-Grade-F\node_modules\.pnpm\@babel+parser@7.29.7\node_modules\@babel\parser\lib\index.js:10921:23)
      at TypeScriptParserMixin.parseMaybeConditional (C:\Users\shami\Desktop\Low-Grade-F\node_modules\.pnpm\@babel+parser@7.29.7\node_modules\@babel\parser\lib\index.js:10898:23)
      at TypeScriptParserMixin.parseMaybeAssign (C:\Users\shami\Desktop\Low-Grade-F\node_modules\.pnpm\@babel+parser@7.29.7\node_modules\@babel\parser\lib\index.js:10848:21)
      at TypeScriptParserMixin.parseMaybeAssign (C:\Users\shami\Desktop\Low-Grade-F\node_modules\.pnpm\@babel+parser@7.29.7\node_modules\@babel\parser\lib\index.js:9803:20)
      at C:\Users\shami\Desktop\Low-Grade-F\node_modules\.pnpm\@babel+parser@7.29.7\node_modules\@babel\parser\lib\index.js:10817:39
      at TypeScriptParserMixin.allowInAnd (C:\Users\shami\Desktop\Low-Grade-F\node_modules\.pnpm\@babel+parser@7.29.7\node_modules\@babel\parser\lib\index.js:12438:16)
      at TypeScriptParserMixin.parseMaybeAssignAllowIn (C:\Users\shami\Desktop\Low-Grade-F\node_modules\.pnpm\@babel+parser@7.29.7\node_modules\@babel\parser\lib\index.js:10817:17)
      at TypeScriptParserMixin.parseVar (C:\Users\shami\Desktop\Low-Grade-F\node_modules\.pnpm\@babel+parser@7.29.7\node_modules\@babel\parser\lib\index.js:13401:91)
[2m4:58:42 PM[22m [31m[1m[vite][22m[39m [31mInternal server error: C:\Users\shami\Desktop\Low-Grade-F\artifacts\lgf-website\src\components\sections\About.tsx: Unexpected token (11:0)

[0m [90m  9 |[31m   { text[33m:[31m [32m"BEING REMEMBERED"[31m[33m,[31m className[33m:[31m [32m"text-chrome"[31m[33m,[31m marginTop[33m:[31m [32m"0.08em"[31m[33m,[31m  align[33m:[31m [32m"left"[31m  }[33m,[31m
 [90m 10 |[31m   { text[33m:[31m [32m"IS NOT."[31m[33m,[31m          className[33m:[31m [32m"text-chrome"[31m[33m,[31m marginTop[33m:[31m [32m"0.08em"[31m[33m,[31m  align[33m:[31m [32m"center"[31m[33m,[31m
[31m[1m>[22m[31m[90m 11 |[31m ][33m;[31m
 [90m    |[31m [31m[1m^[22m[31m
 [90m 12 |[31m
 [90m 13 |[31m [36mexport[31m [36mdefault[31m [36mfunction[31m [33mAbout[31m() {
 [90m 14 |[31m   [36mconst[31m wrapperRef [33m=[31m useRef[33m<[31m[33mHTMLDivElement[31m[33m>[31m([36mnull[31m)[33m;[31m[0m[39m
  Plugin: [35mvite:react-babel[39m
  File: [36mC:/Users/shami/Desktop/Low-Grade-F/artifacts/lgf-website/src/components/sections/About.tsx[39m:11:0
[33m  9  |    { text: "BEING REMEMBERED", className: "text-chrome", marginTop: "0.08em",  align: "left"  },
  10 |    { text: "IS NOT.",          className: "text-chrome", marginTop: "0.08em",  align: "center",
  11 |  ];
     |  ^
  12 |  
  13 |  export default function About() {[39m
      at constructor (C:\Users\shami\Desktop\Low-Grade-F\node_modules\.pnpm\@babel+parser@7.29.7\node_modules\@babel\parser\lib\index.js:365:19)
      at TypeScriptParserMixin.raise (C:\Users\shami\Desktop\Low-Grade-F\node_modules\.pnpm\@babel+parser@7.29.7\node_modules\@babel\parser\lib\index.js:6616:19)
      at TypeScriptParserMixin.unexpected (C:\Users\shami\Desktop\Low-Grade-F\node_modules\.pnpm\@babel+parser@7.29.7\node_modules\@babel\parser\lib\index.js:6636:16)
      at TypeScriptParserMixin.parsePropertyName (C:\Users\shami\Desktop\Low-Grade-F\node_modules\.pnpm\@babel+parser@7.29.7\node_modules\@babel\parser\lib\index.js:12041:18)
      at TypeScriptParserMixin.parsePropertyDefinition (C:\Users\shami\Desktop\Low-Grade-F\node_modules\.pnpm\@babel+parser@7.29.7\node_modules\@babel\parser\lib\index.js:11906:10)
      at TypeScriptParserMixin.parseObjectLike (C:\Users\shami\Desktop\Low-Grade-F\node_modules\.pnpm\@babel+parser@7.29.7\node_modules\@babel\parser\lib\index.js:11849:21)
      at TypeScriptParserMixin.parseExprAtom (C:\Users\shami\Desktop\Low-Grade-F\node_modules\.pnpm\@babel+parser@7.29.7\node_modules\@babel\parser\lib\index.js:11356:23)
      at TypeScriptParserMixin.parseExprAtom (C:\Users\shami\Desktop\Low-Grade-F\node_modules\.pnpm\@babel+parser@7.29.7\node_modules\@babel\parser\lib\index.js:4776:20)
      at TypeScriptParserMixin.parseExprSubscripts (C:\Users\shami\Desktop\Low-Grade-F\node_modules\.pnpm\@babel+parser@7.29.7\node_modules\@babel\parser\lib\index.js:11098:23)
      at TypeScriptParserMixin.parseUpdate (C:\Users\shami\Desktop\Low-Grade-F\node_modules\.pnpm\@babel+parser@7.29.7\node_modules\@babel\parser\lib\index.js:11083:21)
      at TypeScriptParserMixin.parseMaybeUnary (C:\Users\shami\Desktop\Low-Grade-F\node_modules\.pnpm\@babel+parser@7.29.7\node_modules\@babel\parser\lib\index.js:11063:23)
      at TypeScriptParserMixin.parseMaybeUnary (C:\Users\shami\Desktop\Low-Grade-F\node_modules\.pnpm\@babel+parser@7.29.7\node_modules\@babel\parser\lib\index.js:9854:18)
      at TypeScriptParserMixin.parseMaybeUnaryOrPrivate (C:\Users\shami\Desktop\Low-Grade-F\node_modules\.pnpm\@babel+parser@7.29.7\node_modules\@babel\parser\lib\index.js:10916:61)
      at TypeScriptParserMixin.parseExprOps (C:\Users\shami\Desktop\Low-Grade-F\node_modules\.pnpm\@babel+parser@7.29.7\node_modules\@babel\parser\lib\index.js:10921:23)
      at TypeScriptParserMixin.parseMaybeConditional (C:\Users\shami\Desktop\Low-Grade-F\node_modules\.pnpm\@babel+parser@7.29.7\node_modules\@babel\parser\lib\index.js:10898:23)
      at TypeScriptParserMixin.parseMaybeAssign (C:\Users\shami\Desktop\Low-Grade-F\node_modules\.pnpm\@babel+parser@7.29.7\node_modules\@babel\parser\lib\index.js:10848:21)
      at TypeScriptParserMixin.parseMaybeAssign (C:\Users\shami\Desktop\Low-Grade-F\node_modules\.pnpm\@babel+parser@7.29.7\node_modules\@babel\parser\lib\index.js:9803:20)
      at C:\Users\shami\Desktop\Low-Grade-F\node_modules\.pnpm\@babel+parser@7.29.7\node_modules\@babel\parser\lib\index.js:10817:39
      at TypeScriptParserMixin.allowInAnd (C:\Users\shami\Desktop\Low-Grade-F\node_modules\.pnpm\@babel+parser@7.29.7\node_modules\@babel\parser\lib\index.js:12443:12)
      at TypeScriptParserMixin.parseMaybeAssignAllowIn (C:\Users\shami\Desktop\Low-Grade-F\node_modules\.pnpm\@babel+parser@7.29.7\node_modules\@babel\parser\lib\index.js:10817:17)
      at TypeScriptParserMixin.parseMaybeAssignAllowInOrVoidPattern (C:\Users\shami\Desktop\Low-Grade-F\node_modules\.pnpm\@babel+parser@7.29.7\node_modules\@babel\parser\lib\index.js:12510:17)
      at TypeScriptParserMixin.parseExprListItem (C:\Users\shami\Desktop\Low-Grade-F\node_modules\.pnpm\@babel+parser@7.29.7\node_modules\@babel\parser\lib\index.js:12192:18)
      at TypeScriptParserMixin.parseExprList (C:\Users\shami\Desktop\Low-Grade-F\node_modules\.pnpm\@babel+parser@7.29.7\node_modules\@babel\parser\lib\index.js:12167:22)
      at TypeScriptParserMixin.parseArrayLike (C:\Users\shami\Desktop\Low-Grade-F\node_modules\.pnpm\@babel+parser@7.29.7\node_modules\@babel\parser\lib\index.js:12074:26)
      at TypeScriptParserMixin.parseArrayLike (C:\Users\shami\Desktop\Low-Grade-F\node_modules\.pnpm\@babel+parser@7.29.7\node_modules\@babel\parser\lib\index.js:9210:24)
      at TypeScriptParserMixin.parseExprAtom (C:\Users\shami\Desktop\Low-Grade-F\node_modules\.pnpm\@babel+parser@7.29.7\node_modules\@babel\parser\lib\index.js:11352:23)
      at TypeScriptParserMixin.parseExprAtom (C:\Users\shami\Desktop\Low-Grade-F\node_modules\.pnpm\@babel+parser@7.29.7\node_modules\@babel\parser\lib\index.js:4776:20)
      at TypeScriptParserMixin.parseExprSubscripts (C:\Users\shami\Desktop\Low-Grade-F\node_modules\.pnpm\@babel+parser@7.29.7\node_modules\@babel\parser\lib\index.js:11098:23)
      at TypeScriptParserMixin.parseUpdate (C:\Users\shami\Desktop\Low-Grade-F\node_modules\.pnpm\@babel+parser@7.29.7\node_modules\@babel\parser\lib\index.js:11083:21)
      at TypeScriptParserMixin.parseMaybeUnary (C:\Users\shami\Desktop\Low-Grade-F\node_modules\.pnpm\@babel+parser@7.29.7\node_modules\@babel\parser\lib\index.js:11063:23)
      at TypeScriptParserMixin.parseMaybeUnary (C:\Users\shami\Desktop\Low-Grade-F\node_modules\.pnpm\@babel+parser@7.29.7\node_modules\@babel\parser\lib\index.js:9854:18)
      at TypeScriptParserMixin.parseMaybeUnaryOrPrivate (C:\Users\shami\Desktop\Low-Grade-F\node_modules\.pnpm\@babel+parser@7.29.7\node_modules\@babel\parser\lib\index.js:10916:61)
      at TypeScriptParserMixin.parseExprOps (C:\Users\shami\Desktop\Low-Grade-F\node_modules\.pnpm\@babel+parser@7.29.7\node_modules\@babel\parser\lib\index.js:10921:23)
      at TypeScriptParserMixin.parseMaybeConditional (C:\Users\shami\Desktop\Low-Grade-F\node_modules\.pnpm\@babel+parser@7.29.7\node_modules\@babel\parser\lib\index.js:10898:23)
      at TypeScriptParserMixin.parseMaybeAssign (C:\Users\shami\Desktop\Low-Grade-F\node_modules\.pnpm\@babel+parser@7.29.7\node_modules\@babel\parser\lib\index.js:10848:21)
      at TypeScriptParserMixin.parseMaybeAssign (C:\Users\shami\Desktop\Low-Grade-F\node_modules\.pnpm\@babel+parser@7.29.7\node_modules\@babel\parser\lib\index.js:9803:20)
      at C:\Users\shami\Desktop\Low-Grade-F\node_modules\.pnpm\@babel+parser@7.29.7\node_modules\@babel\parser\lib\index.js:10817:39
      at TypeScriptParserMixin.allowInAnd (C:\Users\shami\Desktop\Low-Grade-F\node_modules\.pnpm\@babel+parser@7.29.7\node_modules\@babel\parser\lib\index.js:12438:16)
      at TypeScriptParserMixin.parseMaybeAssignAllowIn (C:\Users\shami\Desktop\Low-Grade-F\node_modules\.pnpm\@babel+parser@7.29.7\node_modules\@babel\parser\lib\index.js:10817:17)
      at TypeScriptParserMixin.parseVar (C:\Users\shami\Desktop\Low-Grade-F\node_modules\.pnpm\@babel+parser@7.29.7\node_modules\@babel\parser\lib\index.js:13401:91)
      at TypeScriptParserMixin.parseVarStatement (C:\Users\shami\Desktop\Low-Grade-F\node_modules\.pnpm\@babel+parser@7.29.7\node_modules\@babel\parser\lib\index.js:13247:10)
      at TypeScriptParserMixin.parseVarStatement (C:\Users\shami\Desktop\Low-Grade-F\node_modules\.pnpm\@babel+parser@7.29.7\node_modules\@babel\parser\lib\index.js:9425:31)
      at TypeScriptParserMixin.parseStatementContent (C:\Users\shami\Desktop\Low-Grade-F\node_modules\.pnpm\@babel+parser@7.29.7\node_modules\@babel\parser\lib\index.js:12868:23)
      at TypeScriptParserMixin.parseStatementContent (C:\Users\shami\Desktop\Low-Grade-F\node_modules\.pnpm\@babel+parser@7.29.7\node_modules\@babel\parser\lib\index.js:9525:18)
      at TypeScriptParserMixin.parseStatementLike (C:\Users\shami\Desktop\Low-Grade-F\node_modules\.pnpm\@babel+parser@7.29.7\node_modules\@babel\parser\lib\index.js:12784:17)
      at TypeScriptParserMixin.parseModuleItem (C:\Users\shami\Desktop\Low-Grade-F\node_modules\.pnpm\@babel+parser@7.29.7\node_modules\@babel\parser\lib\index.js:12761:17)
      at TypeScriptParserMixin.parseBlockOrModuleBlockBody (C:\Users\shami\Desktop\Low-Grade-F\node_modules\.pnpm\@babel+parser@7.29.7\node_modules\@babel\parser\lib\index.js:13333:36)
      at TypeScriptParserMixin.parseBlockBody (C:\Users\shami\Desktop\Low-Grade-F\node_modules\.pnpm\@babel+parser@7.29.7\node_modules\@babel\parser\lib\index.js:13326:10)
      at TypeScriptParserMixin.parseProgram (C:\Users\shami\Desktop\Low-Grade-F\node_modules\.pnpm\@babel+parser@7.29.7\node_modules\@babel\parser\lib\index.js:12639:10)
      at TypeScriptParserMixin.parseTopLevel (C:\Users\shami\Desktop\Low-Grade-F\node_modules\.pnpm\@babel+parser@7.29.7\node_modules\@babel\parser\lib\index.js:12629:25)
[2m4:59:07 PM[22m [31m[1m[vite][22m[39m [31mInternal server error: C:\Users\shami\Desktop\Low-Grade-F\artifacts\lgf-website\src\components\sections\About.tsx: Unexpected token (8:2)

[0m [90m  6 |[31m [36mconst[31m [33mTITLE_LINES[31m [33m=[31m [
 [90m  7 |[31m   { text[33m:[31m [32m"BEING SEEN"[31m[33m,[31m       className[33m:[31m [32m"text-white"[31m[33m,[31m  marginTop[33m:[31m [32m"0"[31m[33m,[31m       align[33m:[31m  [32m"center"[31m[33m,[31m
[31m[1m>[22m[31m[90m  8 |[31m   { text[33m:[31m [32m"IS EASY."[31m[33m,[31m         className[33m:[31m [32m"text-white"[31m[33m,[31m  marginTop[33m:[31m [32m"0.08em"[31m[33m,[31m  align[33m:[31m [32m"center"[31m}[33m,[31m
 [90m    |[31m   [31m[1m^[22m[31m
 [90m  9 |[31m   { text[33m:[31m [32m"BEING REMEMBERED"[31m[33m,[31m className[33m:[31m [32m"text-chrome"[31m[33m,[31m marginTop[33m:[31m [32m"0.08em"[31m[33m,[31m  align[33m:[31m [32m"left"[31m  }[33m,[31m
 [90m 10 |[31m   { text[33m:[31m [32m"IS NOT."[31m[33m,[31m          className[33m:[31m [32m"text-chrome"[31m[33m,[31m marginTop[33m:[31m [32m"0.08em"[31m[33m,[31m  align[33m:[31m [32m"center"[31m}[33m,[31m
 [90m 11 |[31m ][33m;[31m[0m[39m
  Plugin: [35mvite:react-babel[39m
  File: [36mC:/Users/shami/Desktop/Low-Grade-F/artifacts/lgf-website/src/components/sections/About.tsx[39m:8:2
[33m  6  |  const TITLE_LINES = [
  7  |    { text: "BEING SEEN",       className: "text-white",  marginTop: "0",       align:  "center",
  8  |    { text: "IS EASY.",         className: "text-white",  marginTop: "0.08em",  align: "center"},
     |    ^
  9  |    { text: "BEING REMEMBERED", className: "text-chrome", marginTop: "0.08em",  align: "left"  },
  10 |    { text: "IS NOT.",          className: "text-chrome", marginTop: "0.08em",  align: "center"},[39m
      at constructor (C:\Users\shami\Desktop\Low-Grade-F\node_modules\.pnpm\@babel+parser@7.29.7\node_modules\@babel\parser\lib\index.js:365:19)
      at TypeScriptParserMixin.raise (C:\Users\shami\Desktop\Low-Grade-F\node_modules\.pnpm\@babel+parser@7.29.7\node_modules\@babel\parser\lib\index.js:6616:19)
      at TypeScriptParserMixin.unexpected (C:\Users\shami\Desktop\Low-Grade-F\node_modules\.pnpm\@babel+parser@7.29.7\node_modules\@babel\parser\lib\index.js:6636:16)
      at TypeScriptParserMixin.parsePropertyName (C:\Users\shami\Desktop\Low-Grade-F\node_modules\.pnpm\@babel+parser@7.29.7\node_modules\@babel\parser\lib\index.js:12041:18)
      at TypeScriptParserMixin.parsePropertyDefinition (C:\Users\shami\Desktop\Low-Grade-F\node_modules\.pnpm\@babel+parser@7.29.7\node_modules\@babel\parser\lib\index.js:11906:10)
      at TypeScriptParserMixin.parseObjectLike (C:\Users\shami\Desktop\Low-Grade-F\node_modules\.pnpm\@babel+parser@7.29.7\node_modules\@babel\parser\lib\index.js:11849:21)
      at TypeScriptParserMixin.parseExprAtom (C:\Users\shami\Desktop\Low-Grade-F\node_modules\.pnpm\@babel+parser@7.29.7\node_modules\@babel\parser\lib\index.js:11356:23)
      at TypeScriptParserMixin.parseExprAtom (C:\Users\shami\Desktop\Low-Grade-F\node_modules\.pnpm\@babel+parser@7.29.7\node_modules\@babel\parser\lib\index.js:4776:20)
      at TypeScriptParserMixin.parseExprSubscripts (C:\Users\shami\Desktop\Low-Grade-F\node_modules\.pnpm\@babel+parser@7.29.7\node_modules\@babel\parser\lib\index.js:11098:23)
      at TypeScriptParserMixin.parseUpdate (C:\Users\shami\Desktop\Low-Grade-F\node_modules\.pnpm\@babel+parser@7.29.7\node_modules\@babel\parser\lib\index.js:11083:21)
      at TypeScriptParserMixin.parseMaybeUnary (C:\Users\shami\Desktop\Low-Grade-F\node_modules\.pnpm\@babel+parser@7.29.7\node_modules\@babel\parser\lib\index.js:11063:23)
      at TypeScriptParserMixin.parseMaybeUnary (C:\Users\shami\Desktop\Low-Grade-F\node_modules\.pnpm\@babel+parser@7.29.7\node_modules\@babel\parser\lib\index.js:9854:18)
      at TypeScriptParserMixin.parseMaybeUnaryOrPrivate (C:\Users\shami\Desktop\Low-Grade-F\node_modules\.pnpm\@babel+parser@7.29.7\node_modules\@babel\parser\lib\index.js:10916:61)
      at TypeScriptParserMixin.parseExprOps (C:\Users\shami\Desktop\Low-Grade-F\node_modules\.pnpm\@babel+parser@7.29.7\node_modules\@babel\parser\lib\index.js:10921:23)
      at TypeScriptParserMixin.parseMaybeConditional (C:\Users\shami\Desktop\Low-Grade-F\node_modules\.pnpm\@babel+parser@7.29.7\node_modules\@babel\parser\lib\index.js:10898:23)
      at TypeScriptParserMixin.parseMaybeAssign (C:\Users\shami\Desktop\Low-Grade-F\node_modules\.pnpm\@babel+parser@7.29.7\node_modules\@babel\parser\lib\index.js:10848:21)
      at TypeScriptParserMixin.parseMaybeAssign (C:\Users\shami\Desktop\Low-Grade-F\node_modules\.pnpm\@babel+parser@7.29.7\node_modules\@babel\parser\lib\index.js:9803:20)
      at C:\Users\shami\Desktop\Low-Grade-F\node_modules\.pnpm\@babel+parser@7.29.7\node_modules\@babel\parser\lib\index.js:10817:39
      at TypeScriptParserMixin.allowInAnd (C:\Users\shami\Desktop\Low-Grade-F\node_modules\.pnpm\@babel+parser@7.29.7\node_modules\@babel\parser\lib\index.js:12443:12)
      at TypeScriptParserMixin.parseMaybeAssignAllowIn (C:\Users\shami\Desktop\Low-Grade-F\node_modules\.pnpm\@babel+parser@7.29.7\node_modules\@babel\parser\lib\index.js:10817:17)
      at TypeScriptParserMixin.parseMaybeAssignAllowInOrVoidPattern (C:\Users\shami\Desktop\Low-Grade-F\node_modules\.pnpm\@babel+parser@7.29.7\node_modules\@babel\parser\lib\index.js:12510:17)
      at TypeScriptParserMixin.parseExprListItem (C:\Users\shami\Desktop\Low-Grade-F\node_modules\.pnpm\@babel+parser@7.29.7\node_modules\@babel\parser\lib\index.js:12192:18)
      at TypeScriptParserMixin.parseExprList (C:\Users\shami\Desktop\Low-Grade-F\node_modules\.pnpm\@babel+parser@7.29.7\node_modules\@babel\parser\lib\index.js:12167:22)
      at TypeScriptParserMixin.parseArrayLike (C:\Users\shami\Desktop\Low-Grade-F\node_modules\.pnpm\@babel+parser@7.29.7\node_modules\@babel\parser\lib\index.js:12074:26)
      at TypeScriptParserMixin.parseArrayLike (C:\Users\shami\Desktop\Low-Grade-F\node_modules\.pnpm\@babel+parser@7.29.7\node_modules\@babel\parser\lib\index.js:9210:24)
      at TypeScriptParserMixin.parseExprAtom (C:\Users\shami\Desktop\Low-Grade-F\node_modules\.pnpm\@babel+parser@7.29.7\node_modules\@babel\parser\lib\index.js:11352:23)
      at TypeScriptParserMixin.parseExprAtom (C:\Users\shami\Desktop\Low-Grade-F\node_modules\.pnpm\@babel+parser@7.29.7\node_modules\@babel\parser\lib\index.js:4776:20)
      at TypeScriptParserMixin.parseExprSubscripts (C:\Users\shami\Desktop\Low-Grade-F\node_modules\.pnpm\@babel+parser@7.29.7\node_modules\@babel\parser\lib\index.js:11098:23)
      at TypeScriptParserMixin.parseUpdate (C:\Users\shami\Desktop\Low-Grade-F\node_modules\.pnpm\@babel+parser@7.29.7\node_modules\@babel\parser\lib\index.js:11083:21)
      at TypeScriptParserMixin.parseMaybeUnary (C:\Users\shami\Desktop\Low-Grade-F\node_modules\.pnpm\@babel+parser@7.29.7\node_modules\@babel\parser\lib\index.js:11063:23)
      at TypeScriptParserMixin.parseMaybeUnary (C:\Users\shami\Desktop\Low-Grade-F\node_modules\.pnpm\@babel+parser@7.29.7\node_modules\@babel\parser\lib\index.js:9854:18)
      at TypeScriptParserMixin.parseMaybeUnaryOrPrivate (C:\Users\shami\Desktop\Low-Grade-F\node_modules\.pnpm\@babel+parser@7.29.7\node_modules\@babel\parser\lib\index.js:10916:61)
      at TypeScriptParserMixin.parseExprOps (C:\Users\shami\Desktop\Low-Grade-F\node_modules\.pnpm\@babel+parser@7.29.7\node_modules\@babel\parser\lib\index.js:10921:23)
      at TypeScriptParserMixin.parseMaybeConditional (C:\Users\shami\Desktop\Low-Grade-F\node_modules\.pnpm\@babel+parser@7.29.7\node_modules\@babel\parser\lib\index.js:10898:23)
      at TypeScriptParserMixin.parseMaybeAssign (C:\Users\shami\Desktop\Low-Grade-F\node_modules\.pnpm\@babel+parser@7.29.7\node_modules\@babel\parser\lib\index.js:10848:21)
      at TypeScriptParserMixin.parseMaybeAssign (C:\Users\shami\Desktop\Low-Grade-F\node_modules\.pnpm\@babel+parser@7.29.7\node_modules\@babel\parser\lib\index.js:9803:20)
      at C:\Users\shami\Desktop\Low-Grade-F\node_modules\.pnpm\@babel+parser@7.29.7\node_modules\@babel\parser\lib\index.js:10817:39
      at TypeScriptParserMixin.allowInAnd (C:\Users\shami\Desktop\Low-Grade-F\node_modules\.pnpm\@babel+parser@7.29.7\node_modules\@babel\parser\lib\index.js:12438:16)
      at TypeScriptParserMixin.parseMaybeAssignAllowIn (C:\Users\shami\Desktop\Low-Grade-F\node_modules\.pnpm\@babel+parser@7.29.7\node_modules\@babel\parser\lib\index.js:10817:17)
      at TypeScriptParserMixin.parseVar (C:\Users\shami\Desktop\Low-Grade-F\node_modules\.pnpm\@babel+parser@7.29.7\node_modules\@babel\parser\lib\index.js:13401:91)
      at TypeScriptParserMixin.parseVarStatement (C:\Users\shami\Desktop\Low-Grade-F\node_modules\.pnpm\@babel+parser@7.29.7\node_modules\@babel\parser\lib\index.js:13247:10)
      at TypeScriptParserMixin.parseVarStatement (C:\Users\shami\Desktop\Low-Grade-F\node_modules\.pnpm\@babel+parser@7.29.7\node_modules\@babel\parser\lib\index.js:9425:31)
      at TypeScriptParserMixin.parseStatementContent (C:\Users\shami\Desktop\Low-Grade-F\node_modules\.pnpm\@babel+parser@7.29.7\node_modules\@babel\parser\lib\index.js:12868:23)
      at TypeScriptParserMixin.parseStatementContent (C:\Users\shami\Desktop\Low-Grade-F\node_modules\.pnpm\@babel+parser@7.29.7\node_modules\@babel\parser\lib\index.js:9525:18)
      at TypeScriptParserMixin.parseStatementLike (C:\Users\shami\Desktop\Low-Grade-F\node_modules\.pnpm\@babel+parser@7.29.7\node_modules\@babel\parser\lib\index.js:12784:17)
      at TypeScriptParserMixin.parseModuleItem (C:\Users\shami\Desktop\Low-Grade-F\node_modules\.pnpm\@babel+parser@7.29.7\node_modules\@babel\parser\lib\index.js:12761:17)
      at TypeScriptParserMixin.parseBlockOrModuleBlockBody (C:\Users\shami\Desktop\Low-Grade-F\node_modules\.pnpm\@babel+parser@7.29.7\node_modules\@babel\parser\lib\index.js:13333:36)
      at TypeScriptParserMixin.parseBlockBody (C:\Users\shami\Desktop\Low-Grade-F\node_modules\.pnpm\@babel+parser@7.29.7\node_modules\@babel\parser\lib\index.js:13326:10)
      at TypeScriptParserMixin.parseProgram (C:\Users\shami\Desktop\Low-Grade-F\node_modules\.pnpm\@babel+parser@7.29.7\node_modules\@babel\parser\lib\index.js:12639:10)
      at TypeScriptParserMixin.parseTopLevel (C:\Users\shami\Desktop\Low-Grade-F\node_modules\.pnpm\@babel+parser@7.29.7\node_modules\@babel\parser\lib\index.js:12629:25)
[2m4:59:14 PM[22m [31m[1m[vite][22m[39m [31mInternal server error: C:\Users\shami\Desktop\Low-Grade-F\artifacts\lgf-website\src\components\sections\About.tsx: Unexpected token (7:87)

[0m [90m  5 |[31m
 [90m  6 |[31m [36mconst[31m [33mTITLE_LINES[31m [33m=[31m [
[31m[1m>[22m[31m[90m  7 |[31m   { text[33m:[31m [32m"BEING SEEN"[31m[33m,[31m       className[33m:[31m [32m"text-white"[31m[33m,[31m  marginTop[33m:[31m [32m"0"[31m[33m,[31m       align[33m:[31m   }[33m,[31m
 [90m    |[31m                                                                                        [31m[1m^[22m[31m
 [90m  8 |[31m   { text[33m:[31m [32m"IS EASY."[31m[33m,[31m         className[33m:[31m [32m"text-white"[31m[33m,[31m  marginTop[33m:[31m [32m"0.08em"[31m[33m,[31m  align[33m:[31m [32m"center"[31m}[33m,[31m
 [90m  9 |[31m   { text[33m:[31m [32m"BEING REMEMBERED"[31m[33m,[31m className[33m:[31m [32m"text-chrome"[31m[33m,[31m marginTop[33m:[31m [32m"0.08em"[31m[33m,[31m  align[33m:[31m [32m"left"[31m  }[33m,[31m
 [90m 10 |[31m   { text[33m:[31m [32m"IS NOT."[31m[33m,[31m          className[33m:[31m [32m"text-chrome"[31m[33m,[31m marginTop[33m:[31m [32m"0.08em"[31m[33m,[31m  align[33m:[31m [32m"center"[31m}[33m,[31m[0m[39m
  Plugin: [35mvite:react-babel[39m
  File: [36mC:/Users/shami/Desktop/Low-Grade-F/artifacts/lgf-website/src/components/sections/About.tsx[39m:7:87
[33m  5  |  
  6  |  const TITLE_LINES = [
  7  |    { text: "BEING SEEN",       className: "text-white",  marginTop: "0",       align:   },
     |                                                                                         ^
  8  |    { text: "IS EASY.",         className: "text-white",  marginTop: "0.08em",  align: "center"},
  9  |    { text: "BEING REMEMBERED", className: "text-chrome", marginTop: "0.08em",  align: "left"  },[39m
      at constructor (C:\Users\shami\Desktop\Low-Grade-F\node_modules\.pnpm\@babel+parser@7.29.7\node_modules\@babel\parser\lib\index.js:365:19)
      at TypeScriptParserMixin.raise (C:\Users\shami\Desktop\Low-Grade-F\node_modules\.pnpm\@babel+parser@7.29.7\node_modules\@babel\parser\lib\index.js:6616:19)
      at TypeScriptParserMixin.unexpected (C:\Users\shami\Desktop\Low-Grade-F\node_modules\.pnpm\@babel+parser@7.29.7\node_modules\@babel\parser\lib\index.js:6636:16)
      at TypeScriptParserMixin.parseExprAtom (C:\Users\shami\Desktop\Low-Grade-F\node_modules\.pnpm\@babel+parser@7.29.7\node_modules\@babel\parser\lib\index.js:11459:22)
      at TypeScriptParserMixin.parseExprAtom (C:\Users\shami\Desktop\Low-Grade-F\node_modules\.pnpm\@babel+parser@7.29.7\node_modules\@babel\parser\lib\index.js:4776:20)
      at TypeScriptParserMixin.parseExprSubscripts (C:\Users\shami\Desktop\Low-Grade-F\node_modules\.pnpm\@babel+parser@7.29.7\node_modules\@babel\parser\lib\index.js:11098:23)
      at TypeScriptParserMixin.parseUpdate (C:\Users\shami\Desktop\Low-Grade-F\node_modules\.pnpm\@babel+parser@7.29.7\node_modules\@babel\parser\lib\index.js:11083:21)
      at TypeScriptParserMixin.parseMaybeUnary (C:\Users\shami\Desktop\Low-Grade-F\node_modules\.pnpm\@babel+parser@7.29.7\node_modules\@babel\parser\lib\index.js:11063:23)
      at TypeScriptParserMixin.parseMaybeUnary (C:\Users\shami\Desktop\Low-Grade-F\node_modules\.pnpm\@babel+parser@7.29.7\node_modules\@babel\parser\lib\index.js:9854:18)
      at TypeScriptParserMixin.parseMaybeUnaryOrPrivate (C:\Users\shami\Desktop\Low-Grade-F\node_modules\.pnpm\@babel+parser@7.29.7\node_modules\@babel\parser\lib\index.js:10916:61)
      at TypeScriptParserMixin.parseExprOps (C:\Users\shami\Desktop\Low-Grade-F\node_modules\.pnpm\@babel+parser@7.29.7\node_modules\@babel\parser\lib\index.js:10921:23)
      at TypeScriptParserMixin.parseMaybeConditional (C:\Users\shami\Desktop\Low-Grade-F\node_modules\.pnpm\@babel+parser@7.29.7\node_modules\@babel\parser\lib\index.js:10898:23)
      at TypeScriptParserMixin.parseMaybeAssign (C:\Users\shami\Desktop\Low-Grade-F\node_modules\.pnpm\@babel+parser@7.29.7\node_modules\@babel\parser\lib\index.js:10848:21)
      at TypeScriptParserMixin.parseMaybeAssign (C:\Users\shami\Desktop\Low-Grade-F\node_modules\.pnpm\@babel+parser@7.29.7\node_modules\@babel\parser\lib\index.js:9803:20)
      at C:\Users\shami\Desktop\Low-Grade-F\node_modules\.pnpm\@babel+parser@7.29.7\node_modules\@babel\parser\lib\index.js:10817:39
      at TypeScriptParserMixin.allowInAnd (C:\Users\shami\Desktop\Low-Grade-F\node_modules\.pnpm\@babel+parser@7.29.7\node_modules\@babel\parser\lib\index.js:12443:12)
      at TypeScriptParserMixin.parseMaybeAssignAllowIn (C:\Users\shami\Desktop\Low-Grade-F\node_modules\.pnpm\@babel+parser@7.29.7\node_modules\@babel\parser\lib\index.js:10817:17)
      at TypeScriptParserMixin.parseMaybeAssignAllowInOrVoidPattern (C:\Users\shami\Desktop\Low-Grade-F\node_modules\.pnpm\@babel+parser@7.29.7\node_modules\@babel\parser\lib\index.js:12510:17)
      at TypeScriptParserMixin.parseObjectProperty (C:\Users\shami\Desktop\Low-Grade-F\node_modules\.pnpm\@babel+parser@7.29.7\node_modules\@babel\parser\lib\index.js:11967:83)
      at TypeScriptParserMixin.parseObjPropValue (C:\Users\shami\Desktop\Low-Grade-F\node_modules\.pnpm\@babel+parser@7.29.7\node_modules\@babel\parser\lib\index.js:11995:100)
      at TypeScriptParserMixin.parseObjPropValue (C:\Users\shami\Desktop\Low-Grade-F\node_modules\.pnpm\@babel+parser@7.29.7\node_modules\@babel\parser\lib\index.js:9761:18)
      at TypeScriptParserMixin.parsePropertyDefinition (C:\Users\shami\Desktop\Low-Grade-F\node_modules\.pnpm\@babel+parser@7.29.7\node_modules\@babel\parser\lib\index.js:11932:17)
      at TypeScriptParserMixin.parseObjectLike (C:\Users\shami\Desktop\Low-Grade-F\node_modules\.pnpm\@babel+parser@7.29.7\node_modules\@babel\parser\lib\index.js:11849:21)
      at TypeScriptParserMixin.parseExprAtom (C:\Users\shami\Desktop\Low-Grade-F\node_modules\.pnpm\@babel+parser@7.29.7\node_modules\@babel\parser\lib\index.js:11356:23)
      at TypeScriptParserMixin.parseExprAtom (C:\Users\shami\Desktop\Low-Grade-F\node_modules\.pnpm\@babel+parser@7.29.7\node_modules\@babel\parser\lib\index.js:4776:20)
      at TypeScriptParserMixin.parseExprSubscripts (C:\Users\shami\Desktop\Low-Grade-F\node_modules\.pnpm\@babel+parser@7.29.7\node_modules\@babel\parser\lib\index.js:11098:23)
      at TypeScriptParserMixin.parseUpdate (C:\Users\shami\Desktop\Low-Grade-F\node_modules\.pnpm\@babel+parser@7.29.7\node_modules\@babel\parser\lib\index.js:11083:21)
      at TypeScriptParserMixin.parseMaybeUnary (C:\Users\shami\Desktop\Low-Grade-F\node_modules\.pnpm\@babel+parser@7.29.7\node_modules\@babel\parser\lib\index.js:11063:23)
      at TypeScriptParserMixin.parseMaybeUnary (C:\Users\shami\Desktop\Low-Grade-F\node_modules\.pnpm\@babel+parser@7.29.7\node_modules\@babel\parser\lib\index.js:9854:18)
      at TypeScriptParserMixin.parseMaybeUnaryOrPrivate (C:\Users\shami\Desktop\Low-Grade-F\node_modules\.pnpm\@babel+parser@7.29.7\node_modules\@babel\parser\lib\index.js:10916:61)
      at TypeScriptParserMixin.parseExprOps (C:\Users\shami\Desktop\Low-Grade-F\node_modules\.pnpm\@babel+parser@7.29.7\node_modules\@babel\parser\lib\index.js:10921:23)
      at TypeScriptParserMixin.parseMaybeConditional (C:\Users\shami\Desktop\Low-Grade-F\node_modules\.pnpm\@babel+parser@7.29.7\node_modules\@babel\parser\lib\index.js:10898:23)
      at TypeScriptParserMixin.parseMaybeAssign (C:\Users\shami\Desktop\Low-Grade-F\node_modules\.pnpm\@babel+parser@7.29.7\node_modules\@babel\parser\lib\index.js:10848:21)
      at TypeScriptParserMixin.parseMaybeAssign (C:\Users\shami\Desktop\Low-Grade-F\node_modules\.pnpm\@babel+parser@7.29.7\node_modules\@babel\parser\lib\index.js:9803:20)
      at C:\Users\shami\Desktop\Low-Grade-F\node_modules\.pnpm\@babel+parser@7.29.7\node_modules\@babel\parser\lib\index.js:10817:39
      at TypeScriptParserMixin.allowInAnd (C:\Users\shami\Desktop\Low-Grade-F\node_modules\.pnpm\@babel+parser@7.29.7\node_modules\@babel\parser\lib\index.js:12443:12)
      at TypeScriptParserMixin.parseMaybeAssignAllowIn (C:\Users\shami\Desktop\Low-Grade-F\node_modules\.pnpm\@babel+parser@7.29.7\node_modules\@babel\parser\lib\index.js:10817:17)
      at TypeScriptParserMixin.parseMaybeAssignAllowInOrVoidPattern (C:\Users\shami\Desktop\Low-Grade-F\node_modules\.pnpm\@babel+parser@7.29.7\node_modules\@babel\parser\lib\index.js:12510:17)
      at TypeScriptParserMixin.parseExprListItem (C:\Users\shami\Desktop\Low-Grade-F\node_modules\.pnpm\@babel+parser@7.29.7\node_modules\@babel\parser\lib\index.js:12192:18)
      at TypeScriptParserMixin.parseExprList (C:\Users\shami\Desktop\Low-Grade-F\node_modules\.pnpm\@babel+parser@7.29.7\node_modules\@babel\parser\lib\index.js:12167:22)
      at TypeScriptParserMixin.parseArrayLike (C:\Users\shami\Desktop\Low-Grade-F\node_modules\.pnpm\@babel+parser@7.29.7\node_modules\@babel\parser\lib\index.js:12074:26)
      at TypeScriptParserMixin.parseArrayLike (C:\Users\shami\Desktop\Low-Grade-F\node_modules\.pnpm\@babel+parser@7.29.7\node_modules\@babel\parser\lib\index.js:9210:24)
      at TypeScriptParserMixin.parseExprAtom (C:\Users\shami\Desktop\Low-Grade-F\node_modules\.pnpm\@babel+parser@7.29.7\node_modules\@babel\parser\lib\index.js:11352:23)
      at TypeScriptParserMixin.parseExprAtom (C:\Users\shami\Desktop\Low-Grade-F\node_modules\.pnpm\@babel+parser@7.29.7\node_modules\@babel\parser\lib\index.js:4776:20)
      at TypeScriptParserMixin.parseExprSubscripts (C:\Users\shami\Desktop\Low-Grade-F\node_modules\.pnpm\@babel+parser@7.29.7\node_modules\@babel\parser\lib\index.js:11098:23)
      at TypeScriptParserMixin.parseUpdate (C:\Users\shami\Desktop\Low-Grade-F\node_modules\.pnpm\@babel+parser@7.29.7\node_modules\@babel\parser\lib\index.js:11083:21)
      at TypeScriptParserMixin.parseMaybeUnary (C:\Users\shami\Desktop\Low-Grade-F\node_modules\.pnpm\@babel+parser@7.29.7\node_modules\@babel\parser\lib\index.js:11063:23)
      at TypeScriptParserMixin.parseMaybeUnary (C:\Users\shami\Desktop\Low-Grade-F\node_modules\.pnpm\@babel+parser@7.29.7\node_modules\@babel\parser\lib\index.js:9854:18)
      at TypeScriptParserMixin.parseMaybeUnaryOrPrivate (C:\Users\shami\Desktop\Low-Grade-F\node_modules\.pnpm\@babel+parser@7.29.7\node_modules\@babel\parser\lib\index.js:10916:61)
      at TypeScriptParserMixin.parseExprOps (C:\Users\shami\Desktop\Low-Grade-F\node_modules\.pnpm\@babel+parser@7.29.7\node_modules\@babel\parser\lib\index.js:10921:23)
[2m4:59:19 PM[22m [31m[1m[vite][22m[39m [31mInternal server error: C:\Users\shami\Desktop\Low-Grade-F\artifacts\lgf-website\src\components\sections\About.tsx: Unterminated string constant. (7:90)

[0m [90m  5 |[31m
 [90m  6 |[31m [36mconst[31m [33mTITLE_LINES[31m [33m=[31m [
[31m[1m>[22m[31m[90m  7 |[31m   { text[33m:[31m [32m"BEING SEEN"[31m[33m,[31m       className[33m:[31m [32m"text-white"[31m[33m,[31m  marginTop[33m:[31m [32m"0"[31m[33m,[31m       align[33m:[31mcenter[32m"[31m
 [90m    |[31m                                                                                           [31m[1m^[22m[31m
 [90m  8 |[31m   { text[33m:[31m [32m"IS EASY."[31m[33m,[31m         className[33m:[31m [32m"text-white"[31m[33m,[31m  marginTop[33m:[31m [32m"0.08em"[31m[33m,[31m  align[33m:[31m [32m"center"[31m}[33m,[31m
 [90m  9 |[31m   { text[33m:[31m [32m"BEING REMEMBERED"[31m[33m,[31m className[33m:[31m [32m"text-chrome"[31m[33m,[31m marginTop[33m:[31m [32m"0.08em"[31m[33m,[31m  align[33m:[31m [32m"left"[31m  }[33m,[31m
 [90m 10 |[31m   { text[33m:[31m [32m"IS NOT."[31m[33m,[31m          className[33m:[31m [32m"text-chrome"[31m[33m,[31m marginTop[33m:[31m [32m"0.08em"[31m[33m,[31m  align[33m:[31m [32m"center"[31m}[33m,[31m[0m[39m
  Plugin: [35mvite:react-babel[39m
  File: [36mC:/Users/shami/Desktop/Low-Grade-F/artifacts/lgf-website/src/components/sections/About.tsx[39m:7:90
[33m  5  |  
  6  |  const TITLE_LINES = [
  7  |    { text: "BEING SEEN",       className: "text-white",  marginTop: "0",       align:center"
     |                                                                                            ^
  8  |    { text: "IS EASY.",         className: "text-white",  marginTop: "0.08em",  align: "center"},
  9  |    { text: "BEING REMEMBERED", className: "text-chrome", marginTop: "0.08em",  align: "left"  },[39m
      at constructor (C:\Users\shami\Desktop\Low-Grade-F\node_modules\.pnpm\@babel+parser@7.29.7\node_modules\@babel\parser\lib\index.js:365:19)
      at TypeScriptParserMixin.raise (C:\Users\shami\Desktop\Low-Grade-F\node_modules\.pnpm\@babel+parser@7.29.7\node_modules\@babel\parser\lib\index.js:6616:19)
      at Object.unterminated (C:\Users\shami\Desktop\Low-Grade-F\node_modules\.pnpm\@babel+parser@7.29.7\node_modules\@babel\parser\lib\index.js:5681:20)
      at readStringContents (C:\Users\shami\Desktop\Low-Grade-F\node_modules\.pnpm\@babel+parser@7.29.7\node_modules\@babel\parser\lib\index.js:5423:16)
      at TypeScriptParserMixin.readString (C:\Users\shami\Desktop\Low-Grade-F\node_modules\.pnpm\@babel+parser@7.29.7\node_modules\@babel\parser\lib\index.js:6515:9)
      at TypeScriptParserMixin.getTokenFromCode (C:\Users\shami\Desktop\Low-Grade-F\node_modules\.pnpm\@babel+parser@7.29.7\node_modules\@babel\parser\lib\index.js:6275:14)
      at TypeScriptParserMixin.getTokenFromCode (C:\Users\shami\Desktop\Low-Grade-F\node_modules\.pnpm\@babel+parser@7.29.7\node_modules\@babel\parser\lib\index.js:4809:11)
      at TypeScriptParserMixin.getTokenFromCode (C:\Users\shami\Desktop\Low-Grade-F\node_modules\.pnpm\@babel+parser@7.29.7\node_modules\@babel\parser\lib\index.js:10004:11)
      at TypeScriptParserMixin.nextToken (C:\Users\shami\Desktop\Low-Grade-F\node_modules\.pnpm\@babel+parser@7.29.7\node_modules\@babel\parser\lib\index.js:5799:10)
      at TypeScriptParserMixin.next (C:\Users\shami\Desktop\Low-Grade-F\node_modules\.pnpm\@babel+parser@7.29.7\node_modules\@babel\parser\lib\index.js:5709:10)
      at TypeScriptParserMixin.parseIdentifierName (C:\Users\shami\Desktop\Low-Grade-F\node_modules\.pnpm\@babel+parser@7.29.7\node_modules\@babel\parser\lib\index.js:12230:10)
      at TypeScriptParserMixin.parseIdentifier (C:\Users\shami\Desktop\Low-Grade-F\node_modules\.pnpm\@babel+parser@7.29.7\node_modules\@babel\parser\lib\index.js:12198:23)
      at TypeScriptParserMixin.parseExprAtom (C:\Users\shami\Desktop\Low-Grade-F\node_modules\.pnpm\@babel+parser@7.29.7\node_modules\@babel\parser\lib\index.js:11433:27)
      at TypeScriptParserMixin.parseExprAtom (C:\Users\shami\Desktop\Low-Grade-F\node_modules\.pnpm\@babel+parser@7.29.7\node_modules\@babel\parser\lib\index.js:4776:20)
      at TypeScriptParserMixin.parseExprSubscripts (C:\Users\shami\Desktop\Low-Grade-F\node_modules\.pnpm\@babel+parser@7.29.7\node_modules\@babel\parser\lib\index.js:11098:23)
      at TypeScriptParserMixin.parseUpdate (C:\Users\shami\Desktop\Low-Grade-F\node_modules\.pnpm\@babel+parser@7.29.7\node_modules\@babel\parser\lib\index.js:11083:21)
      at TypeScriptParserMixin.parseMaybeUnary (C:\Users\shami\Desktop\Low-Grade-F\node_modules\.pnpm\@babel+parser@7.29.7\node_modules\@babel\parser\lib\index.js:11063:23)
      at TypeScriptParserMixin.parseMaybeUnary (C:\Users\shami\Desktop\Low-Grade-F\node_modules\.pnpm\@babel+parser@7.29.7\node_modules\@babel\parser\lib\index.js:9854:18)
      at TypeScriptParserMixin.parseMaybeUnaryOrPrivate (C:\Users\shami\Desktop\Low-Grade-F\node_modules\.pnpm\@babel+parser@7.29.7\node_modules\@babel\parser\lib\index.js:10916:61)
      at TypeScriptParserMixin.parseExprOps (C:\Users\shami\Desktop\Low-Grade-F\node_modules\.pnpm\@babel+parser@7.29.7\node_modules\@babel\parser\lib\index.js:10921:23)
      at TypeScriptParserMixin.parseMaybeConditional (C:\Users\shami\Desktop\Low-Grade-F\node_modules\.pnpm\@babel+parser@7.29.7\node_modules\@babel\parser\lib\index.js:10898:23)
      at TypeScriptParserMixin.parseMaybeAssign (C:\Users\shami\Desktop\Low-Grade-F\node_modules\.pnpm\@babel+parser@7.29.7\node_modules\@babel\parser\lib\index.js:10848:21)
      at TypeScriptParserMixin.parseMaybeAssign (C:\Users\shami\Desktop\Low-Grade-F\node_modules\.pnpm\@babel+parser@7.29.7\node_modules\@babel\parser\lib\index.js:9803:20)
      at C:\Users\shami\Desktop\Low-Grade-F\node_modules\.pnpm\@babel+parser@7.29.7\node_modules\@babel\parser\lib\index.js:10817:39
      at TypeScriptParserMixin.allowInAnd (C:\Users\shami\Desktop\Low-Grade-F\node_modules\.pnpm\@babel+parser@7.29.7\node_modules\@babel\parser\lib\index.js:12443:12)
      at TypeScriptParserMixin.parseMaybeAssignAllowIn (C:\Users\shami\Desktop\Low-Grade-F\node_modules\.pnpm\@babel+parser@7.29.7\node_modules\@babel\parser\lib\index.js:10817:17)
      at TypeScriptParserMixin.parseMaybeAssignAllowInOrVoidPattern (C:\Users\shami\Desktop\Low-Grade-F\node_modules\.pnpm\@babel+parser@7.29.7\node_modules\@babel\parser\lib\index.js:12510:17)
      at TypeScriptParserMixin.parseObjectProperty (C:\Users\shami\Desktop\Low-Grade-F\node_modules\.pnpm\@babel+parser@7.29.7\node_modules\@babel\parser\lib\index.js:11967:83)
      at TypeScriptParserMixin.parseObjPropValue (C:\Users\shami\Desktop\Low-Grade-F\node_modules\.pnpm\@babel+parser@7.29.7\node_modules\@babel\parser\lib\index.js:11995:100)
      at TypeScriptParserMixin.parseObjPropValue (C:\Users\shami\Desktop\Low-Grade-F\node_modules\.pnpm\@babel+parser@7.29.7\node_modules\@babel\parser\lib\index.js:9761:18)
      at TypeScriptParserMixin.parsePropertyDefinition (C:\Users\shami\Desktop\Low-Grade-F\node_modules\.pnpm\@babel+parser@7.29.7\node_modules\@babel\parser\lib\index.js:11932:17)
      at TypeScriptParserMixin.parseObjectLike (C:\Users\shami\Desktop\Low-Grade-F\node_modules\.pnpm\@babel+parser@7.29.7\node_modules\@babel\parser\lib\index.js:11849:21)
      at TypeScriptParserMixin.parseExprAtom (C:\Users\shami\Desktop\Low-Grade-F\node_modules\.pnpm\@babel+parser@7.29.7\node_modules\@babel\parser\lib\index.js:11356:23)
      at TypeScriptParserMixin.parseExprAtom (C:\Users\shami\Desktop\Low-Grade-F\node_modules\.pnpm\@babel+parser@7.29.7\node_modules\@babel\parser\lib\index.js:4776:20)
      at TypeScriptParserMixin.parseExprSubscripts (C:\Users\shami\Desktop\Low-Grade-F\node_modules\.pnpm\@babel+parser@7.29.7\node_modules\@babel\parser\lib\index.js:11098:23)
      at TypeScriptParserMixin.parseUpdate (C:\Users\shami\Desktop\Low-Grade-F\node_modules\.pnpm\@babel+parser@7.29.7\node_modules\@babel\parser\lib\index.js:11083:21)
      at TypeScriptParserMixin.parseMaybeUnary (C:\Users\shami\Desktop\Low-Grade-F\node_modules\.pnpm\@babel+parser@7.29.7\node_modules\@babel\parser\lib\index.js:11063:23)
      at TypeScriptParserMixin.parseMaybeUnary (C:\Users\shami\Desktop\Low-Grade-F\node_modules\.pnpm\@babel+parser@7.29.7\node_modules\@babel\parser\lib\index.js:9854:18)
      at TypeScriptParserMixin.parseMaybeUnaryOrPrivate (C:\Users\shami\Desktop\Low-Grade-F\node_modules\.pnpm\@babel+parser@7.29.7\node_modules\@babel\parser\lib\index.js:10916:61)
      at TypeScriptParserMixin.parseExprOps (C:\Users\shami\Desktop\Low-Grade-F\node_modules\.pnpm\@babel+parser@7.29.7\node_modules\@babel\parser\lib\index.js:10921:23)
      at TypeScriptParserMixin.parseMaybeConditional (C:\Users\shami\Desktop\Low-Grade-F\node_modules\.pnpm\@babel+parser@7.29.7\node_modules\@babel\parser\lib\index.js:10898:23)
      at TypeScriptParserMixin.parseMaybeAssign (C:\Users\shami\Desktop\Low-Grade-F\node_modules\.pnpm\@babel+parser@7.29.7\node_modules\@babel\parser\lib\index.js:10848:21)
      at TypeScriptParserMixin.parseMaybeAssign (C:\Users\shami\Desktop\Low-Grade-F\node_modules\.pnpm\@babel+parser@7.29.7\node_modules\@babel\parser\lib\index.js:9803:20)
      at C:\Users\shami\Desktop\Low-Grade-F\node_modules\.pnpm\@babel+parser@7.29.7\node_modules\@babel\parser\lib\index.js:10817:39
      at TypeScriptParserMixin.allowInAnd (C:\Users\shami\Desktop\Low-Grade-F\node_modules\.pnpm\@babel+parser@7.29.7\node_modules\@babel\parser\lib\index.js:12443:12)
      at TypeScriptParserMixin.parseMaybeAssignAllowIn (C:\Users\shami\Desktop\Low-Grade-F\node_modules\.pnpm\@babel+parser@7.29.7\node_modules\@babel\parser\lib\index.js:10817:17)
      at TypeScriptParserMixin.parseMaybeAssignAllowInOrVoidPattern (C:\Users\shami\Desktop\Low-Grade-F\node_modules\.pnpm\@babel+parser@7.29.7\node_modules\@babel\parser\lib\index.js:12510:17)
      at TypeScriptParserMixin.parseExprListItem (C:\Users\shami\Desktop\Low-Grade-F\node_modules\.pnpm\@babel+parser@7.29.7\node_modules\@babel\parser\lib\index.js:12192:18)
      at TypeScriptParserMixin.parseExprList (C:\Users\shami\Desktop\Low-Grade-F\node_modules\.pnpm\@babel+parser@7.29.7\node_modules\@babel\parser\lib\index.js:12167:22)
      at TypeScriptParserMixin.parseArrayLike (C:\Users\shami\Desktop\Low-Grade-F\node_modules\.pnpm\@babel+parser@7.29.7\node_modules\@babel\parser\lib\index.js:12074:26)
[2m4:59:22 PM[22m [31m[1m[vite][22m[39m [31mInternal server error: C:\Users\shami\Desktop\Low-Grade-F\artifacts\lgf-website\src\components\sections\About.tsx: Unexpected token, expected "," (8:2)

[0m [90m  6 |[31m [36mconst[31m [33mTITLE_LINES[31m [33m=[31m [
 [90m  7 |[31m   { text[33m:[31m [32m"BEING SEEN"[31m[33m,[31m       className[33m:[31m [32m"text-white"[31m[33m,[31m  marginTop[33m:[31m [32m"0"[31m[33m,[31m       align[33m:[31m[32m"enter"[31m
[31m[1m>[22m[31m[90m  8 |[31m   { text[33m:[31m [32m"IS EASY."[31m[33m,[31m         className[33m:[31m [32m"text-white"[31m[33m,[31m  marginTop[33m:[31m [32m"0.08em"[31m[33m,[31m  align[33m:[31m [32m"center"[31m}[33m,[31m
 [90m    |[31m   [31m[1m^[22m[31m
 [90m  9 |[31m   { text[33m:[31m [32m"BEING REMEMBERED"[31m[33m,[31m className[33m:[31m [32m"text-chrome"[31m[33m,[31m marginTop[33m:[31m [32m"0.08em"[31m[33m,[31m  align[33m:[31m [32m"left"[31m  }[33m,[31m
 [90m 10 |[31m   { text[33m:[31m [32m"IS NOT."[31m[33m,[31m          className[33m:[31m [32m"text-chrome"[31m[33m,[31m marginTop[33m:[31m [32m"0.08em"[31m[33m,[31m  align[33m:[31m [32m"center"[31m}[33m,[31m
 [90m 11 |[31m ][33m;[31m[0m[39m
  Plugin: [35mvite:react-babel[39m
  File: [36mC:/Users/shami/Desktop/Low-Grade-F/artifacts/lgf-website/src/components/sections/About.tsx[39m:8:2
[33m  6  |  const TITLE_LINES = [
  7  |    { text: "BEING SEEN",       className: "text-white",  marginTop: "0",       align:"enter"
  8  |    { text: "IS EASY.",         className: "text-white",  marginTop: "0.08em",  align: "center"},
     |    ^
  9  |    { text: "BEING REMEMBERED", className: "text-chrome", marginTop: "0.08em",  align: "left"  },
  10 |    { text: "IS NOT.",          className: "text-chrome", marginTop: "0.08em",  align: "center"},[39m
      at constructor (C:\Users\shami\Desktop\Low-Grade-F\node_modules\.pnpm\@babel+parser@7.29.7\node_modules\@babel\parser\lib\index.js:365:19)
      at TypeScriptParserMixin.raise (C:\Users\shami\Desktop\Low-Grade-F\node_modules\.pnpm\@babel+parser@7.29.7\node_modules\@babel\parser\lib\index.js:6616:19)
      at TypeScriptParserMixin.unexpected (C:\Users\shami\Desktop\Low-Grade-F\node_modules\.pnpm\@babel+parser@7.29.7\node_modules\@babel\parser\lib\index.js:6636:16)
      at TypeScriptParserMixin.expect (C:\Users\shami\Desktop\Low-Grade-F\node_modules\.pnpm\@babel+parser@7.29.7\node_modules\@babel\parser\lib\index.js:6916:12)
      at TypeScriptParserMixin.parseObjectLike (C:\Users\shami\Desktop\Low-Grade-F\node_modules\.pnpm\@babel+parser@7.29.7\node_modules\@babel\parser\lib\index.js:11839:14)
      at TypeScriptParserMixin.parseExprAtom (C:\Users\shami\Desktop\Low-Grade-F\node_modules\.pnpm\@babel+parser@7.29.7\node_modules\@babel\parser\lib\index.js:11356:23)
      at TypeScriptParserMixin.parseExprAtom (C:\Users\shami\Desktop\Low-Grade-F\node_modules\.pnpm\@babel+parser@7.29.7\node_modules\@babel\parser\lib\index.js:4776:20)
      at TypeScriptParserMixin.parseExprSubscripts (C:\Users\shami\Desktop\Low-Grade-F\node_modules\.pnpm\@babel+parser@7.29.7\node_modules\@babel\parser\lib\index.js:11098:23)
      at TypeScriptParserMixin.parseUpdate (C:\Users\shami\Desktop\Low-Grade-F\node_modules\.pnpm\@babel+parser@7.29.7\node_modules\@babel\parser\lib\index.js:11083:21)
      at TypeScriptParserMixin.parseMaybeUnary (C:\Users\shami\Desktop\Low-Grade-F\node_modules\.pnpm\@babel+parser@7.29.7\node_modules\@babel\parser\lib\index.js:11063:23)
      at TypeScriptParserMixin.parseMaybeUnary (C:\Users\shami\Desktop\Low-Grade-F\node_modules\.pnpm\@babel+parser@7.29.7\node_modules\@babel\parser\lib\index.js:9854:18)
      at TypeScriptParserMixin.parseMaybeUnaryOrPrivate (C:\Users\shami\Desktop\Low-Grade-F\node_modules\.pnpm\@babel+parser@7.29.7\node_modules\@babel\parser\lib\index.js:10916:61)
      at TypeScriptParserMixin.parseExprOps (C:\Users\shami\Desktop\Low-Grade-F\node_modules\.pnpm\@babel+parser@7.29.7\node_modules\@babel\parser\lib\index.js:10921:23)
      at TypeScriptParserMixin.parseMaybeConditional (C:\Users\shami\Desktop\Low-Grade-F\node_modules\.pnpm\@babel+parser@7.29.7\node_modules\@babel\parser\lib\index.js:10898:23)
      at TypeScriptParserMixin.parseMaybeAssign (C:\Users\shami\Desktop\Low-Grade-F\node_modules\.pnpm\@babel+parser@7.29.7\node_modules\@babel\parser\lib\index.js:10848:21)
      at TypeScriptParserMixin.parseMaybeAssign (C:\Users\shami\Desktop\Low-Grade-F\node_modules\.pnpm\@babel+parser@7.29.7\node_modules\@babel\parser\lib\index.js:9803:20)
      at C:\Users\shami\Desktop\Low-Grade-F\node_modules\.pnpm\@babel+parser@7.29.7\node_modules\@babel\parser\lib\index.js:10817:39
      at TypeScriptParserMixin.allowInAnd (C:\Users\shami\Desktop\Low-Grade-F\node_modules\.pnpm\@babel+parser@7.29.7\node_modules\@babel\parser\lib\index.js:12443:12)
      at TypeScriptParserMixin.parseMaybeAssignAllowIn (C:\Users\shami\Desktop\Low-Grade-F\node_modules\.pnpm\@babel+parser@7.29.7\node_modules\@babel\parser\lib\index.js:10817:17)
      at TypeScriptParserMixin.parseMaybeAssignAllowInOrVoidPattern (C:\Users\shami\Desktop\Low-Grade-F\node_modules\.pnpm\@babel+parser@7.29.7\node_modules\@babel\parser\lib\index.js:12510:17)
      at TypeScriptParserMixin.parseExprListItem (C:\Users\shami\Desktop\Low-Grade-F\node_modules\.pnpm\@babel+parser@7.29.7\node_modules\@babel\parser\lib\index.js:12192:18)
      at TypeScriptParserMixin.parseExprList (C:\Users\shami\Desktop\Low-Grade-F\node_modules\.pnpm\@babel+parser@7.29.7\node_modules\@babel\parser\lib\index.js:12167:22)
      at TypeScriptParserMixin.parseArrayLike (C:\Users\shami\Desktop\Low-Grade-F\node_modules\.pnpm\@babel+parser@7.29.7\node_modules\@babel\parser\lib\index.js:12074:26)
      at TypeScriptParserMixin.parseArrayLike (C:\Users\shami\Desktop\Low-Grade-F\node_modules\.pnpm\@babel+parser@7.29.7\node_modules\@babel\parser\lib\index.js:9210:24)
      at TypeScriptParserMixin.parseExprAtom (C:\Users\shami\Desktop\Low-Grade-F\node_modules\.pnpm\@babel+parser@7.29.7\node_modules\@babel\parser\lib\index.js:11352:23)
      at TypeScriptParserMixin.parseExprAtom (C:\Users\shami\Desktop\Low-Grade-F\node_modules\.pnpm\@babel+parser@7.29.7\node_modules\@babel\parser\lib\index.js:4776:20)
      at TypeScriptParserMixin.parseExprSubscripts (C:\Users\shami\Desktop\Low-Grade-F\node_modules\.pnpm\@babel+parser@7.29.7\node_modules\@babel\parser\lib\index.js:11098:23)
      at TypeScriptParserMixin.parseUpdate (C:\Users\shami\Desktop\Low-Grade-F\node_modules\.pnpm\@babel+parser@7.29.7\node_modules\@babel\parser\lib\index.js:11083:21)
      at TypeScriptParserMixin.parseMaybeUnary (C:\Users\shami\Desktop\Low-Grade-F\node_modules\.pnpm\@babel+parser@7.29.7\node_modules\@babel\parser\lib\index.js:11063:23)
      at TypeScriptParserMixin.parseMaybeUnary (C:\Users\shami\Desktop\Low-Grade-F\node_modules\.pnpm\@babel+parser@7.29.7\node_modules\@babel\parser\lib\index.js:9854:18)
      at TypeScriptParserMixin.parseMaybeUnaryOrPrivate (C:\Users\shami\Desktop\Low-Grade-F\node_modules\.pnpm\@babel+parser@7.29.7\node_modules\@babel\parser\lib\index.js:10916:61)
      at TypeScriptParserMixin.parseExprOps (C:\Users\shami\Desktop\Low-Grade-F\node_modules\.pnpm\@babel+parser@7.29.7\node_modules\@babel\parser\lib\index.js:10921:23)
      at TypeScriptParserMixin.parseMaybeConditional (C:\Users\shami\Desktop\Low-Grade-F\node_modules\.pnpm\@babel+parser@7.29.7\node_modules\@babel\parser\lib\index.js:10898:23)
      at TypeScriptParserMixin.parseMaybeAssign (C:\Users\shami\Desktop\Low-Grade-F\node_modules\.pnpm\@babel+parser@7.29.7\node_modules\@babel\parser\lib\index.js:10848:21)
      at TypeScriptParserMixin.parseMaybeAssign (C:\Users\shami\Desktop\Low-Grade-F\node_modules\.pnpm\@babel+parser@7.29.7\node_modules\@babel\parser\lib\index.js:9803:20)
      at C:\Users\shami\Desktop\Low-Grade-F\node_modules\.pnpm\@babel+parser@7.29.7\node_modules\@babel\parser\lib\index.js:10817:39
      at TypeScriptParserMixin.allowInAnd (C:\Users\shami\Desktop\Low-Grade-F\node_modules\.pnpm\@babel+parser@7.29.7\node_modules\@babel\parser\lib\index.js:12438:16)
      at TypeScriptParserMixin.parseMaybeAssignAllowIn (C:\Users\shami\Desktop\Low-Grade-F\node_modules\.pnpm\@babel+parser@7.29.7\node_modules\@babel\parser\lib\index.js:10817:17)
      at TypeScriptParserMixin.parseVar (C:\Users\shami\Desktop\Low-Grade-F\node_modules\.pnpm\@babel+parser@7.29.7\node_modules\@babel\parser\lib\index.js:13401:91)
      at TypeScriptParserMixin.parseVarStatement (C:\Users\shami\Desktop\Low-Grade-F\node_modules\.pnpm\@babel+parser@7.29.7\node_modules\@babel\parser\lib\index.js:13247:10)
      at TypeScriptParserMixin.parseVarStatement (C:\Users\shami\Desktop\Low-Grade-F\node_modules\.pnpm\@babel+parser@7.29.7\node_modules\@babel\parser\lib\index.js:9425:31)
      at TypeScriptParserMixin.parseStatementContent (C:\Users\shami\Desktop\Low-Grade-F\node_modules\.pnpm\@babel+parser@7.29.7\node_modules\@babel\parser\lib\index.js:12868:23)
      at TypeScriptParserMixin.parseStatementContent (C:\Users\shami\Desktop\Low-Grade-F\node_modules\.pnpm\@babel+parser@7.29.7\node_modules\@babel\parser\lib\index.js:9525:18)
      at TypeScriptParserMixin.parseStatementLike (C:\Users\shami\Desktop\Low-Grade-F\node_modules\.pnpm\@babel+parser@7.29.7\node_modules\@babel\parser\lib\index.js:12784:17)
      at TypeScriptParserMixin.parseModuleItem (C:\Users\shami\Desktop\Low-Grade-F\node_modules\.pnpm\@babel+parser@7.29.7\node_modules\@babel\parser\lib\index.js:12761:17)
      at TypeScriptParserMixin.parseBlockOrModuleBlockBody (C:\Users\shami\Desktop\Low-Grade-F\node_modules\.pnpm\@babel+parser@7.29.7\node_modules\@babel\parser\lib\index.js:13333:36)
      at TypeScriptParserMixin.parseBlockBody (C:\Users\shami\Desktop\Low-Grade-F\node_modules\.pnpm\@babel+parser@7.29.7\node_modules\@babel\parser\lib\index.js:13326:10)
      at TypeScriptParserMixin.parseProgram (C:\Users\shami\Desktop\Low-Grade-F\node_modules\.pnpm\@babel+parser@7.29.7\node_modules\@babel\parser\lib\index.js:12639:10)
      at TypeScriptParserMixin.parseTopLevel (C:\Users\shami\Desktop\Low-Grade-F\node_modules\.pnpm\@babel+parser@7.29.7\node_modules\@babel\parser\lib\index.js:12629:25)
      at TypeScriptParserMixin.parse (C:\Users\shami\Desktop\Low-Grade-F\node_modules\.pnpm\@babel+parser@7.29.7\node_modules\@babel\parser\lib\index.js:14505:25)
[2m4:59:24 PM[22m [31m[1m[vite][22m[39m [31mInternal server error: C:\Users\shami\Desktop\Low-Grade-F\artifacts\lgf-website\src\components\sections\About.tsx: Unterminated string constant. (7:84)

[0m [90m  5 |[31m
 [90m  6 |[31m [36mconst[31m [33mTITLE_LINES[31m [33m=[31m [
[31m[1m>[22m[31m[90m  7 |[31m   { text[33m:[31m [32m"BEING SEEN"[31m[33m,[31m       className[33m:[31m [32m"text-white"[31m[33m,[31m  marginTop[33m:[31m [32m"0"[31m[33m,[31m       align[33m:[31m[32m"center[31m
 [90m    |[31m                                                                                     [31m[1m^[22m[31m
 [90m  8 |[31m   { text[33m:[31m [32m"IS EASY."[31m[33m,[31m         className[33m:[31m [32m"text-white"[31m[33m,[31m  marginTop[33m:[31m [32m"0.08em"[31m[33m,[31m  align[33m:[31m [32m"center"[31m}[33m,[31m
 [90m  9 |[31m   { text[33m:[31m [32m"BEING REMEMBERED"[31m[33m,[31m className[33m:[31m [32m"text-chrome"[31m[33m,[31m marginTop[33m:[31m [32m"0.08em"[31m[33m,[31m  align[33m:[31m [32m"left"[31m  }[33m,[31m
 [90m 10 |[31m   { text[33m:[31m [32m"IS NOT."[31m[33m,[31m          className[33m:[31m [32m"text-chrome"[31m[33m,[31m marginTop[33m:[31m [32m"0.08em"[31m[33m,[31m  align[33m:[31m [32m"center"[31m}[33m,[31m[0m[39m
  Plugin: [35mvite:react-babel[39m
  File: [36mC:/Users/shami/Desktop/Low-Grade-F/artifacts/lgf-website/src/components/sections/About.tsx[39m:7:84
[33m  5  |  
  6  |  const TITLE_LINES = [
  7  |    { text: "BEING SEEN",       className: "text-white",  marginTop: "0",       align:"center
     |                                                                                      ^
  8  |    { text: "IS EASY.",         className: "text-white",  marginTop: "0.08em",  align: "center"},
  9  |    { text: "BEING REMEMBERED", className: "text-chrome", marginTop: "0.08em",  align: "left"  },[39m
      at constructor (C:\Users\shami\Desktop\Low-Grade-F\node_modules\.pnpm\@babel+parser@7.29.7\node_modules\@babel\parser\lib\index.js:365:19)
      at TypeScriptParserMixin.raise (C:\Users\shami\Desktop\Low-Grade-F\node_modules\.pnpm\@babel+parser@7.29.7\node_modules\@babel\parser\lib\index.js:6616:19)
      at Object.unterminated (C:\Users\shami\Desktop\Low-Grade-F\node_modules\.pnpm\@babel+parser@7.29.7\node_modules\@babel\parser\lib\index.js:5681:20)
      at readStringContents (C:\Users\shami\Desktop\Low-Grade-F\node_modules\.pnpm\@babel+parser@7.29.7\node_modules\@babel\parser\lib\index.js:5423:16)
      at TypeScriptParserMixin.readString (C:\Users\shami\Desktop\Low-Grade-F\node_modules\.pnpm\@babel+parser@7.29.7\node_modules\@babel\parser\lib\index.js:6515:9)
      at TypeScriptParserMixin.getTokenFromCode (C:\Users\shami\Desktop\Low-Grade-F\node_modules\.pnpm\@babel+parser@7.29.7\node_modules\@babel\parser\lib\index.js:6275:14)
      at TypeScriptParserMixin.getTokenFromCode (C:\Users\shami\Desktop\Low-Grade-F\node_modules\.pnpm\@babel+parser@7.29.7\node_modules\@babel\parser\lib\index.js:4809:11)
      at TypeScriptParserMixin.getTokenFromCode (C:\Users\shami\Desktop\Low-Grade-F\node_modules\.pnpm\@babel+parser@7.29.7\node_modules\@babel\parser\lib\index.js:10004:11)
      at TypeScriptParserMixin.nextToken (C:\Users\shami\Desktop\Low-Grade-F\node_modules\.pnpm\@babel+parser@7.29.7\node_modules\@babel\parser\lib\index.js:5799:10)
      at TypeScriptParserMixin.next (C:\Users\shami\Desktop\Low-Grade-F\node_modules\.pnpm\@babel+parser@7.29.7\node_modules\@babel\parser\lib\index.js:5709:10)
      at TypeScriptParserMixin.eat (C:\Users\shami\Desktop\Low-Grade-F\node_modules\.pnpm\@babel+parser@7.29.7\node_modules\@babel\parser\lib\index.js:5713:12)
      at TypeScriptParserMixin.parseObjectProperty (C:\Users\shami\Desktop\Low-Grade-F\node_modules\.pnpm\@babel+parser@7.29.7\node_modules\@babel\parser\lib\index.js:11966:14)
      at TypeScriptParserMixin.parseObjPropValue (C:\Users\shami\Desktop\Low-Grade-F\node_modules\.pnpm\@babel+parser@7.29.7\node_modules\@babel\parser\lib\index.js:11995:100)
      at TypeScriptParserMixin.parseObjPropValue (C:\Users\shami\Desktop\Low-Grade-F\node_modules\.pnpm\@babel+parser@7.29.7\node_modules\@babel\parser\lib\index.js:9761:18)
      at TypeScriptParserMixin.parsePropertyDefinition (C:\Users\shami\Desktop\Low-Grade-F\node_modules\.pnpm\@babel+parser@7.29.7\node_modules\@babel\parser\lib\index.js:11932:17)
      at TypeScriptParserMixin.parseObjectLike (C:\Users\shami\Desktop\Low-Grade-F\node_modules\.pnpm\@babel+parser@7.29.7\node_modules\@babel\parser\lib\index.js:11849:21)
      at TypeScriptParserMixin.parseExprAtom (C:\Users\shami\Desktop\Low-Grade-F\node_modules\.pnpm\@babel+parser@7.29.7\node_modules\@babel\parser\lib\index.js:11356:23)
      at TypeScriptParserMixin.parseExprAtom (C:\Users\shami\Desktop\Low-Grade-F\node_modules\.pnpm\@babel+parser@7.29.7\node_modules\@babel\parser\lib\index.js:4776:20)
      at TypeScriptParserMixin.parseExprSubscripts (C:\Users\shami\Desktop\Low-Grade-F\node_modules\.pnpm\@babel+parser@7.29.7\node_modules\@babel\parser\lib\index.js:11098:23)
      at TypeScriptParserMixin.parseUpdate (C:\Users\shami\Desktop\Low-Grade-F\node_modules\.pnpm\@babel+parser@7.29.7\node_modules\@babel\parser\lib\index.js:11083:21)
      at TypeScriptParserMixin.parseMaybeUnary (C:\Users\shami\Desktop\Low-Grade-F\node_modules\.pnpm\@babel+parser@7.29.7\node_modules\@babel\parser\lib\index.js:11063:23)
      at TypeScriptParserMixin.parseMaybeUnary (C:\Users\shami\Desktop\Low-Grade-F\node_modules\.pnpm\@babel+parser@7.29.7\node_modules\@babel\parser\lib\index.js:9854:18)
      at TypeScriptParserMixin.parseMaybeUnaryOrPrivate (C:\Users\shami\Desktop\Low-Grade-F\node_modules\.pnpm\@babel+parser@7.29.7\node_modules\@babel\parser\lib\index.js:10916:61)
      at TypeScriptParserMixin.parseExprOps (C:\Users\shami\Desktop\Low-Grade-F\node_modules\.pnpm\@babel+parser@7.29.7\node_modules\@babel\parser\lib\index.js:10921:23)
      at TypeScriptParserMixin.parseMaybeConditional (C:\Users\shami\Desktop\Low-Grade-F\node_modules\.pnpm\@babel+parser@7.29.7\node_modules\@babel\parser\lib\index.js:10898:23)
      at TypeScriptParserMixin.parseMaybeAssign (C:\Users\shami\Desktop\Low-Grade-F\node_modules\.pnpm\@babel+parser@7.29.7\node_modules\@babel\parser\lib\index.js:10848:21)
      at TypeScriptParserMixin.parseMaybeAssign (C:\Users\shami\Desktop\Low-Grade-F\node_modules\.pnpm\@babel+parser@7.29.7\node_modules\@babel\parser\lib\index.js:9803:20)
      at C:\Users\shami\Desktop\Low-Grade-F\node_modules\.pnpm\@babel+parser@7.29.7\node_modules\@babel\parser\lib\index.js:10817:39
      at TypeScriptParserMixin.allowInAnd (C:\Users\shami\Desktop\Low-Grade-F\node_modules\.pnpm\@babel+parser@7.29.7\node_modules\@babel\parser\lib\index.js:12443:12)
      at TypeScriptParserMixin.parseMaybeAssignAllowIn (C:\Users\shami\Desktop\Low-Grade-F\node_modules\.pnpm\@babel+parser@7.29.7\node_modules\@babel\parser\lib\index.js:10817:17)
      at TypeScriptParserMixin.parseMaybeAssignAllowInOrVoidPattern (C:\Users\shami\Desktop\Low-Grade-F\node_modules\.pnpm\@babel+parser@7.29.7\node_modules\@babel\parser\lib\index.js:12510:17)
      at TypeScriptParserMixin.parseExprListItem (C:\Users\shami\Desktop\Low-Grade-F\node_modules\.pnpm\@babel+parser@7.29.7\node_modules\@babel\parser\lib\index.js:12192:18)
      at TypeScriptParserMixin.parseExprList (C:\Users\shami\Desktop\Low-Grade-F\node_modules\.pnpm\@babel+parser@7.29.7\node_modules\@babel\parser\lib\index.js:12167:22)
      at TypeScriptParserMixin.parseArrayLike (C:\Users\shami\Desktop\Low-Grade-F\node_modules\.pnpm\@babel+parser@7.29.7\node_modules\@babel\parser\lib\index.js:12074:26)
      at TypeScriptParserMixin.parseArrayLike (C:\Users\shami\Desktop\Low-Grade-F\node_modules\.pnpm\@babel+parser@7.29.7\node_modules\@babel\parser\lib\index.js:9210:24)
      at TypeScriptParserMixin.parseExprAtom (C:\Users\shami\Desktop\Low-Grade-F\node_modules\.pnpm\@babel+parser@7.29.7\node_modules\@babel\parser\lib\index.js:11352:23)
      at TypeScriptParserMixin.parseExprAtom (C:\Users\shami\Desktop\Low-Grade-F\node_modules\.pnpm\@babel+parser@7.29.7\node_modules\@babel\parser\lib\index.js:4776:20)
      at TypeScriptParserMixin.parseExprSubscripts (C:\Users\shami\Desktop\Low-Grade-F\node_modules\.pnpm\@babel+parser@7.29.7\node_modules\@babel\parser\lib\index.js:11098:23)
      at TypeScriptParserMixin.parseUpdate (C:\Users\shami\Desktop\Low-Grade-F\node_modules\.pnpm\@babel+parser@7.29.7\node_modules\@babel\parser\lib\index.js:11083:21)
      at TypeScriptParserMixin.parseMaybeUnary (C:\Users\shami\Desktop\Low-Grade-F\node_modules\.pnpm\@babel+parser@7.29.7\node_modules\@babel\parser\lib\index.js:11063:23)
      at TypeScriptParserMixin.parseMaybeUnary (C:\Users\shami\Desktop\Low-Grade-F\node_modules\.pnpm\@babel+parser@7.29.7\node_modules\@babel\parser\lib\index.js:9854:18)
      at TypeScriptParserMixin.parseMaybeUnaryOrPrivate (C:\Users\shami\Desktop\Low-Grade-F\node_modules\.pnpm\@babel+parser@7.29.7\node_modules\@babel\parser\lib\index.js:10916:61)
      at TypeScriptParserMixin.parseExprOps (C:\Users\shami\Desktop\Low-Grade-F\node_modules\.pnpm\@babel+parser@7.29.7\node_modules\@babel\parser\lib\index.js:10921:23)
      at TypeScriptParserMixin.parseMaybeConditional (C:\Users\shami\Desktop\Low-Grade-F\node_modules\.pnpm\@babel+parser@7.29.7\node_modules\@babel\parser\lib\index.js:10898:23)
      at TypeScriptParserMixin.parseMaybeAssign (C:\Users\shami\Desktop\Low-Grade-F\node_modules\.pnpm\@babel+parser@7.29.7\node_modules\@babel\parser\lib\index.js:10848:21)
      at TypeScriptParserMixin.parseMaybeAssign (C:\Users\shami\Desktop\Low-Grade-F\node_modules\.pnpm\@babel+parser@7.29.7\node_modules\@babel\parser\lib\index.js:9803:20)
      at C:\Users\shami\Desktop\Low-Grade-F\node_modules\.pnpm\@babel+parser@7.29.7\node_modules\@babel\parser\lib\index.js:10817:39
      at TypeScriptParserMixin.allowInAnd (C:\Users\shami\Desktop\Low-Grade-F\node_modules\.pnpm\@babel+parser@7.29.7\node_modules\@babel\parser\lib\index.js:12438:16)
      at TypeScriptParserMixin.parseMaybeAssignAllowIn (C:\Users\shami\Desktop\Low-Grade-F\node_modules\.pnpm\@babel+parser@7.29.7\node_modules\@babel\parser\lib\index.js:10817:17)
      at TypeScriptParserMixin.parseVar (C:\Users\shami\Desktop\Low-Grade-F\node_modules\.pnpm\@babel+parser@7.29.7\node_modules\@babel\parser\lib\index.js:13401:91)
[2m4:59:25 PM[22m [31m[1m[vite][22m[39m [31mInternal server error: C:\Users\shami\Desktop\Low-Grade-F\artifacts\lgf-website\src\components\sections\About.tsx: Unterminated string constant. (7:84)

[0m [90m  5 |[31m
 [90m  6 |[31m [36mconst[31m [33mTITLE_LINES[31m [33m=[31m [
[31m[1m>[22m[31m[90m  7 |[31m   { text[33m:[31m [32m"BEING SEEN"[31m[33m,[31m       className[33m:[31m [32m"text-white"[31m[33m,[31m  marginTop[33m:[31m [32m"0"[31m[33m,[31m       align[33m:[31m[32m"center:[31m
 [90m    |[31m                                                                                     [31m[1m^[22m[31m
 [90m  8 |[31m   { text[33m:[31m [32m"IS EASY."[31m[33m,[31m         className[33m:[31m [32m"text-white"[31m[33m,[31m  marginTop[33m:[31m [32m"0.08em"[31m[33m,[31m  align[33m:[31m [32m"center"[31m}[33m,[31m
 [90m  9 |[31m   { text[33m:[31m [32m"BEING REMEMBERED"[31m[33m,[31m className[33m:[31m [32m"text-chrome"[31m[33m,[31m marginTop[33m:[31m [32m"0.08em"[31m[33m,[31m  align[33m:[31m [32m"left"[31m  }[33m,[31m
 [90m 10 |[31m   { text[33m:[31m [32m"IS NOT."[31m[33m,[31m          className[33m:[31m [32m"text-chrome"[31m[33m,[31m marginTop[33m:[31m [32m"0.08em"[31m[33m,[31m  align[33m:[31m [32m"center"[31m}[33m,[31m[0m[39m
  Plugin: [35mvite:react-babel[39m
  File: [36mC:/Users/shami/Desktop/Low-Grade-F/artifacts/lgf-website/src/components/sections/About.tsx[39m:7:84
[33m  5  |  
  6  |  const TITLE_LINES = [
  7  |    { text: "BEING SEEN",       className: "text-white",  marginTop: "0",       align:"center:
     |                                                                                      ^
  8  |    { text: "IS EASY.",         className: "text-white",  marginTop: "0.08em",  align: "center"},
  9  |    { text: "BEING REMEMBERED", className: "text-chrome", marginTop: "0.08em",  align: "left"  },[39m
      at constructor (C:\Users\shami\Desktop\Low-Grade-F\node_modules\.pnpm\@babel+parser@7.29.7\node_modules\@babel\parser\lib\index.js:365:19)
      at TypeScriptParserMixin.raise (C:\Users\shami\Desktop\Low-Grade-F\node_modules\.pnpm\@babel+parser@7.29.7\node_modules\@babel\parser\lib\index.js:6616:19)
      at Object.unterminated (C:\Users\shami\Desktop\Low-Grade-F\node_modules\.pnpm\@babel+parser@7.29.7\node_modules\@babel\parser\lib\index.js:5681:20)
      at readStringContents (C:\Users\shami\Desktop\Low-Grade-F\node_modules\.pnpm\@babel+parser@7.29.7\node_modules\@babel\parser\lib\index.js:5423:16)
      at TypeScriptParserMixin.readString (C:\Users\shami\Desktop\Low-Grade-F\node_modules\.pnpm\@babel+parser@7.29.7\node_modules\@babel\parser\lib\index.js:6515:9)
      at TypeScriptParserMixin.getTokenFromCode (C:\Users\shami\Desktop\Low-Grade-F\node_modules\.pnpm\@babel+parser@7.29.7\node_modules\@babel\parser\lib\index.js:6275:14)
      at TypeScriptParserMixin.getTokenFromCode (C:\Users\shami\Desktop\Low-Grade-F\node_modules\.pnpm\@babel+parser@7.29.7\node_modules\@babel\parser\lib\index.js:4809:11)
      at TypeScriptParserMixin.getTokenFromCode (C:\Users\shami\Desktop\Low-Grade-F\node_modules\.pnpm\@babel+parser@7.29.7\node_modules\@babel\parser\lib\index.js:10004:11)
      at TypeScriptParserMixin.nextToken (C:\Users\shami\Desktop\Low-Grade-F\node_modules\.pnpm\@babel+parser@7.29.7\node_modules\@babel\parser\lib\index.js:5799:10)
      at TypeScriptParserMixin.next (C:\Users\shami\Desktop\Low-Grade-F\node_modules\.pnpm\@babel+parser@7.29.7\node_modules\@babel\parser\lib\index.js:5709:10)
      at TypeScriptParserMixin.eat (C:\Users\shami\Desktop\Low-Grade-F\node_modules\.pnpm\@babel+parser@7.29.7\node_modules\@babel\parser\lib\index.js:5713:12)
      at TypeScriptParserMixin.parseObjectProperty (C:\Users\shami\Desktop\Low-Grade-F\node_modules\.pnpm\@babel+parser@7.29.7\node_modules\@babel\parser\lib\index.js:11966:14)
      at TypeScriptParserMixin.parseObjPropValue (C:\Users\shami\Desktop\Low-Grade-F\node_modules\.pnpm\@babel+parser@7.29.7\node_modules\@babel\parser\lib\index.js:11995:100)
      at TypeScriptParserMixin.parseObjPropValue (C:\Users\shami\Desktop\Low-Grade-F\node_modules\.pnpm\@babel+parser@7.29.7\node_modules\@babel\parser\lib\index.js:9761:18)
      at TypeScriptParserMixin.parsePropertyDefinition (C:\Users\shami\Desktop\Low-Grade-F\node_modules\.pnpm\@babel+parser@7.29.7\node_modules\@babel\parser\lib\index.js:11932:17)
      at TypeScriptParserMixin.parseObjectLike (C:\Users\shami\Desktop\Low-Grade-F\node_modules\.pnpm\@babel+parser@7.29.7\node_modules\@babel\parser\lib\index.js:11849:21)
      at TypeScriptParserMixin.parseExprAtom (C:\Users\shami\Desktop\Low-Grade-F\node_modules\.pnpm\@babel+parser@7.29.7\node_modules\@babel\parser\lib\index.js:11356:23)
      at TypeScriptParserMixin.parseExprAtom (C:\Users\shami\Desktop\Low-Grade-F\node_modules\.pnpm\@babel+parser@7.29.7\node_modules\@babel\parser\lib\index.js:4776:20)
      at TypeScriptParserMixin.parseExprSubscripts (C:\Users\shami\Desktop\Low-Grade-F\node_modules\.pnpm\@babel+parser@7.29.7\node_modules\@babel\parser\lib\index.js:11098:23)
      at TypeScriptParserMixin.parseUpdate (C:\Users\shami\Desktop\Low-Grade-F\node_modules\.pnpm\@babel+parser@7.29.7\node_modules\@babel\parser\lib\index.js:11083:21)
      at TypeScriptParserMixin.parseMaybeUnary (C:\Users\shami\Desktop\Low-Grade-F\node_modules\.pnpm\@babel+parser@7.29.7\node_modules\@babel\parser\lib\index.js:11063:23)
      at TypeScriptParserMixin.parseMaybeUnary (C:\Users\shami\Desktop\Low-Grade-F\node_modules\.pnpm\@babel+parser@7.29.7\node_modules\@babel\parser\lib\index.js:9854:18)
      at TypeScriptParserMixin.parseMaybeUnaryOrPrivate (C:\Users\shami\Desktop\Low-Grade-F\node_modules\.pnpm\@babel+parser@7.29.7\node_modules\@babel\parser\lib\index.js:10916:61)
      at TypeScriptParserMixin.parseExprOps (C:\Users\shami\Desktop\Low-Grade-F\node_modules\.pnpm\@babel+parser@7.29.7\node_modules\@babel\parser\lib\index.js:10921:23)
      at TypeScriptParserMixin.parseMaybeConditional (C:\Users\shami\Desktop\Low-Grade-F\node_modules\.pnpm\@babel+parser@7.29.7\node_modules\@babel\parser\lib\index.js:10898:23)
      at TypeScriptParserMixin.parseMaybeAssign (C:\Users\shami\Desktop\Low-Grade-F\node_modules\.pnpm\@babel+parser@7.29.7\node_modules\@babel\parser\lib\index.js:10848:21)
      at TypeScriptParserMixin.parseMaybeAssign (C:\Users\shami\Desktop\Low-Grade-F\node_modules\.pnpm\@babel+parser@7.29.7\node_modules\@babel\parser\lib\index.js:9803:20)
      at C:\Users\shami\Desktop\Low-Grade-F\node_modules\.pnpm\@babel+parser@7.29.7\node_modules\@babel\parser\lib\index.js:10817:39
      at TypeScriptParserMixin.allowInAnd (C:\Users\shami\Desktop\Low-Grade-F\node_modules\.pnpm\@babel+parser@7.29.7\node_modules\@babel\parser\lib\index.js:12443:12)
      at TypeScriptParserMixin.parseMaybeAssignAllowIn (C:\Users\shami\Desktop\Low-Grade-F\node_modules\.pnpm\@babel+parser@7.29.7\node_modules\@babel\parser\lib\index.js:10817:17)
      at TypeScriptParserMixin.parseMaybeAssignAllowInOrVoidPattern (C:\Users\shami\Desktop\Low-Grade-F\node_modules\.pnpm\@babel+parser@7.29.7\node_modules\@babel\parser\lib\index.js:12510:17)
      at TypeScriptParserMixin.parseExprListItem (C:\Users\shami\Desktop\Low-Grade-F\node_modules\.pnpm\@babel+parser@7.29.7\node_modules\@babel\parser\lib\index.js:12192:18)
      at TypeScriptParserMixin.parseExprList (C:\Users\shami\Desktop\Low-Grade-F\node_modules\.pnpm\@babel+parser@7.29.7\node_modules\@babel\parser\lib\index.js:12167:22)
      at TypeScriptParserMixin.parseArrayLike (C:\Users\shami\Desktop\Low-Grade-F\node_modules\.pnpm\@babel+parser@7.29.7\node_modules\@babel\parser\lib\index.js:12074:26)
      at TypeScriptParserMixin.parseArrayLike (C:\Users\shami\Desktop\Low-Grade-F\node_modules\.pnpm\@babel+parser@7.29.7\node_modules\@babel\parser\lib\index.js:9210:24)
      at TypeScriptParserMixin.parseExprAtom (C:\Users\shami\Desktop\Low-Grade-F\node_modules\.pnpm\@babel+parser@7.29.7\node_modules\@babel\parser\lib\index.js:11352:23)
      at TypeScriptParserMixin.parseExprAtom (C:\Users\shami\Desktop\Low-Grade-F\node_modules\.pnpm\@babel+parser@7.29.7\node_modules\@babel\parser\lib\index.js:4776:20)
      at TypeScriptParserMixin.parseExprSubscripts (C:\Users\shami\Desktop\Low-Grade-F\node_modules\.pnpm\@babel+parser@7.29.7\node_modules\@babel\parser\lib\index.js:11098:23)
      at TypeScriptParserMixin.parseUpdate (C:\Users\shami\Desktop\Low-Grade-F\node_modules\.pnpm\@babel+parser@7.29.7\node_modules\@babel\parser\lib\index.js:11083:21)
      at TypeScriptParserMixin.parseMaybeUnary (C:\Users\shami\Desktop\Low-Grade-F\node_modules\.pnpm\@babel+parser@7.29.7\node_modules\@babel\parser\lib\index.js:11063:23)
      at TypeScriptParserMixin.parseMaybeUnary (C:\Users\shami\Desktop\Low-Grade-F\node_modules\.pnpm\@babel+parser@7.29.7\node_modules\@babel\parser\lib\index.js:9854:18)
      at TypeScriptParserMixin.parseMaybeUnaryOrPrivate (C:\Users\shami\Desktop\Low-Grade-F\node_modules\.pnpm\@babel+parser@7.29.7\node_modules\@babel\parser\lib\index.js:10916:61)
      at TypeScriptParserMixin.parseExprOps (C:\Users\shami\Desktop\Low-Grade-F\node_modules\.pnpm\@babel+parser@7.29.7\node_modules\@babel\parser\lib\index.js:10921:23)
      at TypeScriptParserMixin.parseMaybeConditional (C:\Users\shami\Desktop\Low-Grade-F\node_modules\.pnpm\@babel+parser@7.29.7\node_modules\@babel\parser\lib\index.js:10898:23)
      at TypeScriptParserMixin.parseMaybeAssign (C:\Users\shami\Desktop\Low-Grade-F\node_modules\.pnpm\@babel+parser@7.29.7\node_modules\@babel\parser\lib\index.js:10848:21)
      at TypeScriptParserMixin.parseMaybeAssign (C:\Users\shami\Desktop\Low-Grade-F\node_modules\.pnpm\@babel+parser@7.29.7\node_modules\@babel\parser\lib\index.js:9803:20)
      at C:\Users\shami\Desktop\Low-Grade-F\node_modules\.pnpm\@babel+parser@7.29.7\node_modules\@babel\parser\lib\index.js:10817:39
      at TypeScriptParserMixin.allowInAnd (C:\Users\shami\Desktop\Low-Grade-F\node_modules\.pnpm\@babel+parser@7.29.7\node_modules\@babel\parser\lib\index.js:12438:16)
      at TypeScriptParserMixin.parseMaybeAssignAllowIn (C:\Users\shami\Desktop\Low-Grade-F\node_modules\.pnpm\@babel+parser@7.29.7\node_modules\@babel\parser\lib\index.js:10817:17)
      at TypeScriptParserMixin.parseVar (C:\Users\shami\Desktop\Low-Grade-F\node_modules\.pnpm\@babel+parser@7.29.7\node_modules\@babel\parser\lib\index.js:13401:91)
[2m4:59:26 PM[22m [31m[1m[vite][22m[39m [31mInternal server error: C:\Users\shami\Desktop\Low-Grade-F\artifacts\lgf-website\src\components\sections\About.tsx: Unterminated string constant. (7:84)

[0m [90m  5 |[31m
 [90m  6 |[31m [36mconst[31m [33mTITLE_LINES[31m [33m=[31m [
[31m[1m>[22m[31m[90m  7 |[31m   { text[33m:[31m [32m"BEING SEEN"[31m[33m,[31m       className[33m:[31m [32m"text-white"[31m[33m,[31m  marginTop[33m:[31m [32m"0"[31m[33m,[31m       align[33m:[31m[32m"center:}[31m
 [90m    |[31m                                                                                     [31m[1m^[22m[31m
 [90m  8 |[31m   { text[33m:[31m [32m"IS EASY."[31m[33m,[31m         className[33m:[31m [32m"text-white"[31m[33m,[31m  marginTop[33m:[31m [32m"0.08em"[31m[33m,[31m  align[33m:[31m [32m"center"[31m}[33m,[31m
 [90m  9 |[31m   { text[33m:[31m [32m"BEING REMEMBERED"[31m[33m,[31m className[33m:[31m [32m"text-chrome"[31m[33m,[31m marginTop[33m:[31m [32m"0.08em"[31m[33m,[31m  align[33m:[31m [32m"left"[31m  }[33m,[31m
 [90m 10 |[31m   { text[33m:[31m [32m"IS NOT."[31m[33m,[31m          className[33m:[31m [32m"text-chrome"[31m[33m,[31m marginTop[33m:[31m [32m"0.08em"[31m[33m,[31m  align[33m:[31m [32m"center"[31m}[33m,[31m[0m[39m
  Plugin: [35mvite:react-babel[39m
  File: [36mC:/Users/shami/Desktop/Low-Grade-F/artifacts/lgf-website/src/components/sections/About.tsx[39m:7:84
[33m  5  |  
  6  |  const TITLE_LINES = [
  7  |    { text: "BEING SEEN",       className: "text-white",  marginTop: "0",       align:"center:}
     |                                                                                      ^
  8  |    { text: "IS EASY.",         className: "text-white",  marginTop: "0.08em",  align: "center"},
  9  |    { text: "BEING REMEMBERED", className: "text-chrome", marginTop: "0.08em",  align: "left"  },[39m
      at constructor (C:\Users\shami\Desktop\Low-Grade-F\node_modules\.pnpm\@babel+parser@7.29.7\node_modules\@babel\parser\lib\index.js:365:19)
      at TypeScriptParserMixin.raise (C:\Users\shami\Desktop\Low-Grade-F\node_modules\.pnpm\@babel+parser@7.29.7\node_modules\@babel\parser\lib\index.js:6616:19)
      at Object.unterminated (C:\Users\shami\Desktop\Low-Grade-F\node_modules\.pnpm\@babel+parser@7.29.7\node_modules\@babel\parser\lib\index.js:5681:20)
      at readStringContents (C:\Users\shami\Desktop\Low-Grade-F\node_modules\.pnpm\@babel+parser@7.29.7\node_modules\@babel\parser\lib\index.js:5423:16)
      at TypeScriptParserMixin.readString (C:\Users\shami\Desktop\Low-Grade-F\node_modules\.pnpm\@babel+parser@7.29.7\node_modules\@babel\parser\lib\index.js:6515:9)
      at TypeScriptParserMixin.getTokenFromCode (C:\Users\shami\Desktop\Low-Grade-F\node_modules\.pnpm\@babel+parser@7.29.7\node_modules\@babel\parser\lib\index.js:6275:14)
      at TypeScriptParserMixin.getTokenFromCode (C:\Users\shami\Desktop\Low-Grade-F\node_modules\.pnpm\@babel+parser@7.29.7\node_modules\@babel\parser\lib\index.js:4809:11)
      at TypeScriptParserMixin.getTokenFromCode (C:\Users\shami\Desktop\Low-Grade-F\node_modules\.pnpm\@babel+parser@7.29.7\node_modules\@babel\parser\lib\index.js:10004:11)
      at TypeScriptParserMixin.nextToken (C:\Users\shami\Desktop\Low-Grade-F\node_modules\.pnpm\@babel+parser@7.29.7\node_modules\@babel\parser\lib\index.js:5799:10)
      at TypeScriptParserMixin.next (C:\Users\shami\Desktop\Low-Grade-F\node_modules\.pnpm\@babel+parser@7.29.7\node_modules\@babel\parser\lib\index.js:5709:10)
      at TypeScriptParserMixin.eat (C:\Users\shami\Desktop\Low-Grade-F\node_modules\.pnpm\@babel+parser@7.29.7\node_modules\@babel\parser\lib\index.js:5713:12)
      at TypeScriptParserMixin.parseObjectProperty (C:\Users\shami\Desktop\Low-Grade-F\node_modules\.pnpm\@babel+parser@7.29.7\node_modules\@babel\parser\lib\index.js:11966:14)
      at TypeScriptParserMixin.parseObjPropValue (C:\Users\shami\Desktop\Low-Grade-F\node_modules\.pnpm\@babel+parser@7.29.7\node_modules\@babel\parser\lib\index.js:11995:100)
      at TypeScriptParserMixin.parseObjPropValue (C:\Users\shami\Desktop\Low-Grade-F\node_modules\.pnpm\@babel+parser@7.29.7\node_modules\@babel\parser\lib\index.js:9761:18)
      at TypeScriptParserMixin.parsePropertyDefinition (C:\Users\shami\Desktop\Low-Grade-F\node_modules\.pnpm\@babel+parser@7.29.7\node_modules\@babel\parser\lib\index.js:11932:17)
      at TypeScriptParserMixin.parseObjectLike (C:\Users\shami\Desktop\Low-Grade-F\node_modules\.pnpm\@babel+parser@7.29.7\node_modules\@babel\parser\lib\index.js:11849:21)
      at TypeScriptParserMixin.parseExprAtom (C:\Users\shami\Desktop\Low-Grade-F\node_modules\.pnpm\@babel+parser@7.29.7\node_modules\@babel\parser\lib\index.js:11356:23)
      at TypeScriptParserMixin.parseExprAtom (C:\Users\shami\Desktop\Low-Grade-F\node_modules\.pnpm\@babel+parser@7.29.7\node_modules\@babel\parser\lib\index.js:4776:20)
      at TypeScriptParserMixin.parseExprSubscripts (C:\Users\shami\Desktop\Low-Grade-F\node_modules\.pnpm\@babel+parser@7.29.7\node_modules\@babel\parser\lib\index.js:11098:23)
      at TypeScriptParserMixin.parseUpdate (C:\Users\shami\Desktop\Low-Grade-F\node_modules\.pnpm\@babel+parser@7.29.7\node_modules\@babel\parser\lib\index.js:11083:21)
      at TypeScriptParserMixin.parseMaybeUnary (C:\Users\shami\Desktop\Low-Grade-F\node_modules\.pnpm\@babel+parser@7.29.7\node_modules\@babel\parser\lib\index.js:11063:23)
      at TypeScriptParserMixin.parseMaybeUnary (C:\Users\shami\Desktop\Low-Grade-F\node_modules\.pnpm\@babel+parser@7.29.7\node_modules\@babel\parser\lib\index.js:9854:18)
      at TypeScriptParserMixin.parseMaybeUnaryOrPrivate (C:\Users\shami\Desktop\Low-Grade-F\node_modules\.pnpm\@babel+parser@7.29.7\node_modules\@babel\parser\lib\index.js:10916:61)
      at TypeScriptParserMixin.parseExprOps (C:\Users\shami\Desktop\Low-Grade-F\node_modules\.pnpm\@babel+parser@7.29.7\node_modules\@babel\parser\lib\index.js:10921:23)
      at TypeScriptParserMixin.parseMaybeConditional (C:\Users\shami\Desktop\Low-Grade-F\node_modules\.pnpm\@babel+parser@7.29.7\node_modules\@babel\parser\lib\index.js:10898:23)
      at TypeScriptParserMixin.parseMaybeAssign (C:\Users\shami\Desktop\Low-Grade-F\node_modules\.pnpm\@babel+parser@7.29.7\node_modules\@babel\parser\lib\index.js:10848:21)
      at TypeScriptParserMixin.parseMaybeAssign (C:\Users\shami\Desktop\Low-Grade-F\node_modules\.pnpm\@babel+parser@7.29.7\node_modules\@babel\parser\lib\index.js:9803:20)
      at C:\Users\shami\Desktop\Low-Grade-F\node_modules\.pnpm\@babel+parser@7.29.7\node_modules\@babel\parser\lib\index.js:10817:39
      at TypeScriptParserMixin.allowInAnd (C:\Users\shami\Desktop\Low-Grade-F\node_modules\.pnpm\@babel+parser@7.29.7\node_modules\@babel\parser\lib\index.js:12443:12)
      at TypeScriptParserMixin.parseMaybeAssignAllowIn (C:\Users\shami\Desktop\Low-Grade-F\node_modules\.pnpm\@babel+parser@7.29.7\node_modules\@babel\parser\lib\index.js:10817:17)
      at TypeScriptParserMixin.parseMaybeAssignAllowInOrVoidPattern (C:\Users\shami\Desktop\Low-Grade-F\node_modules\.pnpm\@babel+parser@7.29.7\node_modules\@babel\parser\lib\index.js:12510:17)
      at TypeScriptParserMixin.parseExprListItem (C:\Users\shami\Desktop\Low-Grade-F\node_modules\.pnpm\@babel+parser@7.29.7\node_modules\@babel\parser\lib\index.js:12192:18)
      at TypeScriptParserMixin.parseExprList (C:\Users\shami\Desktop\Low-Grade-F\node_modules\.pnpm\@babel+parser@7.29.7\node_modules\@babel\parser\lib\index.js:12167:22)
      at TypeScriptParserMixin.parseArrayLike (C:\Users\shami\Desktop\Low-Grade-F\node_modules\.pnpm\@babel+parser@7.29.7\node_modules\@babel\parser\lib\index.js:12074:26)
      at TypeScriptParserMixin.parseArrayLike (C:\Users\shami\Desktop\Low-Grade-F\node_modules\.pnpm\@babel+parser@7.29.7\node_modules\@babel\parser\lib\index.js:9210:24)
      at TypeScriptParserMixin.parseExprAtom (C:\Users\shami\Desktop\Low-Grade-F\node_modules\.pnpm\@babel+parser@7.29.7\node_modules\@babel\parser\lib\index.js:11352:23)
      at TypeScriptParserMixin.parseExprAtom (C:\Users\shami\Desktop\Low-Grade-F\node_modules\.pnpm\@babel+parser@7.29.7\node_modules\@babel\parser\lib\index.js:4776:20)
      at TypeScriptParserMixin.parseExprSubscripts (C:\Users\shami\Desktop\Low-Grade-F\node_modules\.pnpm\@babel+parser@7.29.7\node_modules\@babel\parser\lib\index.js:11098:23)
      at TypeScriptParserMixin.parseUpdate (C:\Users\shami\Desktop\Low-Grade-F\node_modules\.pnpm\@babel+parser@7.29.7\node_modules\@babel\parser\lib\index.js:11083:21)
      at TypeScriptParserMixin.parseMaybeUnary (C:\Users\shami\Desktop\Low-Grade-F\node_modules\.pnpm\@babel+parser@7.29.7\node_modules\@babel\parser\lib\index.js:11063:23)
      at TypeScriptParserMixin.parseMaybeUnary (C:\Users\shami\Desktop\Low-Grade-F\node_modules\.pnpm\@babel+parser@7.29.7\node_modules\@babel\parser\lib\index.js:9854:18)
      at TypeScriptParserMixin.parseMaybeUnaryOrPrivate (C:\Users\shami\Desktop\Low-Grade-F\node_modules\.pnpm\@babel+parser@7.29.7\node_modules\@babel\parser\lib\index.js:10916:61)
      at TypeScriptParserMixin.parseExprOps (C:\Users\shami\Desktop\Low-Grade-F\node_modules\.pnpm\@babel+parser@7.29.7\node_modules\@babel\parser\lib\index.js:10921:23)
      at TypeScriptParserMixin.parseMaybeConditional (C:\Users\shami\Desktop\Low-Grade-F\node_modules\.pnpm\@babel+parser@7.29.7\node_modules\@babel\parser\lib\index.js:10898:23)
      at TypeScriptParserMixin.parseMaybeAssign (C:\Users\shami\Desktop\Low-Grade-F\node_modules\.pnpm\@babel+parser@7.29.7\node_modules\@babel\parser\lib\index.js:10848:21)
      at TypeScriptParserMixin.parseMaybeAssign (C:\Users\shami\Desktop\Low-Grade-F\node_modules\.pnpm\@babel+parser@7.29.7\node_modules\@babel\parser\lib\index.js:9803:20)
      at C:\Users\shami\Desktop\Low-Grade-F\node_modules\.pnpm\@babel+parser@7.29.7\node_modules\@babel\parser\lib\index.js:10817:39
      at TypeScriptParserMixin.allowInAnd (C:\Users\shami\Desktop\Low-Grade-F\node_modules\.pnpm\@babel+parser@7.29.7\node_modules\@babel\parser\lib\index.js:12438:16)
      at TypeScriptParserMixin.parseMaybeAssignAllowIn (C:\Users\shami\Desktop\Low-Grade-F\node_modules\.pnpm\@babel+parser@7.29.7\node_modules\@babel\parser\lib\index.js:10817:17)
      at TypeScriptParserMixin.parseVar (C:\Users\shami\Desktop\Low-Grade-F\node_modules\.pnpm\@babel+parser@7.29.7\node_modules\@babel\parser\lib\index.js:13401:91)
[2m4:59:28 PM[22m [31m[1m[vite][22m[39m [31mInternal server error: C:\Users\shami\Desktop\Low-Grade-F\artifacts\lgf-website\src\components\sections\About.tsx: Unterminated string constant. (7:84)

[0m [90m  5 |[31m
 [90m  6 |[31m [36mconst[31m [33mTITLE_LINES[31m [33m=[31m [
[31m[1m>[22m[31m[90m  7 |[31m   { text[33m:[31m [32m"BEING SEEN"[31m[33m,[31m       className[33m:[31m [32m"text-white"[31m[33m,[31m  marginTop[33m:[31m [32m"0"[31m[33m,[31m       align[33m:[31m[32m"center:},[31m
 [90m    |[31m                                                                                     [31m[1m^[22m[31m
 [90m  8 |[31m   { text[33m:[31m [32m"IS EASY."[31m[33m,[31m         className[33m:[31m [32m"text-white"[31m[33m,[31m  marginTop[33m:[31m [32m"0.08em"[31m[33m,[31m  align[33m:[31m [32m"center"[31m}[33m,[31m
 [90m  9 |[31m   { text[33m:[31m [32m"BEING REMEMBERED"[31m[33m,[31m className[33m:[31m [32m"text-chrome"[31m[33m,[31m marginTop[33m:[31m [32m"0.08em"[31m[33m,[31m  align[33m:[31m [32m"left"[31m  }[33m,[31m
 [90m 10 |[31m   { text[33m:[31m [32m"IS NOT."[31m[33m,[31m          className[33m:[31m [32m"text-chrome"[31m[33m,[31m marginTop[33m:[31m [32m"0.08em"[31m[33m,[31m  align[33m:[31m [32m"center"[31m}[33m,[31m[0m[39m
  Plugin: [35mvite:react-babel[39m
  File: [36mC:/Users/shami/Desktop/Low-Grade-F/artifacts/lgf-website/src/components/sections/About.tsx[39m:7:84
[33m  5  |  
  6  |  const TITLE_LINES = [
  7  |    { text: "BEING SEEN",       className: "text-white",  marginTop: "0",       align:"center:},
     |                                                                                      ^
  8  |    { text: "IS EASY.",         className: "text-white",  marginTop: "0.08em",  align: "center"},
  9  |    { text: "BEING REMEMBERED", className: "text-chrome", marginTop: "0.08em",  align: "left"  },[39m
      at constructor (C:\Users\shami\Desktop\Low-Grade-F\node_modules\.pnpm\@babel+parser@7.29.7\node_modules\@babel\parser\lib\index.js:365:19)
      at TypeScriptParserMixin.raise (C:\Users\shami\Desktop\Low-Grade-F\node_modules\.pnpm\@babel+parser@7.29.7\node_modules\@babel\parser\lib\index.js:6616:19)
      at Object.unterminated (C:\Users\shami\Desktop\Low-Grade-F\node_modules\.pnpm\@babel+parser@7.29.7\node_modules\@babel\parser\lib\index.js:5681:20)
      at readStringContents (C:\Users\shami\Desktop\Low-Grade-F\node_modules\.pnpm\@babel+parser@7.29.7\node_modules\@babel\parser\lib\index.js:5423:16)
      at TypeScriptParserMixin.readString (C:\Users\shami\Desktop\Low-Grade-F\node_modules\.pnpm\@babel+parser@7.29.7\node_modules\@babel\parser\lib\index.js:6515:9)
      at TypeScriptParserMixin.getTokenFromCode (C:\Users\shami\Desktop\Low-Grade-F\node_modules\.pnpm\@babel+parser@7.29.7\node_modules\@babel\parser\lib\index.js:6275:14)
      at TypeScriptParserMixin.getTokenFromCode (C:\Users\shami\Desktop\Low-Grade-F\node_modules\.pnpm\@babel+parser@7.29.7\node_modules\@babel\parser\lib\index.js:4809:11)
      at TypeScriptParserMixin.getTokenFromCode (C:\Users\shami\Desktop\Low-Grade-F\node_modules\.pnpm\@babel+parser@7.29.7\node_modules\@babel\parser\lib\index.js:10004:11)
      at TypeScriptParserMixin.nextToken (C:\Users\shami\Desktop\Low-Grade-F\node_modules\.pnpm\@babel+parser@7.29.7\node_modules\@babel\parser\lib\index.js:5799:10)
      at TypeScriptParserMixin.next (C:\Users\shami\Desktop\Low-Grade-F\node_modules\.pnpm\@babel+parser@7.29.7\node_modules\@babel\parser\lib\index.js:5709:10)
      at TypeScriptParserMixin.eat (C:\Users\shami\Desktop\Low-Grade-F\node_modules\.pnpm\@babel+parser@7.29.7\node_modules\@babel\parser\lib\index.js:5713:12)
      at TypeScriptParserMixin.parseObjectProperty (C:\Users\shami\Desktop\Low-Grade-F\node_modules\.pnpm\@babel+parser@7.29.7\node_modules\@babel\parser\lib\index.js:11966:14)
      at TypeScriptParserMixin.parseObjPropValue (C:\Users\shami\Desktop\Low-Grade-F\node_modules\.pnpm\@babel+parser@7.29.7\node_modules\@babel\parser\lib\index.js:11995:100)
      at TypeScriptParserMixin.parseObjPropValue (C:\Users\shami\Desktop\Low-Grade-F\node_modules\.pnpm\@babel+parser@7.29.7\node_modules\@babel\parser\lib\index.js:9761:18)
      at TypeScriptParserMixin.parsePropertyDefinition (C:\Users\shami\Desktop\Low-Grade-F\node_modules\.pnpm\@babel+parser@7.29.7\node_modules\@babel\parser\lib\index.js:11932:17)
      at TypeScriptParserMixin.parseObjectLike (C:\Users\shami\Desktop\Low-Grade-F\node_modules\.pnpm\@babel+parser@7.29.7\node_modules\@babel\parser\lib\index.js:11849:21)
      at TypeScriptParserMixin.parseExprAtom (C:\Users\shami\Desktop\Low-Grade-F\node_modules\.pnpm\@babel+parser@7.29.7\node_modules\@babel\parser\lib\index.js:11356:23)
      at TypeScriptParserMixin.parseExprAtom (C:\Users\shami\Desktop\Low-Grade-F\node_modules\.pnpm\@babel+parser@7.29.7\node_modules\@babel\parser\lib\index.js:4776:20)
      at TypeScriptParserMixin.parseExprSubscripts (C:\Users\shami\Desktop\Low-Grade-F\node_modules\.pnpm\@babel+parser@7.29.7\node_modules\@babel\parser\lib\index.js:11098:23)
      at TypeScriptParserMixin.parseUpdate (C:\Users\shami\Desktop\Low-Grade-F\node_modules\.pnpm\@babel+parser@7.29.7\node_modules\@babel\parser\lib\index.js:11083:21)
      at TypeScriptParserMixin.parseMaybeUnary (C:\Users\shami\Desktop\Low-Grade-F\node_modules\.pnpm\@babel+parser@7.29.7\node_modules\@babel\parser\lib\index.js:11063:23)
      at TypeScriptParserMixin.parseMaybeUnary (C:\Users\shami\Desktop\Low-Grade-F\node_modules\.pnpm\@babel+parser@7.29.7\node_modules\@babel\parser\lib\index.js:9854:18)
      at TypeScriptParserMixin.parseMaybeUnaryOrPrivate (C:\Users\shami\Desktop\Low-Grade-F\node_modules\.pnpm\@babel+parser@7.29.7\node_modules\@babel\parser\lib\index.js:10916:61)
      at TypeScriptParserMixin.parseExprOps (C:\Users\shami\Desktop\Low-Grade-F\node_modules\.pnpm\@babel+parser@7.29.7\node_modules\@babel\parser\lib\index.js:10921:23)
      at TypeScriptParserMixin.parseMaybeConditional (C:\Users\shami\Desktop\Low-Grade-F\node_modules\.pnpm\@babel+parser@7.29.7\node_modules\@babel\parser\lib\index.js:10898:23)
      at TypeScriptParserMixin.parseMaybeAssign (C:\Users\shami\Desktop\Low-Grade-F\node_modules\.pnpm\@babel+parser@7.29.7\node_modules\@babel\parser\lib\index.js:10848:21)
      at TypeScriptParserMixin.parseMaybeAssign (C:\Users\shami\Desktop\Low-Grade-F\node_modules\.pnpm\@babel+parser@7.29.7\node_modules\@babel\parser\lib\index.js:9803:20)
      at C:\Users\shami\Desktop\Low-Grade-F\node_modules\.pnpm\@babel+parser@7.29.7\node_modules\@babel\parser\lib\index.js:10817:39
      at TypeScriptParserMixin.allowInAnd (C:\Users\shami\Desktop\Low-Grade-F\node_modules\.pnpm\@babel+parser@7.29.7\node_modules\@babel\parser\lib\index.js:12443:12)
      at TypeScriptParserMixin.parseMaybeAssignAllowIn (C:\Users\shami\Desktop\Low-Grade-F\node_modules\.pnpm\@babel+parser@7.29.7\node_modules\@babel\parser\lib\index.js:10817:17)
      at TypeScriptParserMixin.parseMaybeAssignAllowInOrVoidPattern (C:\Users\shami\Desktop\Low-Grade-F\node_modules\.pnpm\@babel+parser@7.29.7\node_modules\@babel\parser\lib\index.js:12510:17)
      at TypeScriptParserMixin.parseExprListItem (C:\Users\shami\Desktop\Low-Grade-F\node_modules\.pnpm\@babel+parser@7.29.7\node_modules\@babel\parser\lib\index.js:12192:18)
      at TypeScriptParserMixin.parseExprList (C:\Users\shami\Desktop\Low-Grade-F\node_modules\.pnpm\@babel+parser@7.29.7\node_modules\@babel\parser\lib\index.js:12167:22)
      at TypeScriptParserMixin.parseArrayLike (C:\Users\shami\Desktop\Low-Grade-F\node_modules\.pnpm\@babel+parser@7.29.7\node_modules\@babel\parser\lib\index.js:12074:26)
      at TypeScriptParserMixin.parseArrayLike (C:\Users\shami\Desktop\Low-Grade-F\node_modules\.pnpm\@babel+parser@7.29.7\node_modules\@babel\parser\lib\index.js:9210:24)
      at TypeScriptParserMixin.parseExprAtom (C:\Users\shami\Desktop\Low-Grade-F\node_modules\.pnpm\@babel+parser@7.29.7\node_modules\@babel\parser\lib\index.js:11352:23)
      at TypeScriptParserMixin.parseExprAtom (C:\Users\shami\Desktop\Low-Grade-F\node_modules\.pnpm\@babel+parser@7.29.7\node_modules\@babel\parser\lib\index.js:4776:20)
      at TypeScriptParserMixin.parseExprSubscripts (C:\Users\shami\Desktop\Low-Grade-F\node_modules\.pnpm\@babel+parser@7.29.7\node_modules\@babel\parser\lib\index.js:11098:23)
      at TypeScriptParserMixin.parseUpdate (C:\Users\shami\Desktop\Low-Grade-F\node_modules\.pnpm\@babel+parser@7.29.7\node_modules\@babel\parser\lib\index.js:11083:21)
      at TypeScriptParserMixin.parseMaybeUnary (C:\Users\shami\Desktop\Low-Grade-F\node_modules\.pnpm\@babel+parser@7.29.7\node_modules\@babel\parser\lib\index.js:11063:23)
      at TypeScriptParserMixin.parseMaybeUnary (C:\Users\shami\Desktop\Low-Grade-F\node_modules\.pnpm\@babel+parser@7.29.7\node_modules\@babel\parser\lib\index.js:9854:18)
      at TypeScriptParserMixin.parseMaybeUnaryOrPrivate (C:\Users\shami\Desktop\Low-Grade-F\node_modules\.pnpm\@babel+parser@7.29.7\node_modules\@babel\parser\lib\index.js:10916:61)
      at TypeScriptParserMixin.parseExprOps (C:\Users\shami\Desktop\Low-Grade-F\node_modules\.pnpm\@babel+parser@7.29.7\node_modules\@babel\parser\lib\index.js:10921:23)
      at TypeScriptParserMixin.parseMaybeConditional (C:\Users\shami\Desktop\Low-Grade-F\node_modules\.pnpm\@babel+parser@7.29.7\node_modules\@babel\parser\lib\index.js:10898:23)
      at TypeScriptParserMixin.parseMaybeAssign (C:\Users\shami\Desktop\Low-Grade-F\node_modules\.pnpm\@babel+parser@7.29.7\node_modules\@babel\parser\lib\index.js:10848:21)
      at TypeScriptParserMixin.parseMaybeAssign (C:\Users\shami\Desktop\Low-Grade-F\node_modules\.pnpm\@babel+parser@7.29.7\node_modules\@babel\parser\lib\index.js:9803:20)
      at C:\Users\shami\Desktop\Low-Grade-F\node_modules\.pnpm\@babel+parser@7.29.7\node_modules\@babel\parser\lib\index.js:10817:39
      at TypeScriptParserMixin.allowInAnd (C:\Users\shami\Desktop\Low-Grade-F\node_modules\.pnpm\@babel+parser@7.29.7\node_modules\@babel\parser\lib\index.js:12438:16)
      at TypeScriptParserMixin.parseMaybeAssignAllowIn (C:\Users\shami\Desktop\Low-Grade-F\node_modules\.pnpm\@babel+parser@7.29.7\node_modules\@babel\parser\lib\index.js:10817:17)
      at TypeScriptParserMixin.parseVar (C:\Users\shami\Desktop\Low-Grade-F\node_modules\.pnpm\@babel+parser@7.29.7\node_modules\@babel\parser\lib\index.js:13401:91)
[2m4:59:46 PM[22m [31m[1m[vite][22m[39m [31mInternal server error: C:\Users\shami\Desktop\Low-Grade-F\artifacts\lgf-website\src\components\sections\About.tsx: Unterminated string constant. (9:85)

[0m [90m  7 |[31m   { text[33m:[31m [32m"BEING SEEN"[31m[33m,[31m       className[33m:[31m [32m"text-white"[31m[33m,[31m  marginTop[33m:[31m [32m"0"[31m[33m,[31m       align[33m:[31m[32m"center"[31m}[33m,[31m
 [90m  8 |[31m   { text[33m:[31m [32m"IS EASY."[31m[33m,[31m         className[33m:[31m [32m"text-white"[31m[33m,[31m  marginTop[33m:[31m [32m"0.08em"[31m[33m,[31m  align[33m:[31m [32m"center"[31m}[33m,[31m
[31m[1m>[22m[31m[90m  9 |[31m   { text[33m:[31m [32m"BEING REMEMBERED"[31m[33m,[31m className[33m:[31m [32m"text-chrome"[31m[33m,[31m marginTop[33m:[31m [32m"0.08em"[31m[33m,[31m  align[33m:[31m [32m"center[31m
 [90m    |[31m                                                                                      [31m[1m^[22m[31m
 [90m 10 |[31m   { text[33m:[31m [32m"IS NOT."[31m[33m,[31m          className[33m:[31m [32m"text-chrome"[31m[33m,[31m marginTop[33m:[31m [32m"0.08em"[31m[33m,[31m  align[33m:[31m [32m"center"[31m}[33m,[31m
 [90m 11 |[31m ][33m;[31m
 [90m 12 |[31m[0m[39m
  Plugin: [35mvite:react-babel[39m
  File: [36mC:/Users/shami/Desktop/Low-Grade-F/artifacts/lgf-website/src/components/sections/About.tsx[39m:9:85
[33m  7  |    { text: "BEING SEEN",       className: "text-white",  marginTop: "0",       align:"center"},
  8  |    { text: "IS EASY.",         className: "text-white",  marginTop: "0.08em",  align: "center"},
  9  |    { text: "BEING REMEMBERED", className: "text-chrome", marginTop: "0.08em",  align: "center
     |                                                                                       ^
  10 |    { text: "IS NOT.",          className: "text-chrome", marginTop: "0.08em",  align: "center"},
  11 |  ];[39m
      at constructor (C:\Users\shami\Desktop\Low-Grade-F\node_modules\.pnpm\@babel+parser@7.29.7\node_modules\@babel\parser\lib\index.js:365:19)
      at TypeScriptParserMixin.raise (C:\Users\shami\Desktop\Low-Grade-F\node_modules\.pnpm\@babel+parser@7.29.7\node_modules\@babel\parser\lib\index.js:6616:19)
      at Object.unterminated (C:\Users\shami\Desktop\Low-Grade-F\node_modules\.pnpm\@babel+parser@7.29.7\node_modules\@babel\parser\lib\index.js:5681:20)
      at readStringContents (C:\Users\shami\Desktop\Low-Grade-F\node_modules\.pnpm\@babel+parser@7.29.7\node_modules\@babel\parser\lib\index.js:5423:16)
      at TypeScriptParserMixin.readString (C:\Users\shami\Desktop\Low-Grade-F\node_modules\.pnpm\@babel+parser@7.29.7\node_modules\@babel\parser\lib\index.js:6515:9)
      at TypeScriptParserMixin.getTokenFromCode (C:\Users\shami\Desktop\Low-Grade-F\node_modules\.pnpm\@babel+parser@7.29.7\node_modules\@babel\parser\lib\index.js:6275:14)
      at TypeScriptParserMixin.getTokenFromCode (C:\Users\shami\Desktop\Low-Grade-F\node_modules\.pnpm\@babel+parser@7.29.7\node_modules\@babel\parser\lib\index.js:4809:11)
      at TypeScriptParserMixin.getTokenFromCode (C:\Users\shami\Desktop\Low-Grade-F\node_modules\.pnpm\@babel+parser@7.29.7\node_modules\@babel\parser\lib\index.js:10004:11)
      at TypeScriptParserMixin.nextToken (C:\Users\shami\Desktop\Low-Grade-F\node_modules\.pnpm\@babel+parser@7.29.7\node_modules\@babel\parser\lib\index.js:5799:10)
      at TypeScriptParserMixin.next (C:\Users\shami\Desktop\Low-Grade-F\node_modules\.pnpm\@babel+parser@7.29.7\node_modules\@babel\parser\lib\index.js:5709:10)
      at TypeScriptParserMixin.eat (C:\Users\shami\Desktop\Low-Grade-F\node_modules\.pnpm\@babel+parser@7.29.7\node_modules\@babel\parser\lib\index.js:5713:12)
      at TypeScriptParserMixin.parseObjectProperty (C:\Users\shami\Desktop\Low-Grade-F\node_modules\.pnpm\@babel+parser@7.29.7\node_modules\@babel\parser\lib\index.js:11966:14)
      at TypeScriptParserMixin.parseObjPropValue (C:\Users\shami\Desktop\Low-Grade-F\node_modules\.pnpm\@babel+parser@7.29.7\node_modules\@babel\parser\lib\index.js:11995:100)
      at TypeScriptParserMixin.parseObjPropValue (C:\Users\shami\Desktop\Low-Grade-F\node_modules\.pnpm\@babel+parser@7.29.7\node_modules\@babel\parser\lib\index.js:9761:18)
      at TypeScriptParserMixin.parsePropertyDefinition (C:\Users\shami\Desktop\Low-Grade-F\node_modules\.pnpm\@babel+parser@7.29.7\node_modules\@babel\parser\lib\index.js:11932:17)
      at TypeScriptParserMixin.parseObjectLike (C:\Users\shami\Desktop\Low-Grade-F\node_modules\.pnpm\@babel+parser@7.29.7\node_modules\@babel\parser\lib\index.js:11849:21)
      at TypeScriptParserMixin.parseExprAtom (C:\Users\shami\Desktop\Low-Grade-F\node_modules\.pnpm\@babel+parser@7.29.7\node_modules\@babel\parser\lib\index.js:11356:23)
      at TypeScriptParserMixin.parseExprAtom (C:\Users\shami\Desktop\Low-Grade-F\node_modules\.pnpm\@babel+parser@7.29.7\node_modules\@babel\parser\lib\index.js:4776:20)
      at TypeScriptParserMixin.parseExprSubscripts (C:\Users\shami\Desktop\Low-Grade-F\node_modules\.pnpm\@babel+parser@7.29.7\node_modules\@babel\parser\lib\index.js:11098:23)
      at TypeScriptParserMixin.parseUpdate (C:\Users\shami\Desktop\Low-Grade-F\node_modules\.pnpm\@babel+parser@7.29.7\node_modules\@babel\parser\lib\index.js:11083:21)
      at TypeScriptParserMixin.parseMaybeUnary (C:\Users\shami\Desktop\Low-Grade-F\node_modules\.pnpm\@babel+parser@7.29.7\node_modules\@babel\parser\lib\index.js:11063:23)
      at TypeScriptParserMixin.parseMaybeUnary (C:\Users\shami\Desktop\Low-Grade-F\node_modules\.pnpm\@babel+parser@7.29.7\node_modules\@babel\parser\lib\index.js:9854:18)
      at TypeScriptParserMixin.parseMaybeUnaryOrPrivate (C:\Users\shami\Desktop\Low-Grade-F\node_modules\.pnpm\@babel+parser@7.29.7\node_modules\@babel\parser\lib\index.js:10916:61)
      at TypeScriptParserMixin.parseExprOps (C:\Users\shami\Desktop\Low-Grade-F\node_modules\.pnpm\@babel+parser@7.29.7\node_modules\@babel\parser\lib\index.js:10921:23)
      at TypeScriptParserMixin.parseMaybeConditional (C:\Users\shami\Desktop\Low-Grade-F\node_modules\.pnpm\@babel+parser@7.29.7\node_modules\@babel\parser\lib\index.js:10898:23)
      at TypeScriptParserMixin.parseMaybeAssign (C:\Users\shami\Desktop\Low-Grade-F\node_modules\.pnpm\@babel+parser@7.29.7\node_modules\@babel\parser\lib\index.js:10848:21)
      at TypeScriptParserMixin.parseMaybeAssign (C:\Users\shami\Desktop\Low-Grade-F\node_modules\.pnpm\@babel+parser@7.29.7\node_modules\@babel\parser\lib\index.js:9803:20)
      at C:\Users\shami\Desktop\Low-Grade-F\node_modules\.pnpm\@babel+parser@7.29.7\node_modules\@babel\parser\lib\index.js:10817:39
      at TypeScriptParserMixin.allowInAnd (C:\Users\shami\Desktop\Low-Grade-F\node_modules\.pnpm\@babel+parser@7.29.7\node_modules\@babel\parser\lib\index.js:12443:12)
      at TypeScriptParserMixin.parseMaybeAssignAllowIn (C:\Users\shami\Desktop\Low-Grade-F\node_modules\.pnpm\@babel+parser@7.29.7\node_modules\@babel\parser\lib\index.js:10817:17)
      at TypeScriptParserMixin.parseMaybeAssignAllowInOrVoidPattern (C:\Users\shami\Desktop\Low-Grade-F\node_modules\.pnpm\@babel+parser@7.29.7\node_modules\@babel\parser\lib\index.js:12510:17)
      at TypeScriptParserMixin.parseExprListItem (C:\Users\shami\Desktop\Low-Grade-F\node_modules\.pnpm\@babel+parser@7.29.7\node_modules\@babel\parser\lib\index.js:12192:18)
      at TypeScriptParserMixin.parseExprList (C:\Users\shami\Desktop\Low-Grade-F\node_modules\.pnpm\@babel+parser@7.29.7\node_modules\@babel\parser\lib\index.js:12167:22)
      at TypeScriptParserMixin.parseArrayLike (C:\Users\shami\Desktop\Low-Grade-F\node_modules\.pnpm\@babel+parser@7.29.7\node_modules\@babel\parser\lib\index.js:12074:26)
      at TypeScriptParserMixin.parseArrayLike (C:\Users\shami\Desktop\Low-Grade-F\node_modules\.pnpm\@babel+parser@7.29.7\node_modules\@babel\parser\lib\index.js:9210:24)
      at TypeScriptParserMixin.parseExprAtom (C:\Users\shami\Desktop\Low-Grade-F\node_modules\.pnpm\@babel+parser@7.29.7\node_modules\@babel\parser\lib\index.js:11352:23)
      at TypeScriptParserMixin.parseExprAtom (C:\Users\shami\Desktop\Low-Grade-F\node_modules\.pnpm\@babel+parser@7.29.7\node_modules\@babel\parser\lib\index.js:4776:20)
      at TypeScriptParserMixin.parseExprSubscripts (C:\Users\shami\Desktop\Low-Grade-F\node_modules\.pnpm\@babel+parser@7.29.7\node_modules\@babel\parser\lib\index.js:11098:23)
      at TypeScriptParserMixin.parseUpdate (C:\Users\shami\Desktop\Low-Grade-F\node_modules\.pnpm\@babel+parser@7.29.7\node_modules\@babel\parser\lib\index.js:11083:21)
      at TypeScriptParserMixin.parseMaybeUnary (C:\Users\shami\Desktop\Low-Grade-F\node_modules\.pnpm\@babel+parser@7.29.7\node_modules\@babel\parser\lib\index.js:11063:23)
      at TypeScriptParserMixin.parseMaybeUnary (C:\Users\shami\Desktop\Low-Grade-F\node_modules\.pnpm\@babel+parser@7.29.7\node_modules\@babel\parser\lib\index.js:9854:18)
      at TypeScriptParserMixin.parseMaybeUnaryOrPrivate (C:\Users\shami\Desktop\Low-Grade-F\node_modules\.pnpm\@babel+parser@7.29.7\node_modules\@babel\parser\lib\index.js:10916:61)
      at TypeScriptParserMixin.parseExprOps (C:\Users\shami\Desktop\Low-Grade-F\node_modules\.pnpm\@babel+parser@7.29.7\node_modules\@babel\parser\lib\index.js:10921:23)
      at TypeScriptParserMixin.parseMaybeConditional (C:\Users\shami\Desktop\Low-Grade-F\node_modules\.pnpm\@babel+parser@7.29.7\node_modules\@babel\parser\lib\index.js:10898:23)
      at TypeScriptParserMixin.parseMaybeAssign (C:\Users\shami\Desktop\Low-Grade-F\node_modules\.pnpm\@babel+parser@7.29.7\node_modules\@babel\parser\lib\index.js:10848:21)
      at TypeScriptParserMixin.parseMaybeAssign (C:\Users\shami\Desktop\Low-Grade-F\node_modules\.pnpm\@babel+parser@7.29.7\node_modules\@babel\parser\lib\index.js:9803:20)
      at C:\Users\shami\Desktop\Low-Grade-F\node_modules\.pnpm\@babel+parser@7.29.7\node_modules\@babel\parser\lib\index.js:10817:39
      at TypeScriptParserMixin.allowInAnd (C:\Users\shami\Desktop\Low-Grade-F\node_modules\.pnpm\@babel+parser@7.29.7\node_modules\@babel\parser\lib\index.js:12438:16)
      at TypeScriptParserMixin.parseMaybeAssignAllowIn (C:\Users\shami\Desktop\Low-Grade-F\node_modules\.pnpm\@babel+parser@7.29.7\node_modules\@babel\parser\lib\index.js:10817:17)
      at TypeScriptParserMixin.parseVar (C:\Users\shami\Desktop\Low-Grade-F\node_modules\.pnpm\@babel+parser@7.29.7\node_modules\@babel\parser\lib\index.js:13401:91)
[2m4:59:48 PM[22m [31m[1m[vite][22m[39m [31mInternal server error: C:\Users\shami\Desktop\Low-Grade-F\artifacts\lgf-website\src\components\sections\About.tsx: Unexpected token, expected "," (10:2)

[0m [90m  8 |[31m   { text[33m:[31m [32m"IS EASY."[31m[33m,[31m         className[33m:[31m [32m"text-white"[31m[33m,[31m  marginTop[33m:[31m [32m"0.08em"[31m[33m,[31m  align[33m:[31m [32m"center"[31m}[33m,[31m
 [90m  9 |[31m   { text[33m:[31m [32m"BEING REMEMBERED"[31m[33m,[31m className[33m:[31m [32m"text-chrome"[31m[33m,[31m marginTop[33m:[31m [32m"0.08em"[31m[33m,[31m  align[33m:[31m [32m"center"[31m}
[31m[1m>[22m[31m[90m 10 |[31m   { text[33m:[31m [32m"IS NOT."[31m[33m,[31m          className[33m:[31m [32m"text-chrome"[31m[33m,[31m marginTop[33m:[31m [32m"0.08em"[31m[33m,[31m  align[33m:[31m [32m"center"[31m}[33m,[31m
 [90m    |[31m   [31m[1m^[22m[31m
 [90m 11 |[31m ][33m;[31m
 [90m 12 |[31m
 [90m 13 |[31m [36mexport[31m [36mdefault[31m [36mfunction[31m [33mAbout[31m() {[0m[39m
  Plugin: [35mvite:react-babel[39m
  File: [36mC:/Users/shami/Desktop/Low-Grade-F/artifacts/lgf-website/src/components/sections/About.tsx[39m:10:2
[33m  8  |    { text: "IS EASY.",         className: "text-white",  marginTop: "0.08em",  align: "center"},
  9  |    { text: "BEING REMEMBERED", className: "text-chrome", marginTop: "0.08em",  align: "center"}
  10 |    { text: "IS NOT.",          className: "text-chrome", marginTop: "0.08em",  align: "center"},
     |    ^
  11 |  ];
  12 |  [39m
      at constructor (C:\Users\shami\Desktop\Low-Grade-F\node_modules\.pnpm\@babel+parser@7.29.7\node_modules\@babel\parser\lib\index.js:365:19)
      at TypeScriptParserMixin.raise (C:\Users\shami\Desktop\Low-Grade-F\node_modules\.pnpm\@babel+parser@7.29.7\node_modules\@babel\parser\lib\index.js:6616:19)
      at TypeScriptParserMixin.unexpected (C:\Users\shami\Desktop\Low-Grade-F\node_modules\.pnpm\@babel+parser@7.29.7\node_modules\@babel\parser\lib\index.js:6636:16)
      at TypeScriptParserMixin.expect (C:\Users\shami\Desktop\Low-Grade-F\node_modules\.pnpm\@babel+parser@7.29.7\node_modules\@babel\parser\lib\index.js:6916:12)
      at TypeScriptParserMixin.parseExprList (C:\Users\shami\Desktop\Low-Grade-F\node_modules\.pnpm\@babel+parser@7.29.7\node_modules\@babel\parser\lib\index.js:12158:14)
      at TypeScriptParserMixin.parseArrayLike (C:\Users\shami\Desktop\Low-Grade-F\node_modules\.pnpm\@babel+parser@7.29.7\node_modules\@babel\parser\lib\index.js:12074:26)
      at TypeScriptParserMixin.parseArrayLike (C:\Users\shami\Desktop\Low-Grade-F\node_modules\.pnpm\@babel+parser@7.29.7\node_modules\@babel\parser\lib\index.js:9210:24)
      at TypeScriptParserMixin.parseExprAtom (C:\Users\shami\Desktop\Low-Grade-F\node_modules\.pnpm\@babel+parser@7.29.7\node_modules\@babel\parser\lib\index.js:11352:23)
      at TypeScriptParserMixin.parseExprAtom (C:\Users\shami\Desktop\Low-Grade-F\node_modules\.pnpm\@babel+parser@7.29.7\node_modules\@babel\parser\lib\index.js:4776:20)
      at TypeScriptParserMixin.parseExprSubscripts (C:\Users\shami\Desktop\Low-Grade-F\node_modules\.pnpm\@babel+parser@7.29.7\node_modules\@babel\parser\lib\index.js:11098:23)
      at TypeScriptParserMixin.parseUpdate (C:\Users\shami\Desktop\Low-Grade-F\node_modules\.pnpm\@babel+parser@7.29.7\node_modules\@babel\parser\lib\index.js:11083:21)
      at TypeScriptParserMixin.parseMaybeUnary (C:\Users\shami\Desktop\Low-Grade-F\node_modules\.pnpm\@babel+parser@7.29.7\node_modules\@babel\parser\lib\index.js:11063:23)
      at TypeScriptParserMixin.parseMaybeUnary (C:\Users\shami\Desktop\Low-Grade-F\node_modules\.pnpm\@babel+parser@7.29.7\node_modules\@babel\parser\lib\index.js:9854:18)
      at TypeScriptParserMixin.parseMaybeUnaryOrPrivate (C:\Users\shami\Desktop\Low-Grade-F\node_modules\.pnpm\@babel+parser@7.29.7\node_modules\@babel\parser\lib\index.js:10916:61)
      at TypeScriptParserMixin.parseExprOps (C:\Users\shami\Desktop\Low-Grade-F\node_modules\.pnpm\@babel+parser@7.29.7\node_modules\@babel\parser\lib\index.js:10921:23)
      at TypeScriptParserMixin.parseMaybeConditional (C:\Users\shami\Desktop\Low-Grade-F\node_modules\.pnpm\@babel+parser@7.29.7\node_modules\@babel\parser\lib\index.js:10898:23)
      at TypeScriptParserMixin.parseMaybeAssign (C:\Users\shami\Desktop\Low-Grade-F\node_modules\.pnpm\@babel+parser@7.29.7\node_modules\@babel\parser\lib\index.js:10848:21)
      at TypeScriptParserMixin.parseMaybeAssign (C:\Users\shami\Desktop\Low-Grade-F\node_modules\.pnpm\@babel+parser@7.29.7\node_modules\@babel\parser\lib\index.js:9803:20)
      at C:\Users\shami\Desktop\Low-Grade-F\node_modules\.pnpm\@babel+parser@7.29.7\node_modules\@babel\parser\lib\index.js:10817:39
      at TypeScriptParserMixin.allowInAnd (C:\Users\shami\Desktop\Low-Grade-F\node_modules\.pnpm\@babel+parser@7.29.7\node_modules\@babel\parser\lib\index.js:12438:16)
      at TypeScriptParserMixin.parseMaybeAssignAllowIn (C:\Users\shami\Desktop\Low-Grade-F\node_modules\.pnpm\@babel+parser@7.29.7\node_modules\@babel\parser\lib\index.js:10817:17)
      at TypeScriptParserMixin.parseVar (C:\Users\shami\Desktop\Low-Grade-F\node_modules\.pnpm\@babel+parser@7.29.7\node_modules\@babel\parser\lib\index.js:13401:91)
      at TypeScriptParserMixin.parseVarStatement (C:\Users\shami\Desktop\Low-Grade-F\node_modules\.pnpm\@babel+parser@7.29.7\node_modules\@babel\parser\lib\index.js:13247:10)
      at TypeScriptParserMixin.parseVarStatement (C:\Users\shami\Desktop\Low-Grade-F\node_modules\.pnpm\@babel+parser@7.29.7\node_modules\@babel\parser\lib\index.js:9425:31)
      at TypeScriptParserMixin.parseStatementContent (C:\Users\shami\Desktop\Low-Grade-F\node_modules\.pnpm\@babel+parser@7.29.7\node_modules\@babel\parser\lib\index.js:12868:23)
      at TypeScriptParserMixin.parseStatementContent (C:\Users\shami\Desktop\Low-Grade-F\node_modules\.pnpm\@babel+parser@7.29.7\node_modules\@babel\parser\lib\index.js:9525:18)
      at TypeScriptParserMixin.parseStatementLike (C:\Users\shami\Desktop\Low-Grade-F\node_modules\.pnpm\@babel+parser@7.29.7\node_modules\@babel\parser\lib\index.js:12784:17)
      at TypeScriptParserMixin.parseModuleItem (C:\Users\shami\Desktop\Low-Grade-F\node_modules\.pnpm\@babel+parser@7.29.7\node_modules\@babel\parser\lib\index.js:12761:17)
      at TypeScriptParserMixin.parseBlockOrModuleBlockBody (C:\Users\shami\Desktop\Low-Grade-F\node_modules\.pnpm\@babel+parser@7.29.7\node_modules\@babel\parser\lib\index.js:13333:36)
      at TypeScriptParserMixin.parseBlockBody (C:\Users\shami\Desktop\Low-Grade-F\node_modules\.pnpm\@babel+parser@7.29.7\node_modules\@babel\parser\lib\index.js:13326:10)
      at TypeScriptParserMixin.parseProgram (C:\Users\shami\Desktop\Low-Grade-F\node_modules\.pnpm\@babel+parser@7.29.7\node_modules\@babel\parser\lib\index.js:12639:10)
      at TypeScriptParserMixin.parseTopLevel (C:\Users\shami\Desktop\Low-Grade-F\node_modules\.pnpm\@babel+parser@7.29.7\node_modules\@babel\parser\lib\index.js:12629:25)
      at TypeScriptParserMixin.parse (C:\Users\shami\Desktop\Low-Grade-F\node_modules\.pnpm\@babel+parser@7.29.7\node_modules\@babel\parser\lib\index.js:14505:25)
      at TypeScriptParserMixin.parse (C:\Users\shami\Desktop\Low-Grade-F\node_modules\.pnpm\@babel+parser@7.29.7\node_modules\@babel\parser\lib\index.js:10143:18)
      at parse (C:\Users\shami\Desktop\Low-Grade-F\node_modules\.pnpm\@babel+parser@7.29.7\node_modules\@babel\parser\lib\index.js:14539:38)
      at parser (C:\Users\shami\Desktop\Low-Grade-F\node_modules\.pnpm\@babel+core@7.29.7\node_modules\@babel\core\lib\parser\index.js:41:34)
      at parser.next (<anonymous>)
      at normalizeFile (C:\Users\shami\Desktop\Low-Grade-F\node_modules\.pnpm\@babel+core@7.29.7\node_modules\@babel\core\lib\transformation\normalize-file.js:51:37)
      at normalizeFile.next (<anonymous>)
      at run (C:\Users\shami\Desktop\Low-Grade-F\node_modules\.pnpm\@babel+core@7.29.7\node_modules\@babel\core\lib\transformation\index.js:22:50)
      at run.next (<anonymous>)
      at transform (C:\Users\shami\Desktop\Low-Grade-F\node_modules\.pnpm\@babel+core@7.29.7\node_modules\@babel\core\lib\transform.js:22:33)
      at transform.next (<anonymous>)
      at step (C:\Users\shami\Desktop\Low-Grade-F\node_modules\.pnpm\gensync@1.0.0-beta.2\node_modules\gensync\index.js:261:32)
      at C:\Users\shami\Desktop\Low-Grade-F\node_modules\.pnpm\gensync@1.0.0-beta.2\node_modules\gensync\index.js:273:13
      at async.call.result.err.err (C:\Users\shami\Desktop\Low-Grade-F\node_modules\.pnpm\gensync@1.0.0-beta.2\node_modules\gensync\index.js:223:11)
      at C:\Users\shami\Desktop\Low-Grade-F\node_modules\.pnpm\gensync@1.0.0-beta.2\node_modules\gensync\index.js:189:28
      at C:\Users\shami\Desktop\Low-Grade-F\node_modules\.pnpm\@babel+core@7.29.7\node_modules\@babel\core\lib\gensync-utils\async.js:67:7
      at C:\Users\shami\Desktop\Low-Grade-F\node_modules\.pnpm\gensync@1.0.0-beta.2\node_modules\gensync\index.js:113:33
      at step (C:\Users\shami\Desktop\Low-Grade-F\node_modules\.pnpm\gensync@1.0.0-beta.2\node_modules\gensync\index.js:287:14)
[2m5:00:21 PM[22m [31m[1m[vite][22m[39m [31mInternal server error: C:\Users\shami\Desktop\Low-Grade-F\artifacts\lgf-website\src\components\sections\About.tsx: Unterminated string constant. (7:84)

[0m [90m  5 |[31m
 [90m  6 |[31m [36mconst[31m [33mTITLE_LINES[31m [33m=[31m [
[31m[1m>[22m[31m[90m  7 |[31m   { text[33m:[31m [32m"BEING SEEN"[31m[33m,[31m       className[33m:[31m [32m"text-white"[31m[33m,[31m  marginTop[33m:[31m [32m"0"[31m[33m,[31m       align[33m:[31m[32m"left[31m
 [90m    |[31m                                                                                     [31m[1m^[22m[31m
 [90m  8 |[31m   { text[33m:[31m [32m"IS EASY."[31m[33m,[31m         className[33m:[31m [32m"text-white"[31m[33m,[31m  marginTop[33m:[31m [32m"0.08em"[31m[33m,[31m  align[33m:[31m [32m"center"[31m}[33m,[31m
 [90m  9 |[31m   { text[33m:[31m [32m"BEING REMEMBERED"[31m[33m,[31m className[33m:[31m [32m"text-chrome"[31m[33m,[31m marginTop[33m:[31m [32m"0.08em"[31m[33m,[31m  align[33m:[31m [32m"center"[31m}[33m,[31m
 [90m 10 |[31m   { text[33m:[31m [32m"IS NOT."[31m[33m,[31m          className[33m:[31m [32m"text-chrome"[31m[33m,[31m marginTop[33m:[31m [32m"0.08em"[31m[33m,[31m  align[33m:[31m [32m"center"[31m}[33m,[31m[0m[39m
  Plugin: [35mvite:react-babel[39m
  File: [36mC:/Users/shami/Desktop/Low-Grade-F/artifacts/lgf-website/src/components/sections/About.tsx[39m:7:84
[33m  5  |  
  6  |  const TITLE_LINES = [
  7  |    { text: "BEING SEEN",       className: "text-white",  marginTop: "0",       align:"left
     |                                                                                      ^
  8  |    { text: "IS EASY.",         className: "text-white",  marginTop: "0.08em",  align: "center"},
  9  |    { text: "BEING REMEMBERED", className: "text-chrome", marginTop: "0.08em",  align: "center"},[39m
      at constructor (C:\Users\shami\Desktop\Low-Grade-F\node_modules\.pnpm\@babel+parser@7.29.7\node_modules\@babel\parser\lib\index.js:365:19)
      at TypeScriptParserMixin.raise (C:\Users\shami\Desktop\Low-Grade-F\node_modules\.pnpm\@babel+parser@7.29.7\node_modules\@babel\parser\lib\index.js:6616:19)
      at Object.unterminated (C:\Users\shami\Desktop\Low-Grade-F\node_modules\.pnpm\@babel+parser@7.29.7\node_modules\@babel\parser\lib\index.js:5681:20)
      at readStringContents (C:\Users\shami\Desktop\Low-Grade-F\node_modules\.pnpm\@babel+parser@7.29.7\node_modules\@babel\parser\lib\index.js:5423:16)
      at TypeScriptParserMixin.readString (C:\Users\shami\Desktop\Low-Grade-F\node_modules\.pnpm\@babel+parser@7.29.7\node_modules\@babel\parser\lib\index.js:6515:9)
      at TypeScriptParserMixin.getTokenFromCode (C:\Users\shami\Desktop\Low-Grade-F\node_modules\.pnpm\@babel+parser@7.29.7\node_modules\@babel\parser\lib\index.js:6275:14)
      at TypeScriptParserMixin.getTokenFromCode (C:\Users\shami\Desktop\Low-Grade-F\node_modules\.pnpm\@babel+parser@7.29.7\node_modules\@babel\parser\lib\index.js:4809:11)
      at TypeScriptParserMixin.getTokenFromCode (C:\Users\shami\Desktop\Low-Grade-F\node_modules\.pnpm\@babel+parser@7.29.7\node_modules\@babel\parser\lib\index.js:10004:11)
      at TypeScriptParserMixin.nextToken (C:\Users\shami\Desktop\Low-Grade-F\node_modules\.pnpm\@babel+parser@7.29.7\node_modules\@babel\parser\lib\index.js:5799:10)
      at TypeScriptParserMixin.next (C:\Users\shami\Desktop\Low-Grade-F\node_modules\.pnpm\@babel+parser@7.29.7\node_modules\@babel\parser\lib\index.js:5709:10)
      at TypeScriptParserMixin.eat (C:\Users\shami\Desktop\Low-Grade-F\node_modules\.pnpm\@babel+parser@7.29.7\node_modules\@babel\parser\lib\index.js:5713:12)
      at TypeScriptParserMixin.parseObjectProperty (C:\Users\shami\Desktop\Low-Grade-F\node_modules\.pnpm\@babel+parser@7.29.7\node_modules\@babel\parser\lib\index.js:11966:14)
      at TypeScriptParserMixin.parseObjPropValue (C:\Users\shami\Desktop\Low-Grade-F\node_modules\.pnpm\@babel+parser@7.29.7\node_modules\@babel\parser\lib\index.js:11995:100)
      at TypeScriptParserMixin.parseObjPropValue (C:\Users\shami\Desktop\Low-Grade-F\node_modules\.pnpm\@babel+parser@7.29.7\node_modules\@babel\parser\lib\index.js:9761:18)
      at TypeScriptParserMixin.parsePropertyDefinition (C:\Users\shami\Desktop\Low-Grade-F\node_modules\.pnpm\@babel+parser@7.29.7\node_modules\@babel\parser\lib\index.js:11932:17)
      at TypeScriptParserMixin.parseObjectLike (C:\Users\shami\Desktop\Low-Grade-F\node_modules\.pnpm\@babel+parser@7.29.7\node_modules\@babel\parser\lib\index.js:11849:21)
      at TypeScriptParserMixin.parseExprAtom (C:\Users\shami\Desktop\Low-Grade-F\node_modules\.pnpm\@babel+parser@7.29.7\node_modules\@babel\parser\lib\index.js:11356:23)
      at TypeScriptParserMixin.parseExprAtom (C:\Users\shami\Desktop\Low-Grade-F\node_modules\.pnpm\@babel+parser@7.29.7\node_modules\@babel\parser\lib\index.js:4776:20)
      at TypeScriptParserMixin.parseExprSubscripts (C:\Users\shami\Desktop\Low-Grade-F\node_modules\.pnpm\@babel+parser@7.29.7\node_modules\@babel\parser\lib\index.js:11098:23)
      at TypeScriptParserMixin.parseUpdate (C:\Users\shami\Desktop\Low-Grade-F\node_modules\.pnpm\@babel+parser@7.29.7\node_modules\@babel\parser\lib\index.js:11083:21)
      at TypeScriptParserMixin.parseMaybeUnary (C:\Users\shami\Desktop\Low-Grade-F\node_modules\.pnpm\@babel+parser@7.29.7\node_modules\@babel\parser\lib\index.js:11063:23)
      at TypeScriptParserMixin.parseMaybeUnary (C:\Users\shami\Desktop\Low-Grade-F\node_modules\.pnpm\@babel+parser@7.29.7\node_modules\@babel\parser\lib\index.js:9854:18)
      at TypeScriptParserMixin.parseMaybeUnaryOrPrivate (C:\Users\shami\Desktop\Low-Grade-F\node_modules\.pnpm\@babel+parser@7.29.7\node_modules\@babel\parser\lib\index.js:10916:61)
      at TypeScriptParserMixin.parseExprOps (C:\Users\shami\Desktop\Low-Grade-F\node_modules\.pnpm\@babel+parser@7.29.7\node_modules\@babel\parser\lib\index.js:10921:23)
      at TypeScriptParserMixin.parseMaybeConditional (C:\Users\shami\Desktop\Low-Grade-F\node_modules\.pnpm\@babel+parser@7.29.7\node_modules\@babel\parser\lib\index.js:10898:23)
      at TypeScriptParserMixin.parseMaybeAssign (C:\Users\shami\Desktop\Low-Grade-F\node_modules\.pnpm\@babel+parser@7.29.7\node_modules\@babel\parser\lib\index.js:10848:21)
      at TypeScriptParserMixin.parseMaybeAssign (C:\Users\shami\Desktop\Low-Grade-F\node_modules\.pnpm\@babel+parser@7.29.7\node_modules\@babel\parser\lib\index.js:9803:20)
      at C:\Users\shami\Desktop\Low-Grade-F\node_modules\.pnpm\@babel+parser@7.29.7\node_modules\@babel\parser\lib\index.js:10817:39
      at TypeScriptParserMixin.allowInAnd (C:\Users\shami\Desktop\Low-Grade-F\node_modules\.pnpm\@babel+parser@7.29.7\node_modules\@babel\parser\lib\index.js:12443:12)
      at TypeScriptParserMixin.parseMaybeAssignAllowIn (C:\Users\shami\Desktop\Low-Grade-F\node_modules\.pnpm\@babel+parser@7.29.7\node_modules\@babel\parser\lib\index.js:10817:17)
      at TypeScriptParserMixin.parseMaybeAssignAllowInOrVoidPattern (C:\Users\shami\Desktop\Low-Grade-F\node_modules\.pnpm\@babel+parser@7.29.7\node_modules\@babel\parser\lib\index.js:12510:17)
      at TypeScriptParserMixin.parseExprListItem (C:\Users\shami\Desktop\Low-Grade-F\node_modules\.pnpm\@babel+parser@7.29.7\node_modules\@babel\parser\lib\index.js:12192:18)
      at TypeScriptParserMixin.parseExprList (C:\Users\shami\Desktop\Low-Grade-F\node_modules\.pnpm\@babel+parser@7.29.7\node_modules\@babel\parser\lib\index.js:12167:22)
      at TypeScriptParserMixin.parseArrayLike (C:\Users\shami\Desktop\Low-Grade-F\node_modules\.pnpm\@babel+parser@7.29.7\node_modules\@babel\parser\lib\index.js:12074:26)
      at TypeScriptParserMixin.parseArrayLike (C:\Users\shami\Desktop\Low-Grade-F\node_modules\.pnpm\@babel+parser@7.29.7\node_modules\@babel\parser\lib\index.js:9210:24)
      at TypeScriptParserMixin.parseExprAtom (C:\Users\shami\Desktop\Low-Grade-F\node_modules\.pnpm\@babel+parser@7.29.7\node_modules\@babel\parser\lib\index.js:11352:23)
      at TypeScriptParserMixin.parseExprAtom (C:\Users\shami\Desktop\Low-Grade-F\node_modules\.pnpm\@babel+parser@7.29.7\node_modules\@babel\parser\lib\index.js:4776:20)
      at TypeScriptParserMixin.parseExprSubscripts (C:\Users\shami\Desktop\Low-Grade-F\node_modules\.pnpm\@babel+parser@7.29.7\node_modules\@babel\parser\lib\index.js:11098:23)
      at TypeScriptParserMixin.parseUpdate (C:\Users\shami\Desktop\Low-Grade-F\node_modules\.pnpm\@babel+parser@7.29.7\node_modules\@babel\parser\lib\index.js:11083:21)
      at TypeScriptParserMixin.parseMaybeUnary (C:\Users\shami\Desktop\Low-Grade-F\node_modules\.pnpm\@babel+parser@7.29.7\node_modules\@babel\parser\lib\index.js:11063:23)
      at TypeScriptParserMixin.parseMaybeUnary (C:\Users\shami\Desktop\Low-Grade-F\node_modules\.pnpm\@babel+parser@7.29.7\node_modules\@babel\parser\lib\index.js:9854:18)
      at TypeScriptParserMixin.parseMaybeUnaryOrPrivate (C:\Users\shami\Desktop\Low-Grade-F\node_modules\.pnpm\@babel+parser@7.29.7\node_modules\@babel\parser\lib\index.js:10916:61)
      at TypeScriptParserMixin.parseExprOps (C:\Users\shami\Desktop\Low-Grade-F\node_modules\.pnpm\@babel+parser@7.29.7\node_modules\@babel\parser\lib\index.js:10921:23)
      at TypeScriptParserMixin.parseMaybeConditional (C:\Users\shami\Desktop\Low-Grade-F\node_modules\.pnpm\@babel+parser@7.29.7\node_modules\@babel\parser\lib\index.js:10898:23)
      at TypeScriptParserMixin.parseMaybeAssign (C:\Users\shami\Desktop\Low-Grade-F\node_modules\.pnpm\@babel+parser@7.29.7\node_modules\@babel\parser\lib\index.js:10848:21)
      at TypeScriptParserMixin.parseMaybeAssign (C:\Users\shami\Desktop\Low-Grade-F\node_modules\.pnpm\@babel+parser@7.29.7\node_modules\@babel\parser\lib\index.js:9803:20)
      at C:\Users\shami\Desktop\Low-Grade-F\node_modules\.pnpm\@babel+parser@7.29.7\node_modules\@babel\parser\lib\index.js:10817:39
      at TypeScriptParserMixin.allowInAnd (C:\Users\shami\Desktop\Low-Grade-F\node_modules\.pnpm\@babel+parser@7.29.7\node_modules\@babel\parser\lib\index.js:12438:16)
      at TypeScriptParserMixin.parseMaybeAssignAllowIn (C:\Users\shami\Desktop\Low-Grade-F\node_modules\.pnpm\@babel+parser@7.29.7\node_modules\@babel\parser\lib\index.js:10817:17)
      at TypeScriptParserMixin.parseVar (C:\Users\shami\Desktop\Low-Grade-F\node_modules\.pnpm\@babel+parser@7.29.7\node_modules\@babel\parser\lib\index.js:13401:91)
[2m5:00:25 PM[22m [31m[1m[vite][22m[39m [31mInternal server error: C:\Users\shami\Desktop\Low-Grade-F\artifacts\lgf-website\src\components\sections\About.tsx: Unexpected token, expected "," (8:2)

[0m [90m  6 |[31m [36mconst[31m [33mTITLE_LINES[31m [33m=[31m [
 [90m  7 |[31m   { text[33m:[31m [32m"BEING SEEN"[31m[33m,[31m       className[33m:[31m [32m"text-white"[31m[33m,[31m  marginTop[33m:[31m [32m"0"[31m[33m,[31m       align[33m:[31m[32m"left"[31m
[31m[1m>[22m[31m[90m  8 |[31m   { text[33m:[31m [32m"IS EASY."[31m[33m,[31m         className[33m:[31m [32m"text-white"[31m[33m,[31m  marginTop[33m:[31m [32m"0.08em"[31m[33m,[31m  align[33m:[31m [32m"center"[31m}[33m,[31m
 [90m    |[31m   [31m[1m^[22m[31m
 [90m  9 |[31m   { text[33m:[31m [32m"BEING REMEMBERED"[31m[33m,[31m className[33m:[31m [32m"text-chrome"[31m[33m,[31m marginTop[33m:[31m [32m"0.08em"[31m[33m,[31m  align[33m:[31m [32m"center"[31m}[33m,[31m
 [90m 10 |[31m   { text[33m:[31m [32m"IS NOT."[31m[33m,[31m          className[33m:[31m [32m"text-chrome"[31m[33m,[31m marginTop[33m:[31m [32m"0.08em"[31m[33m,[31m  align[33m:[31m [32m"center"[31m}[33m,[31m
 [90m 11 |[31m ][33m;[31m[0m[39m
  Plugin: [35mvite:react-babel[39m
  File: [36mC:/Users/shami/Desktop/Low-Grade-F/artifacts/lgf-website/src/components/sections/About.tsx[39m:8:2
[33m  6  |  const TITLE_LINES = [
  7  |    { text: "BEING SEEN",       className: "text-white",  marginTop: "0",       align:"left"
  8  |    { text: "IS EASY.",         className: "text-white",  marginTop: "0.08em",  align: "center"},
     |    ^
  9  |    { text: "BEING REMEMBERED", className: "text-chrome", marginTop: "0.08em",  align: "center"},
  10 |    { text: "IS NOT.",          className: "text-chrome", marginTop: "0.08em",  align: "center"},[39m
      at constructor (C:\Users\shami\Desktop\Low-Grade-F\node_modules\.pnpm\@babel+parser@7.29.7\node_modules\@babel\parser\lib\index.js:365:19)
      at TypeScriptParserMixin.raise (C:\Users\shami\Desktop\Low-Grade-F\node_modules\.pnpm\@babel+parser@7.29.7\node_modules\@babel\parser\lib\index.js:6616:19)
      at TypeScriptParserMixin.unexpected (C:\Users\shami\Desktop\Low-Grade-F\node_modules\.pnpm\@babel+parser@7.29.7\node_modules\@babel\parser\lib\index.js:6636:16)
      at TypeScriptParserMixin.expect (C:\Users\shami\Desktop\Low-Grade-F\node_modules\.pnpm\@babel+parser@7.29.7\node_modules\@babel\parser\lib\index.js:6916:12)
      at TypeScriptParserMixin.parseObjectLike (C:\Users\shami\Desktop\Low-Grade-F\node_modules\.pnpm\@babel+parser@7.29.7\node_modules\@babel\parser\lib\index.js:11839:14)
      at TypeScriptParserMixin.parseExprAtom (C:\Users\shami\Desktop\Low-Grade-F\node_modules\.pnpm\@babel+parser@7.29.7\node_modules\@babel\parser\lib\index.js:11356:23)
      at TypeScriptParserMixin.parseExprAtom (C:\Users\shami\Desktop\Low-Grade-F\node_modules\.pnpm\@babel+parser@7.29.7\node_modules\@babel\parser\lib\index.js:4776:20)
      at TypeScriptParserMixin.parseExprSubscripts (C:\Users\shami\Desktop\Low-Grade-F\node_modules\.pnpm\@babel+parser@7.29.7\node_modules\@babel\parser\lib\index.js:11098:23)
      at TypeScriptParserMixin.parseUpdate (C:\Users\shami\Desktop\Low-Grade-F\node_modules\.pnpm\@babel+parser@7.29.7\node_modules\@babel\parser\lib\index.js:11083:21)
      at TypeScriptParserMixin.parseMaybeUnary (C:\Users\shami\Desktop\Low-Grade-F\node_modules\.pnpm\@babel+parser@7.29.7\node_modules\@babel\parser\lib\index.js:11063:23)
      at TypeScriptParserMixin.parseMaybeUnary (C:\Users\shami\Desktop\Low-Grade-F\node_modules\.pnpm\@babel+parser@7.29.7\node_modules\@babel\parser\lib\index.js:9854:18)
      at TypeScriptParserMixin.parseMaybeUnaryOrPrivate (C:\Users\shami\Desktop\Low-Grade-F\node_modules\.pnpm\@babel+parser@7.29.7\node_modules\@babel\parser\lib\index.js:10916:61)
      at TypeScriptParserMixin.parseExprOps (C:\Users\shami\Desktop\Low-Grade-F\node_modules\.pnpm\@babel+parser@7.29.7\node_modules\@babel\parser\lib\index.js:10921:23)
      at TypeScriptParserMixin.parseMaybeConditional (C:\Users\shami\Desktop\Low-Grade-F\node_modules\.pnpm\@babel+parser@7.29.7\node_modules\@babel\parser\lib\index.js:10898:23)
      at TypeScriptParserMixin.parseMaybeAssign (C:\Users\shami\Desktop\Low-Grade-F\node_modules\.pnpm\@babel+parser@7.29.7\node_modules\@babel\parser\lib\index.js:10848:21)
      at TypeScriptParserMixin.parseMaybeAssign (C:\Users\shami\Desktop\Low-Grade-F\node_modules\.pnpm\@babel+parser@7.29.7\node_modules\@babel\parser\lib\index.js:9803:20)
      at C:\Users\shami\Desktop\Low-Grade-F\node_modules\.pnpm\@babel+parser@7.29.7\node_modules\@babel\parser\lib\index.js:10817:39
      at TypeScriptParserMixin.allowInAnd (C:\Users\shami\Desktop\Low-Grade-F\node_modules\.pnpm\@babel+parser@7.29.7\node_modules\@babel\parser\lib\index.js:12443:12)
      at TypeScriptParserMixin.parseMaybeAssignAllowIn (C:\Users\shami\Desktop\Low-Grade-F\node_modules\.pnpm\@babel+parser@7.29.7\node_modules\@babel\parser\lib\index.js:10817:17)
      at TypeScriptParserMixin.parseMaybeAssignAllowInOrVoidPattern (C:\Users\shami\Desktop\Low-Grade-F\node_modules\.pnpm\@babel+parser@7.29.7\node_modules\@babel\parser\lib\index.js:12510:17)
      at TypeScriptParserMixin.parseExprListItem (C:\Users\shami\Desktop\Low-Grade-F\node_modules\.pnpm\@babel+parser@7.29.7\node_modules\@babel\parser\lib\index.js:12192:18)
      at TypeScriptParserMixin.parseExprList (C:\Users\shami\Desktop\Low-Grade-F\node_modules\.pnpm\@babel+parser@7.29.7\node_modules\@babel\parser\lib\index.js:12167:22)
      at TypeScriptParserMixin.parseArrayLike (C:\Users\shami\Desktop\Low-Grade-F\node_modules\.pnpm\@babel+parser@7.29.7\node_modules\@babel\parser\lib\index.js:12074:26)
      at TypeScriptParserMixin.parseArrayLike (C:\Users\shami\Desktop\Low-Grade-F\node_modules\.pnpm\@babel+parser@7.29.7\node_modules\@babel\parser\lib\index.js:9210:24)
      at TypeScriptParserMixin.parseExprAtom (C:\Users\shami\Desktop\Low-Grade-F\node_modules\.pnpm\@babel+parser@7.29.7\node_modules\@babel\parser\lib\index.js:11352:23)
      at TypeScriptParserMixin.parseExprAtom (C:\Users\shami\Desktop\Low-Grade-F\node_modules\.pnpm\@babel+parser@7.29.7\node_modules\@babel\parser\lib\index.js:4776:20)
      at TypeScriptParserMixin.parseExprSubscripts (C:\Users\shami\Desktop\Low-Grade-F\node_modules\.pnpm\@babel+parser@7.29.7\node_modules\@babel\parser\lib\index.js:11098:23)
      at TypeScriptParserMixin.parseUpdate (C:\Users\shami\Desktop\Low-Grade-F\node_modules\.pnpm\@babel+parser@7.29.7\node_modules\@babel\parser\lib\index.js:11083:21)
      at TypeScriptParserMixin.parseMaybeUnary (C:\Users\shami\Desktop\Low-Grade-F\node_modules\.pnpm\@babel+parser@7.29.7\node_modules\@babel\parser\lib\index.js:11063:23)
      at TypeScriptParserMixin.parseMaybeUnary (C:\Users\shami\Desktop\Low-Grade-F\node_modules\.pnpm\@babel+parser@7.29.7\node_modules\@babel\parser\lib\index.js:9854:18)
      at TypeScriptParserMixin.parseMaybeUnaryOrPrivate (C:\Users\shami\Desktop\Low-Grade-F\node_modules\.pnpm\@babel+parser@7.29.7\node_modules\@babel\parser\lib\index.js:10916:61)
      at TypeScriptParserMixin.parseExprOps (C:\Users\shami\Desktop\Low-Grade-F\node_modules\.pnpm\@babel+parser@7.29.7\node_modules\@babel\parser\lib\index.js:10921:23)
      at TypeScriptParserMixin.parseMaybeConditional (C:\Users\shami\Desktop\Low-Grade-F\node_modules\.pnpm\@babel+parser@7.29.7\node_modules\@babel\parser\lib\index.js:10898:23)
      at TypeScriptParserMixin.parseMaybeAssign (C:\Users\shami\Desktop\Low-Grade-F\node_modules\.pnpm\@babel+parser@7.29.7\node_modules\@babel\parser\lib\index.js:10848:21)
      at TypeScriptParserMixin.parseMaybeAssign (C:\Users\shami\Desktop\Low-Grade-F\node_modules\.pnpm\@babel+parser@7.29.7\node_modules\@babel\parser\lib\index.js:9803:20)
      at C:\Users\shami\Desktop\Low-Grade-F\node_modules\.pnpm\@babel+parser@7.29.7\node_modules\@babel\parser\lib\index.js:10817:39
      at TypeScriptParserMixin.allowInAnd (C:\Users\shami\Desktop\Low-Grade-F\node_modules\.pnpm\@babel+parser@7.29.7\node_modules\@babel\parser\lib\index.js:12438:16)
      at TypeScriptParserMixin.parseMaybeAssignAllowIn (C:\Users\shami\Desktop\Low-Grade-F\node_modules\.pnpm\@babel+parser@7.29.7\node_modules\@babel\parser\lib\index.js:10817:17)
      at TypeScriptParserMixin.parseVar (C:\Users\shami\Desktop\Low-Grade-F\node_modules\.pnpm\@babel+parser@7.29.7\node_modules\@babel\parser\lib\index.js:13401:91)
      at TypeScriptParserMixin.parseVarStatement (C:\Users\shami\Desktop\Low-Grade-F\node_modules\.pnpm\@babel+parser@7.29.7\node_modules\@babel\parser\lib\index.js:13247:10)
      at TypeScriptParserMixin.parseVarStatement (C:\Users\shami\Desktop\Low-Grade-F\node_modules\.pnpm\@babel+parser@7.29.7\node_modules\@babel\parser\lib\index.js:9425:31)
      at TypeScriptParserMixin.parseStatementContent (C:\Users\shami\Desktop\Low-Grade-F\node_modules\.pnpm\@babel+parser@7.29.7\node_modules\@babel\parser\lib\index.js:12868:23)
      at TypeScriptParserMixin.parseStatementContent (C:\Users\shami\Desktop\Low-Grade-F\node_modules\.pnpm\@babel+parser@7.29.7\node_modules\@babel\parser\lib\index.js:9525:18)
      at TypeScriptParserMixin.parseStatementLike (C:\Users\shami\Desktop\Low-Grade-F\node_modules\.pnpm\@babel+parser@7.29.7\node_modules\@babel\parser\lib\index.js:12784:17)
      at TypeScriptParserMixin.parseModuleItem (C:\Users\shami\Desktop\Low-Grade-F\node_modules\.pnpm\@babel+parser@7.29.7\node_modules\@babel\parser\lib\index.js:12761:17)
      at TypeScriptParserMixin.parseBlockOrModuleBlockBody (C:\Users\shami\Desktop\Low-Grade-F\node_modules\.pnpm\@babel+parser@7.29.7\node_modules\@babel\parser\lib\index.js:13333:36)
      at TypeScriptParserMixin.parseBlockBody (C:\Users\shami\Desktop\Low-Grade-F\node_modules\.pnpm\@babel+parser@7.29.7\node_modules\@babel\parser\lib\index.js:13326:10)
      at TypeScriptParserMixin.parseProgram (C:\Users\shami\Desktop\Low-Grade-F\node_modules\.pnpm\@babel+parser@7.29.7\node_modules\@babel\parser\lib\index.js:12639:10)
      at TypeScriptParserMixin.parseTopLevel (C:\Users\shami\Desktop\Low-Grade-F\node_modules\.pnpm\@babel+parser@7.29.7\node_modules\@babel\parser\lib\index.js:12629:25)
      at TypeScriptParserMixin.parse (C:\Users\shami\Desktop\Low-Grade-F\node_modules\.pnpm\@babel+parser@7.29.7\node_modules\@babel\parser\lib\index.js:14505:25)
[2m5:16:10 PM[22m [31m[1m[vite][22m[39m [31mInternal server error: C:\Users\shami\Desktop\Low-Grade-F\artifacts\lgf-website\src\components\sections\About.tsx: Unterminated string constant. (10:108)

[0m [90m  8 |[31m   { text[33m:[31m [32m"IS EASY."[31m[33m,[31m         className[33m:[31m [32m"text-white"[31m[33m,[31m  marginTop[33m:[31m [32m"0.08em"[31m[33m,[31m  align[33m:[31m [32m"center"[31m}[33m,[31m
 [90m  9 |[31m   { text[33m:[31m [32m"BEING REMEMBERED"[31m[33m,[31m className[33m:[31m [32m"text-chrome"[31m[33m,[31m marginTop[33m:[31m [32m"0.08em"[31m[33m,[31m  align[33m:[31m [32m"center"[31m}[33m,[31m
[31m[1m>[22m[31m[90m 10 |[31m   { text[33m:[31m [32m"IS NOT."[31m[33m,[31m          className[33m:[31m [32m"text-chrome"[31m[33m,[31m marginTop[33m:[31m [32m"0.08em"[31m[33m,[31m  align[33m:[31m [32m"center"[31m[33m,[31m paddingLeft[33m:[31m [32m"2.02m,[31m
 [90m    |[31m                                                                                                             [31m[1m^[22m[31m
 [90m 11 |[31m ][33m;[31m
 [90m 12 |[31m
 [90m 13 |[31m [36mexport[31m [36mdefault[31m [36mfunction[31m [33mAbout[31m() {[0m[39m
  Plugin: [35mvite:react-babel[39m
  File: [36mC:/Users/shami/Desktop/Low-Grade-F/artifacts/lgf-website/src/components/sections/About.tsx[39m:10:108
[33m  9  |    { text: "BEING REMEMBERED", className: "text-chrome", marginTop: "0.08em",  align: "center"},
  10 |    { text: "IS NOT.",          className: "text-chrome", marginTop: "0.08em",  align: "center", paddingLeft: "2.02m,
  11 |  ];
     |   ^
  12 |  
  13 |  export default function About() {[39m
      at constructor (C:\Users\shami\Desktop\Low-Grade-F\node_modules\.pnpm\@babel+parser@7.29.7\node_modules\@babel\parser\lib\index.js:365:19)
      at TypeScriptParserMixin.raise (C:\Users\shami\Desktop\Low-Grade-F\node_modules\.pnpm\@babel+parser@7.29.7\node_modules\@babel\parser\lib\index.js:6616:19)
      at Object.unterminated (C:\Users\shami\Desktop\Low-Grade-F\node_modules\.pnpm\@babel+parser@7.29.7\node_modules\@babel\parser\lib\index.js:5681:20)
      at readStringContents (C:\Users\shami\Desktop\Low-Grade-F\node_modules\.pnpm\@babel+parser@7.29.7\node_modules\@babel\parser\lib\index.js:5423:16)
      at TypeScriptParserMixin.readString (C:\Users\shami\Desktop\Low-Grade-F\node_modules\.pnpm\@babel+parser@7.29.7\node_modules\@babel\parser\lib\index.js:6515:9)
      at TypeScriptParserMixin.getTokenFromCode (C:\Users\shami\Desktop\Low-Grade-F\node_modules\.pnpm\@babel+parser@7.29.7\node_modules\@babel\parser\lib\index.js:6275:14)
      at TypeScriptParserMixin.getTokenFromCode (C:\Users\shami\Desktop\Low-Grade-F\node_modules\.pnpm\@babel+parser@7.29.7\node_modules\@babel\parser\lib\index.js:4809:11)
      at TypeScriptParserMixin.getTokenFromCode (C:\Users\shami\Desktop\Low-Grade-F\node_modules\.pnpm\@babel+parser@7.29.7\node_modules\@babel\parser\lib\index.js:10004:11)
      at TypeScriptParserMixin.nextToken (C:\Users\shami\Desktop\Low-Grade-F\node_modules\.pnpm\@babel+parser@7.29.7\node_modules\@babel\parser\lib\index.js:5799:10)
      at TypeScriptParserMixin.next (C:\Users\shami\Desktop\Low-Grade-F\node_modules\.pnpm\@babel+parser@7.29.7\node_modules\@babel\parser\lib\index.js:5709:10)
      at TypeScriptParserMixin.eat (C:\Users\shami\Desktop\Low-Grade-F\node_modules\.pnpm\@babel+parser@7.29.7\node_modules\@babel\parser\lib\index.js:5713:12)
      at TypeScriptParserMixin.parseObjectProperty (C:\Users\shami\Desktop\Low-Grade-F\node_modules\.pnpm\@babel+parser@7.29.7\node_modules\@babel\parser\lib\index.js:11966:14)
      at TypeScriptParserMixin.parseObjPropValue (C:\Users\shami\Desktop\Low-Grade-F\node_modules\.pnpm\@babel+parser@7.29.7\node_modules\@babel\parser\lib\index.js:11995:100)
      at TypeScriptParserMixin.parseObjPropValue (C:\Users\shami\Desktop\Low-Grade-F\node_modules\.pnpm\@babel+parser@7.29.7\node_modules\@babel\parser\lib\index.js:9761:18)
      at TypeScriptParserMixin.parsePropertyDefinition (C:\Users\shami\Desktop\Low-Grade-F\node_modules\.pnpm\@babel+parser@7.29.7\node_modules\@babel\parser\lib\index.js:11932:17)
      at TypeScriptParserMixin.parseObjectLike (C:\Users\shami\Desktop\Low-Grade-F\node_modules\.pnpm\@babel+parser@7.29.7\node_modules\@babel\parser\lib\index.js:11849:21)
      at TypeScriptParserMixin.parseExprAtom (C:\Users\shami\Desktop\Low-Grade-F\node_modules\.pnpm\@babel+parser@7.29.7\node_modules\@babel\parser\lib\index.js:11356:23)
      at TypeScriptParserMixin.parseExprAtom (C:\Users\shami\Desktop\Low-Grade-F\node_modules\.pnpm\@babel+parser@7.29.7\node_modules\@babel\parser\lib\index.js:4776:20)
      at TypeScriptParserMixin.parseExprSubscripts (C:\Users\shami\Desktop\Low-Grade-F\node_modules\.pnpm\@babel+parser@7.29.7\node_modules\@babel\parser\lib\index.js:11098:23)
      at TypeScriptParserMixin.parseUpdate (C:\Users\shami\Desktop\Low-Grade-F\node_modules\.pnpm\@babel+parser@7.29.7\node_modules\@babel\parser\lib\index.js:11083:21)
      at TypeScriptParserMixin.parseMaybeUnary (C:\Users\shami\Desktop\Low-Grade-F\node_modules\.pnpm\@babel+parser@7.29.7\node_modules\@babel\parser\lib\index.js:11063:23)
      at TypeScriptParserMixin.parseMaybeUnary (C:\Users\shami\Desktop\Low-Grade-F\node_modules\.pnpm\@babel+parser@7.29.7\node_modules\@babel\parser\lib\index.js:9854:18)
      at TypeScriptParserMixin.parseMaybeUnaryOrPrivate (C:\Users\shami\Desktop\Low-Grade-F\node_modules\.pnpm\@babel+parser@7.29.7\node_modules\@babel\parser\lib\index.js:10916:61)
      at TypeScriptParserMixin.parseExprOps (C:\Users\shami\Desktop\Low-Grade-F\node_modules\.pnpm\@babel+parser@7.29.7\node_modules\@babel\parser\lib\index.js:10921:23)
      at TypeScriptParserMixin.parseMaybeConditional (C:\Users\shami\Desktop\Low-Grade-F\node_modules\.pnpm\@babel+parser@7.29.7\node_modules\@babel\parser\lib\index.js:10898:23)
      at TypeScriptParserMixin.parseMaybeAssign (C:\Users\shami\Desktop\Low-Grade-F\node_modules\.pnpm\@babel+parser@7.29.7\node_modules\@babel\parser\lib\index.js:10848:21)
      at TypeScriptParserMixin.parseMaybeAssign (C:\Users\shami\Desktop\Low-Grade-F\node_modules\.pnpm\@babel+parser@7.29.7\node_modules\@babel\parser\lib\index.js:9803:20)
      at C:\Users\shami\Desktop\Low-Grade-F\node_modules\.pnpm\@babel+parser@7.29.7\node_modules\@babel\parser\lib\index.js:10817:39
      at TypeScriptParserMixin.allowInAnd (C:\Users\shami\Desktop\Low-Grade-F\node_modules\.pnpm\@babel+parser@7.29.7\node_modules\@babel\parser\lib\index.js:12443:12)
      at TypeScriptParserMixin.parseMaybeAssignAllowIn (C:\Users\shami\Desktop\Low-Grade-F\node_modules\.pnpm\@babel+parser@7.29.7\node_modules\@babel\parser\lib\index.js:10817:17)
      at TypeScriptParserMixin.parseMaybeAssignAllowInOrVoidPattern (C:\Users\shami\Desktop\Low-Grade-F\node_modules\.pnpm\@babel+parser@7.29.7\node_modules\@babel\parser\lib\index.js:12510:17)
      at TypeScriptParserMixin.parseExprListItem (C:\Users\shami\Desktop\Low-Grade-F\node_modules\.pnpm\@babel+parser@7.29.7\node_modules\@babel\parser\lib\index.js:12192:18)
      at TypeScriptParserMixin.parseExprList (C:\Users\shami\Desktop\Low-Grade-F\node_modules\.pnpm\@babel+parser@7.29.7\node_modules\@babel\parser\lib\index.js:12167:22)
      at TypeScriptParserMixin.parseArrayLike (C:\Users\shami\Desktop\Low-Grade-F\node_modules\.pnpm\@babel+parser@7.29.7\node_modules\@babel\parser\lib\index.js:12074:26)
      at TypeScriptParserMixin.parseArrayLike (C:\Users\shami\Desktop\Low-Grade-F\node_modules\.pnpm\@babel+parser@7.29.7\node_modules\@babel\parser\lib\index.js:9210:24)
      at TypeScriptParserMixin.parseExprAtom (C:\Users\shami\Desktop\Low-Grade-F\node_modules\.pnpm\@babel+parser@7.29.7\node_modules\@babel\parser\lib\index.js:11352:23)
      at TypeScriptParserMixin.parseExprAtom (C:\Users\shami\Desktop\Low-Grade-F\node_modules\.pnpm\@babel+parser@7.29.7\node_modules\@babel\parser\lib\index.js:4776:20)
      at TypeScriptParserMixin.parseExprSubscripts (C:\Users\shami\Desktop\Low-Grade-F\node_modules\.pnpm\@babel+parser@7.29.7\node_modules\@babel\parser\lib\index.js:11098:23)
      at TypeScriptParserMixin.parseUpdate (C:\Users\shami\Desktop\Low-Grade-F\node_modules\.pnpm\@babel+parser@7.29.7\node_modules\@babel\parser\lib\index.js:11083:21)
      at TypeScriptParserMixin.parseMaybeUnary (C:\Users\shami\Desktop\Low-Grade-F\node_modules\.pnpm\@babel+parser@7.29.7\node_modules\@babel\parser\lib\index.js:11063:23)
      at TypeScriptParserMixin.parseMaybeUnary (C:\Users\shami\Desktop\Low-Grade-F\node_modules\.pnpm\@babel+parser@7.29.7\node_modules\@babel\parser\lib\index.js:9854:18)
      at TypeScriptParserMixin.parseMaybeUnaryOrPrivate (C:\Users\shami\Desktop\Low-Grade-F\node_modules\.pnpm\@babel+parser@7.29.7\node_modules\@babel\parser\lib\index.js:10916:61)
      at TypeScriptParserMixin.parseExprOps (C:\Users\shami\Desktop\Low-Grade-F\node_modules\.pnpm\@babel+parser@7.29.7\node_modules\@babel\parser\lib\index.js:10921:23)
      at TypeScriptParserMixin.parseMaybeConditional (C:\Users\shami\Desktop\Low-Grade-F\node_modules\.pnpm\@babel+parser@7.29.7\node_modules\@babel\parser\lib\index.js:10898:23)
      at TypeScriptParserMixin.parseMaybeAssign (C:\Users\shami\Desktop\Low-Grade-F\node_modules\.pnpm\@babel+parser@7.29.7\node_modules\@babel\parser\lib\index.js:10848:21)
      at TypeScriptParserMixin.parseMaybeAssign (C:\Users\shami\Desktop\Low-Grade-F\node_modules\.pnpm\@babel+parser@7.29.7\node_modules\@babel\parser\lib\index.js:9803:20)
      at C:\Users\shami\Desktop\Low-Grade-F\node_modules\.pnpm\@babel+parser@7.29.7\node_modules\@babel\parser\lib\index.js:10817:39
      at TypeScriptParserMixin.allowInAnd (C:\Users\shami\Desktop\Low-Grade-F\node_modules\.pnpm\@babel+parser@7.29.7\node_modules\@babel\parser\lib\index.js:12438:16)
      at TypeScriptParserMixin.parseMaybeAssignAllowIn (C:\Users\shami\Desktop\Low-Grade-F\node_modules\.pnpm\@babel+parser@7.29.7\node_modules\@babel\parser\lib\index.js:10817:17)
      at TypeScriptParserMixin.parseVar (C:\Users\shami\Desktop\Low-Grade-F\node_modules\.pnpm\@babel+parser@7.29.7\node_modules\@babel\parser\lib\index.js:13401:91)
[2m5:16:11 PM[22m [31m[1m[vite][22m[39m [31mInternal server error: C:\Users\shami\Desktop\Low-Grade-F\artifacts\lgf-website\src\components\sections\About.tsx: Unexpected token, expected "," (11:0)

[0m [90m  9 |[31m   { text[33m:[31m [32m"BEING REMEMBERED"[31m[33m,[31m className[33m:[31m [32m"text-chrome"[31m[33m,[31m marginTop[33m:[31m [32m"0.08em"[31m[33m,[31m  align[33m:[31m [32m"center"[31m}[33m,[31m
 [90m 10 |[31m   { text[33m:[31m [32m"IS NOT."[31m[33m,[31m          className[33m:[31m [32m"text-chrome"[31m[33m,[31m marginTop[33m:[31m [32m"0.08em"[31m[33m,[31m  align[33m:[31m [32m"center"[31m[33m,[31m paddingLeft[33m:[31m [32m"2.02m"[31m
[31m[1m>[22m[31m[90m 11 |[31m ][33m;[31m
 [90m    |[31m [31m[1m^[22m[31m
 [90m 12 |[31m
 [90m 13 |[31m [36mexport[31m [36mdefault[31m [36mfunction[31m [33mAbout[31m() {
 [90m 14 |[31m   [36mconst[31m wrapperRef [33m=[31m useRef[33m<[31m[33mHTMLDivElement[31m[33m>[31m([36mnull[31m)[33m;[31m[0m[39m
  Plugin: [35mvite:react-babel[39m
  File: [36mC:/Users/shami/Desktop/Low-Grade-F/artifacts/lgf-website/src/components/sections/About.tsx[39m:11:0
[33m  11 |  ];
  12 |  
  13 |  export default function About() {
     |        ^
  14 |    const wrapperRef = useRef<HTMLDivElement>(null);
  15 |    const pinRef     = useRef<HTMLDivElement>(null);[39m
      at constructor (C:\Users\shami\Desktop\Low-Grade-F\node_modules\.pnpm\@babel+parser@7.29.7\node_modules\@babel\parser\lib\index.js:365:19)
      at TypeScriptParserMixin.raise (C:\Users\shami\Desktop\Low-Grade-F\node_modules\.pnpm\@babel+parser@7.29.7\node_modules\@babel\parser\lib\index.js:6616:19)
      at TypeScriptParserMixin.unexpected (C:\Users\shami\Desktop\Low-Grade-F\node_modules\.pnpm\@babel+parser@7.29.7\node_modules\@babel\parser\lib\index.js:6636:16)
      at TypeScriptParserMixin.expect (C:\Users\shami\Desktop\Low-Grade-F\node_modules\.pnpm\@babel+parser@7.29.7\node_modules\@babel\parser\lib\index.js:6916:12)
      at TypeScriptParserMixin.parseObjectLike (C:\Users\shami\Desktop\Low-Grade-F\node_modules\.pnpm\@babel+parser@7.29.7\node_modules\@babel\parser\lib\index.js:11839:14)
      at TypeScriptParserMixin.parseExprAtom (C:\Users\shami\Desktop\Low-Grade-F\node_modules\.pnpm\@babel+parser@7.29.7\node_modules\@babel\parser\lib\index.js:11356:23)
      at TypeScriptParserMixin.parseExprAtom (C:\Users\shami\Desktop\Low-Grade-F\node_modules\.pnpm\@babel+parser@7.29.7\node_modules\@babel\parser\lib\index.js:4776:20)
      at TypeScriptParserMixin.parseExprSubscripts (C:\Users\shami\Desktop\Low-Grade-F\node_modules\.pnpm\@babel+parser@7.29.7\node_modules\@babel\parser\lib\index.js:11098:23)
      at TypeScriptParserMixin.parseUpdate (C:\Users\shami\Desktop\Low-Grade-F\node_modules\.pnpm\@babel+parser@7.29.7\node_modules\@babel\parser\lib\index.js:11083:21)
      at TypeScriptParserMixin.parseMaybeUnary (C:\Users\shami\Desktop\Low-Grade-F\node_modules\.pnpm\@babel+parser@7.29.7\node_modules\@babel\parser\lib\index.js:11063:23)
      at TypeScriptParserMixin.parseMaybeUnary (C:\Users\shami\Desktop\Low-Grade-F\node_modules\.pnpm\@babel+parser@7.29.7\node_modules\@babel\parser\lib\index.js:9854:18)
      at TypeScriptParserMixin.parseMaybeUnaryOrPrivate (C:\Users\shami\Desktop\Low-Grade-F\node_modules\.pnpm\@babel+parser@7.29.7\node_modules\@babel\parser\lib\index.js:10916:61)
      at TypeScriptParserMixin.parseExprOps (C:\Users\shami\Desktop\Low-Grade-F\node_modules\.pnpm\@babel+parser@7.29.7\node_modules\@babel\parser\lib\index.js:10921:23)
      at TypeScriptParserMixin.parseMaybeConditional (C:\Users\shami\Desktop\Low-Grade-F\node_modules\.pnpm\@babel+parser@7.29.7\node_modules\@babel\parser\lib\index.js:10898:23)
      at TypeScriptParserMixin.parseMaybeAssign (C:\Users\shami\Desktop\Low-Grade-F\node_modules\.pnpm\@babel+parser@7.29.7\node_modules\@babel\parser\lib\index.js:10848:21)
      at TypeScriptParserMixin.parseMaybeAssign (C:\Users\shami\Desktop\Low-Grade-F\node_modules\.pnpm\@babel+parser@7.29.7\node_modules\@babel\parser\lib\index.js:9803:20)
      at C:\Users\shami\Desktop\Low-Grade-F\node_modules\.pnpm\@babel+parser@7.29.7\node_modules\@babel\parser\lib\index.js:10817:39
      at TypeScriptParserMixin.allowInAnd (C:\Users\shami\Desktop\Low-Grade-F\node_modules\.pnpm\@babel+parser@7.29.7\node_modules\@babel\parser\lib\index.js:12443:12)
      at TypeScriptParserMixin.parseMaybeAssignAllowIn (C:\Users\shami\Desktop\Low-Grade-F\node_modules\.pnpm\@babel+parser@7.29.7\node_modules\@babel\parser\lib\index.js:10817:17)
      at TypeScriptParserMixin.parseMaybeAssignAllowInOrVoidPattern (C:\Users\shami\Desktop\Low-Grade-F\node_modules\.pnpm\@babel+parser@7.29.7\node_modules\@babel\parser\lib\index.js:12510:17)
      at TypeScriptParserMixin.parseExprListItem (C:\Users\shami\Desktop\Low-Grade-F\node_modules\.pnpm\@babel+parser@7.29.7\node_modules\@babel\parser\lib\index.js:12192:18)
      at TypeScriptParserMixin.parseExprList (C:\Users\shami\Desktop\Low-Grade-F\node_modules\.pnpm\@babel+parser@7.29.7\node_modules\@babel\parser\lib\index.js:12167:22)
      at TypeScriptParserMixin.parseArrayLike (C:\Users\shami\Desktop\Low-Grade-F\node_modules\.pnpm\@babel+parser@7.29.7\node_modules\@babel\parser\lib\index.js:12074:26)
      at TypeScriptParserMixin.parseArrayLike (C:\Users\shami\Desktop\Low-Grade-F\node_modules\.pnpm\@babel+parser@7.29.7\node_modules\@babel\parser\lib\index.js:9210:24)
      at TypeScriptParserMixin.parseExprAtom (C:\Users\shami\Desktop\Low-Grade-F\node_modules\.pnpm\@babel+parser@7.29.7\node_modules\@babel\parser\lib\index.js:11352:23)
      at TypeScriptParserMixin.parseExprAtom (C:\Users\shami\Desktop\Low-Grade-F\node_modules\.pnpm\@babel+parser@7.29.7\node_modules\@babel\parser\lib\index.js:4776:20)
      at TypeScriptParserMixin.parseExprSubscripts (C:\Users\shami\Desktop\Low-Grade-F\node_modules\.pnpm\@babel+parser@7.29.7\node_modules\@babel\parser\lib\index.js:11098:23)
      at TypeScriptParserMixin.parseUpdate (C:\Users\shami\Desktop\Low-Grade-F\node_modules\.pnpm\@babel+parser@7.29.7\node_modules\@babel\parser\lib\index.js:11083:21)
      at TypeScriptParserMixin.parseMaybeUnary (C:\Users\shami\Desktop\Low-Grade-F\node_modules\.pnpm\@babel+parser@7.29.7\node_modules\@babel\parser\lib\index.js:11063:23)
      at TypeScriptParserMixin.parseMaybeUnary (C:\Users\shami\Desktop\Low-Grade-F\node_modules\.pnpm\@babel+parser@7.29.7\node_modules\@babel\parser\lib\index.js:9854:18)
      at TypeScriptParserMixin.parseMaybeUnaryOrPrivate (C:\Users\shami\Desktop\Low-Grade-F\node_modules\.pnpm\@babel+parser@7.29.7\node_modules\@babel\parser\lib\index.js:10916:61)
      at TypeScriptParserMixin.parseExprOps (C:\Users\shami\Desktop\Low-Grade-F\node_modules\.pnpm\@babel+parser@7.29.7\node_modules\@babel\parser\lib\index.js:10921:23)
      at TypeScriptParserMixin.parseMaybeConditional (C:\Users\shami\Desktop\Low-Grade-F\node_modules\.pnpm\@babel+parser@7.29.7\node_modules\@babel\parser\lib\index.js:10898:23)
      at TypeScriptParserMixin.parseMaybeAssign (C:\Users\shami\Desktop\Low-Grade-F\node_modules\.pnpm\@babel+parser@7.29.7\node_modules\@babel\parser\lib\index.js:10848:21)
      at TypeScriptParserMixin.parseMaybeAssign (C:\Users\shami\Desktop\Low-Grade-F\node_modules\.pnpm\@babel+parser@7.29.7\node_modules\@babel\parser\lib\index.js:9803:20)
      at C:\Users\shami\Desktop\Low-Grade-F\node_modules\.pnpm\@babel+parser@7.29.7\node_modules\@babel\parser\lib\index.js:10817:39
      at TypeScriptParserMixin.allowInAnd (C:\Users\shami\Desktop\Low-Grade-F\node_modules\.pnpm\@babel+parser@7.29.7\node_modules\@babel\parser\lib\index.js:12438:16)
      at TypeScriptParserMixin.parseMaybeAssignAllowIn (C:\Users\shami\Desktop\Low-Grade-F\node_modules\.pnpm\@babel+parser@7.29.7\node_modules\@babel\parser\lib\index.js:10817:17)
      at TypeScriptParserMixin.parseVar (C:\Users\shami\Desktop\Low-Grade-F\node_modules\.pnpm\@babel+parser@7.29.7\node_modules\@babel\parser\lib\index.js:13401:91)
      at TypeScriptParserMixin.parseVarStatement (C:\Users\shami\Desktop\Low-Grade-F\node_modules\.pnpm\@babel+parser@7.29.7\node_modules\@babel\parser\lib\index.js:13247:10)
      at TypeScriptParserMixin.parseVarStatement (C:\Users\shami\Desktop\Low-Grade-F\node_modules\.pnpm\@babel+parser@7.29.7\node_modules\@babel\parser\lib\index.js:9425:31)
      at TypeScriptParserMixin.parseStatementContent (C:\Users\shami\Desktop\Low-Grade-F\node_modules\.pnpm\@babel+parser@7.29.7\node_modules\@babel\parser\lib\index.js:12868:23)
      at TypeScriptParserMixin.parseStatementContent (C:\Users\shami\Desktop\Low-Grade-F\node_modules\.pnpm\@babel+parser@7.29.7\node_modules\@babel\parser\lib\index.js:9525:18)
      at TypeScriptParserMixin.parseStatementLike (C:\Users\shami\Desktop\Low-Grade-F\node_modules\.pnpm\@babel+parser@7.29.7\node_modules\@babel\parser\lib\index.js:12784:17)
      at TypeScriptParserMixin.parseModuleItem (C:\Users\shami\Desktop\Low-Grade-F\node_modules\.pnpm\@babel+parser@7.29.7\node_modules\@babel\parser\lib\index.js:12761:17)
      at TypeScriptParserMixin.parseBlockOrModuleBlockBody (C:\Users\shami\Desktop\Low-Grade-F\node_modules\.pnpm\@babel+parser@7.29.7\node_modules\@babel\parser\lib\index.js:13333:36)
      at TypeScriptParserMixin.parseBlockBody (C:\Users\shami\Desktop\Low-Grade-F\node_modules\.pnpm\@babel+parser@7.29.7\node_modules\@babel\parser\lib\index.js:13326:10)
      at TypeScriptParserMixin.parseProgram (C:\Users\shami\Desktop\Low-Grade-F\node_modules\.pnpm\@babel+parser@7.29.7\node_modules\@babel\parser\lib\index.js:12639:10)
      at TypeScriptParserMixin.parseTopLevel (C:\Users\shami\Desktop\Low-Grade-F\node_modules\.pnpm\@babel+parser@7.29.7\node_modules\@babel\parser\lib\index.js:12629:25)
      at TypeScriptParserMixin.parse (C:\Users\shami\Desktop\Low-Grade-F\node_modules\.pnpm\@babel+parser@7.29.7\node_modules\@babel\parser\lib\index.js:14505:25)
[2m5:16:30 PM[22m [31m[1m[vite][22m[39m [31mInternal server error: C:\Users\shami\Desktop\Low-Grade-F\artifacts\lgf-website\src\components\sections\About.tsx: Unterminated string constant. (10:108)

[0m [90m  8 |[31m   { text[33m:[31m [32m"IS EASY."[31m[33m,[31m         className[33m:[31m [32m"text-white"[31m[33m,[31m  marginTop[33m:[31m [32m"0.08em"[31m[33m,[31m  align[33m:[31m [32m"center"[31m}[33m,[31m
 [90m  9 |[31m   { text[33m:[31m [32m"BEING REMEMBERED"[31m[33m,[31m className[33m:[31m [32m"text-chrome"[31m[33m,[31m marginTop[33m:[31m [32m"0.08em"[31m[33m,[31m  align[33m:[31m [32m"center"[31m}[33m,[31m
[31m[1m>[22m[31m[90m 10 |[31m   { text[33m:[31m [32m"IS NOT."[31m[33m,[31m          className[33m:[31m [32m"text-chrome"[31m[33m,[31m marginTop[33m:[31m [32m"0.08em"[31m[33m,[31m  align[33m:[31m [32m"center"[31m[33m,[31m paddingLeft[33m:[31m [32m".0},[31m
 [90m    |[31m                                                                                                             [31m[1m^[22m[31m
 [90m 11 |[31m ][33m;[31m
 [90m 12 |[31m
 [90m 13 |[31m [36mexport[31m [36mdefault[31m [36mfunction[31m [33mAbout[31m() {[0m[39m
  Plugin: [35mvite:react-babel[39m
  File: [36mC:/Users/shami/Desktop/Low-Grade-F/artifacts/lgf-website/src/components/sections/About.tsx[39m:10:108
[33m  10 |    { text: "IS NOT.",          className: "text-chrome", marginTop: "0.08em",  align: "center", paddingLeft: ".0},
  11 |  ];
  12 |  
     |  ^
  13 |  export default function About() {
  14 |    const wrapperRef = useRef<HTMLDivElement>(null);[39m
      at constructor (C:\Users\shami\Desktop\Low-Grade-F\node_modules\.pnpm\@babel+parser@7.29.7\node_modules\@babel\parser\lib\index.js:365:19)
      at TypeScriptParserMixin.raise (C:\Users\shami\Desktop\Low-Grade-F\node_modules\.pnpm\@babel+parser@7.29.7\node_modules\@babel\parser\lib\index.js:6616:19)
      at Object.unterminated (C:\Users\shami\Desktop\Low-Grade-F\node_modules\.pnpm\@babel+parser@7.29.7\node_modules\@babel\parser\lib\index.js:5681:20)
      at readStringContents (C:\Users\shami\Desktop\Low-Grade-F\node_modules\.pnpm\@babel+parser@7.29.7\node_modules\@babel\parser\lib\index.js:5423:16)
      at TypeScriptParserMixin.readString (C:\Users\shami\Desktop\Low-Grade-F\node_modules\.pnpm\@babel+parser@7.29.7\node_modules\@babel\parser\lib\index.js:6515:9)
      at TypeScriptParserMixin.getTokenFromCode (C:\Users\shami\Desktop\Low-Grade-F\node_modules\.pnpm\@babel+parser@7.29.7\node_modules\@babel\parser\lib\index.js:6275:14)
      at TypeScriptParserMixin.getTokenFromCode (C:\Users\shami\Desktop\Low-Grade-F\node_modules\.pnpm\@babel+parser@7.29.7\node_modules\@babel\parser\lib\index.js:4809:11)
      at TypeScriptParserMixin.getTokenFromCode (C:\Users\shami\Desktop\Low-Grade-F\node_modules\.pnpm\@babel+parser@7.29.7\node_modules\@babel\parser\lib\index.js:10004:11)
      at TypeScriptParserMixin.nextToken (C:\Users\shami\Desktop\Low-Grade-F\node_modules\.pnpm\@babel+parser@7.29.7\node_modules\@babel\parser\lib\index.js:5799:10)
      at TypeScriptParserMixin.next (C:\Users\shami\Desktop\Low-Grade-F\node_modules\.pnpm\@babel+parser@7.29.7\node_modules\@babel\parser\lib\index.js:5709:10)
      at TypeScriptParserMixin.eat (C:\Users\shami\Desktop\Low-Grade-F\node_modules\.pnpm\@babel+parser@7.29.7\node_modules\@babel\parser\lib\index.js:5713:12)
      at TypeScriptParserMixin.parseObjectProperty (C:\Users\shami\Desktop\Low-Grade-F\node_modules\.pnpm\@babel+parser@7.29.7\node_modules\@babel\parser\lib\index.js:11966:14)
      at TypeScriptParserMixin.parseObjPropValue (C:\Users\shami\Desktop\Low-Grade-F\node_modules\.pnpm\@babel+parser@7.29.7\node_modules\@babel\parser\lib\index.js:11995:100)
      at TypeScriptParserMixin.parseObjPropValue (C:\Users\shami\Desktop\Low-Grade-F\node_modules\.pnpm\@babel+parser@7.29.7\node_modules\@babel\parser\lib\index.js:9761:18)
      at TypeScriptParserMixin.parsePropertyDefinition (C:\Users\shami\Desktop\Low-Grade-F\node_modules\.pnpm\@babel+parser@7.29.7\node_modules\@babel\parser\lib\index.js:11932:17)
      at TypeScriptParserMixin.parseObjectLike (C:\Users\shami\Desktop\Low-Grade-F\node_modules\.pnpm\@babel+parser@7.29.7\node_modules\@babel\parser\lib\index.js:11849:21)
      at TypeScriptParserMixin.parseExprAtom (C:\Users\shami\Desktop\Low-Grade-F\node_modules\.pnpm\@babel+parser@7.29.7\node_modules\@babel\parser\lib\index.js:11356:23)
      at TypeScriptParserMixin.parseExprAtom (C:\Users\shami\Desktop\Low-Grade-F\node_modules\.pnpm\@babel+parser@7.29.7\node_modules\@babel\parser\lib\index.js:4776:20)
      at TypeScriptParserMixin.parseExprSubscripts (C:\Users\shami\Desktop\Low-Grade-F\node_modules\.pnpm\@babel+parser@7.29.7\node_modules\@babel\parser\lib\index.js:11098:23)
      at TypeScriptParserMixin.parseUpdate (C:\Users\shami\Desktop\Low-Grade-F\node_modules\.pnpm\@babel+parser@7.29.7\node_modules\@babel\parser\lib\index.js:11083:21)
      at TypeScriptParserMixin.parseMaybeUnary (C:\Users\shami\Desktop\Low-Grade-F\node_modules\.pnpm\@babel+parser@7.29.7\node_modules\@babel\parser\lib\index.js:11063:23)
      at TypeScriptParserMixin.parseMaybeUnary (C:\Users\shami\Desktop\Low-Grade-F\node_modules\.pnpm\@babel+parser@7.29.7\node_modules\@babel\parser\lib\index.js:9854:18)
      at TypeScriptParserMixin.parseMaybeUnaryOrPrivate (C:\Users\shami\Desktop\Low-Grade-F\node_modules\.pnpm\@babel+parser@7.29.7\node_modules\@babel\parser\lib\index.js:10916:61)
      at TypeScriptParserMixin.parseExprOps (C:\Users\shami\Desktop\Low-Grade-F\node_modules\.pnpm\@babel+parser@7.29.7\node_modules\@babel\parser\lib\index.js:10921:23)
      at TypeScriptParserMixin.parseMaybeConditional (C:\Users\shami\Desktop\Low-Grade-F\node_modules\.pnpm\@babel+parser@7.29.7\node_modules\@babel\parser\lib\index.js:10898:23)
      at TypeScriptParserMixin.parseMaybeAssign (C:\Users\shami\Desktop\Low-Grade-F\node_modules\.pnpm\@babel+parser@7.29.7\node_modules\@babel\parser\lib\index.js:10848:21)
      at TypeScriptParserMixin.parseMaybeAssign (C:\Users\shami\Desktop\Low-Grade-F\node_modules\.pnpm\@babel+parser@7.29.7\node_modules\@babel\parser\lib\index.js:9803:20)
      at C:\Users\shami\Desktop\Low-Grade-F\node_modules\.pnpm\@babel+parser@7.29.7\node_modules\@babel\parser\lib\index.js:10817:39
      at TypeScriptParserMixin.allowInAnd (C:\Users\shami\Desktop\Low-Grade-F\node_modules\.pnpm\@babel+parser@7.29.7\node_modules\@babel\parser\lib\index.js:12443:12)
      at TypeScriptParserMixin.parseMaybeAssignAllowIn (C:\Users\shami\Desktop\Low-Grade-F\node_modules\.pnpm\@babel+parser@7.29.7\node_modules\@babel\parser\lib\index.js:10817:17)
      at TypeScriptParserMixin.parseMaybeAssignAllowInOrVoidPattern (C:\Users\shami\Desktop\Low-Grade-F\node_modules\.pnpm\@babel+parser@7.29.7\node_modules\@babel\parser\lib\index.js:12510:17)
      at TypeScriptParserMixin.parseExprListItem (C:\Users\shami\Desktop\Low-Grade-F\node_modules\.pnpm\@babel+parser@7.29.7\node_modules\@babel\parser\lib\index.js:12192:18)
      at TypeScriptParserMixin.parseExprList (C:\Users\shami\Desktop\Low-Grade-F\node_modules\.pnpm\@babel+parser@7.29.7\node_modules\@babel\parser\lib\index.js:12167:22)
      at TypeScriptParserMixin.parseArrayLike (C:\Users\shami\Desktop\Low-Grade-F\node_modules\.pnpm\@babel+parser@7.29.7\node_modules\@babel\parser\lib\index.js:12074:26)
      at TypeScriptParserMixin.parseArrayLike (C:\Users\shami\Desktop\Low-Grade-F\node_modules\.pnpm\@babel+parser@7.29.7\node_modules\@babel\parser\lib\index.js:9210:24)
      at TypeScriptParserMixin.parseExprAtom (C:\Users\shami\Desktop\Low-Grade-F\node_modules\.pnpm\@babel+parser@7.29.7\node_modules\@babel\parser\lib\index.js:11352:23)
      at TypeScriptParserMixin.parseExprAtom (C:\Users\shami\Desktop\Low-Grade-F\node_modules\.pnpm\@babel+parser@7.29.7\node_modules\@babel\parser\lib\index.js:4776:20)
      at TypeScriptParserMixin.parseExprSubscripts (C:\Users\shami\Desktop\Low-Grade-F\node_modules\.pnpm\@babel+parser@7.29.7\node_modules\@babel\parser\lib\index.js:11098:23)
      at TypeScriptParserMixin.parseUpdate (C:\Users\shami\Desktop\Low-Grade-F\node_modules\.pnpm\@babel+parser@7.29.7\node_modules\@babel\parser\lib\index.js:11083:21)
      at TypeScriptParserMixin.parseMaybeUnary (C:\Users\shami\Desktop\Low-Grade-F\node_modules\.pnpm\@babel+parser@7.29.7\node_modules\@babel\parser\lib\index.js:11063:23)
      at TypeScriptParserMixin.parseMaybeUnary (C:\Users\shami\Desktop\Low-Grade-F\node_modules\.pnpm\@babel+parser@7.29.7\node_modules\@babel\parser\lib\index.js:9854:18)
      at TypeScriptParserMixin.parseMaybeUnaryOrPrivate (C:\Users\shami\Desktop\Low-Grade-F\node_modules\.pnpm\@babel+parser@7.29.7\node_modules\@babel\parser\lib\index.js:10916:61)
      at TypeScriptParserMixin.parseExprOps (C:\Users\shami\Desktop\Low-Grade-F\node_modules\.pnpm\@babel+parser@7.29.7\node_modules\@babel\parser\lib\index.js:10921:23)
      at TypeScriptParserMixin.parseMaybeConditional (C:\Users\shami\Desktop\Low-Grade-F\node_modules\.pnpm\@babel+parser@7.29.7\node_modules\@babel\parser\lib\index.js:10898:23)
      at TypeScriptParserMixin.parseMaybeAssign (C:\Users\shami\Desktop\Low-Grade-F\node_modules\.pnpm\@babel+parser@7.29.7\node_modules\@babel\parser\lib\index.js:10848:21)
      at TypeScriptParserMixin.parseMaybeAssign (C:\Users\shami\Desktop\Low-Grade-F\node_modules\.pnpm\@babel+parser@7.29.7\node_modules\@babel\parser\lib\index.js:9803:20)
      at C:\Users\shami\Desktop\Low-Grade-F\node_modules\.pnpm\@babel+parser@7.29.7\node_modules\@babel\parser\lib\index.js:10817:39
      at TypeScriptParserMixin.allowInAnd (C:\Users\shami\Desktop\Low-Grade-F\node_modules\.pnpm\@babel+parser@7.29.7\node_modules\@babel\parser\lib\index.js:12438:16)
      at TypeScriptParserMixin.parseMaybeAssignAllowIn (C:\Users\shami\Desktop\Low-Grade-F\node_modules\.pnpm\@babel+parser@7.29.7\node_modules\@babel\parser\lib\index.js:10817:17)
      at TypeScriptParserMixin.parseVar (C:\Users\shami\Desktop\Low-Grade-F\node_modules\.pnpm\@babel+parser@7.29.7\node_modules\@babel\parser\lib\index.js:13401:91)
[2m6:57:45 PM[22m [31m[1m[vite][22m[39m [31m[2m(client)[22m[39m Pre-transform error: Transform failed with 1 error:
C:/Users/shami/Desktop/Low-Grade-F/artifacts/lgf-website/src/constants/index.ts:41:9: ERROR: Unterminated string literal
  Plugin: [35mvite:esbuild[39m
  File: [36mC:/Users/shami/Desktop/Low-Grade-F/artifacts/lgf-website/src/constants/index.ts[39m:41:9
[33m  
  [33mUnterminated string literal[33m
  39 |      title: "AUTOMOBILE PHOTOGRAPHY & FILM",
  40 |      description:
  41 |        " ,
     |           ^
  42 |      bgImage: "/photos/bts-2.jpg",
  43 |    },
  [39m
[2m6:57:45 PM[22m [31m[1m[vite][22m[39m [31m[2m(client)[22m[39m Pre-transform error: Transform failed with 1 error:
C:/Users/shami/Desktop/Low-Grade-F/artifacts/lgf-website/src/constants/index.ts:41:9: ERROR: Unterminated string literal
  Plugin: [35mvite:esbuild[39m
  File: [36mC:/Users/shami/Desktop/Low-Grade-F/artifacts/lgf-website/src/constants/index.ts[39m:41:9
[33m  
  [33mUnterminated string literal[33m
  39 |      title: "AUTOMOBILE PHOTOGRAPHY & FILM",
  40 |      description:
  41 |        " ,
     |           ^
  42 |      bgImage: "/photos/bts-2.jpg",
  43 |    },
  [39m
[2m6:57:45 PM[22m [31m[1m[vite][22m[39m [31m[2m(client)[22m[39m Pre-transform error: Transform failed with 1 error:
C:/Users/shami/Desktop/Low-Grade-F/artifacts/lgf-website/src/constants/index.ts:41:9: ERROR: Unterminated string literal
  Plugin: [35mvite:esbuild[39m
  File: [36mC:/Users/shami/Desktop/Low-Grade-F/artifacts/lgf-website/src/constants/index.ts[39m:41:9
[33m  
  [33mUnterminated string literal[33m
  39 |      title: "AUTOMOBILE PHOTOGRAPHY & FILM",
  40 |      description:
  41 |        " ,
     |           ^
  42 |      bgImage: "/photos/bts-2.jpg",
  43 |    },
  [39m
[2m6:57:45 PM[22m [31m[1m[vite][22m[39m [31m[2m(client)[22m[39m Pre-transform error: Transform failed with 1 error:
C:/Users/shami/Desktop/Low-Grade-F/artifacts/lgf-website/src/constants/index.ts:41:9: ERROR: Unterminated string literal
  Plugin: [35mvite:esbuild[39m
  File: [36mC:/Users/shami/Desktop/Low-Grade-F/artifacts/lgf-website/src/constants/index.ts[39m:41:9
[33m  
  [33mUnterminated string literal[33m
  39 |      title: "AUTOMOBILE PHOTOGRAPHY & FILM",
  40 |      description:
  41 |        " ,
     |           ^
  42 |      bgImage: "/photos/bts-2.jpg",
  43 |    },
  [39m
[2m6:57:45 PM[22m [31m[1m[vite][22m[39m [31m[2m(client)[22m[39m Pre-transform error: Transform failed with 1 error:
C:/Users/shami/Desktop/Low-Grade-F/artifacts/lgf-website/src/constants/index.ts:41:9: ERROR: Unterminated string literal
  Plugin: [35mvite:esbuild[39m
  File: [36mC:/Users/shami/Desktop/Low-Grade-F/artifacts/lgf-website/src/constants/index.ts[39m:41:9
[33m  
  [33mUnterminated string literal[33m
  39 |      title: "AUTOMOBILE PHOTOGRAPHY & FILM",
  40 |      description:
  41 |        " ,
     |           ^
  42 |      bgImage: "/photos/bts-2.jpg",
  43 |    },
  [39m
[2m6:57:45 PM[22m [31m[1m[vite][22m[39m [31m[2m(client)[22m[39m Pre-transform error: Transform failed with 1 error:
C:/Users/shami/Desktop/Low-Grade-F/artifacts/lgf-website/src/constants/index.ts:41:9: ERROR: Unterminated string literal
  Plugin: [35mvite:esbuild[39m
  File: [36mC:/Users/shami/Desktop/Low-Grade-F/artifacts/lgf-website/src/constants/index.ts[39m:41:9
[33m  
  [33mUnterminated string literal[33m
  39 |      title: "AUTOMOBILE PHOTOGRAPHY & FILM",
  40 |      description:
  41 |        " ,
     |           ^
  42 |      bgImage: "/photos/bts-2.jpg",
  43 |    },
  [39m
[2m6:57:45 PM[22m [31m[1m[vite][22m[39m [31m[2m(client)[22m[39m Pre-transform error: Transform failed with 1 error:
C:/Users/shami/Desktop/Low-Grade-F/artifacts/lgf-website/src/constants/index.ts:41:9: ERROR: Unterminated string literal
  Plugin: [35mvite:esbuild[39m
  File: [36mC:/Users/shami/Desktop/Low-Grade-F/artifacts/lgf-website/src/constants/index.ts[39m:41:9
[33m  
  [33mUnterminated string literal[33m
  39 |      title: "AUTOMOBILE PHOTOGRAPHY & FILM",
  40 |      description:
  41 |        " ,
     |           ^
  42 |      bgImage: "/photos/bts-2.jpg",
  43 |    },
  [39m
[2m6:57:45 PM[22m [31m[1m[vite][22m[39m [31m[2m(client)[22m[39m Pre-transform error: Transform failed with 1 error:
C:/Users/shami/Desktop/Low-Grade-F/artifacts/lgf-website/src/constants/index.ts:41:9: ERROR: Unterminated string literal
  Plugin: [35mvite:esbuild[39m
  File: [36mC:/Users/shami/Desktop/Low-Grade-F/artifacts/lgf-website/src/constants/index.ts[39m:41:9
[33m  
  [33mUnterminated string literal[33m
  39 |      title: "AUTOMOBILE PHOTOGRAPHY & FILM",
  40 |      description:
  41 |        " ,
     |           ^
  42 |      bgImage: "/photos/bts-2.jpg",
  43 |    },
  [39m
[2m6:57:45 PM[22m [31m[1m[vite][22m[39m [31mInternal server error: Transform failed with 1 error:
C:/Users/shami/Desktop/Low-Grade-F/artifacts/lgf-website/src/constants/index.ts:41:9: ERROR: Unterminated string literal[39m
  Plugin: [35mvite:esbuild[39m
  File: [36mC:/Users/shami/Desktop/Low-Grade-F/artifacts/lgf-website/src/constants/index.ts[39m:41:9
[33m  
  [33mUnterminated string literal[33m
  39 |      title: "AUTOMOBILE PHOTOGRAPHY & FILM",
  40 |      description:
  41 |        " ,
     |           ^
  42 |      bgImage: "/photos/bts-2.jpg",
  43 |    },
  [39m
      at failureErrorWithLog (C:\Users\shami\Desktop\Low-Grade-F\node_modules\.pnpm\esbuild@0.28.1\node_modules\esbuild\lib\main.js:1748:15)
      at C:\Users\shami\Desktop\Low-Grade-F\node_modules\.pnpm\esbuild@0.28.1\node_modules\esbuild\lib\main.js:1017:50
      at responseCallbacks.<computed> (C:\Users\shami\Desktop\Low-Grade-F\node_modules\.pnpm\esbuild@0.28.1\node_modules\esbuild\lib\main.js:884:9)
      at handleIncomingPacket (C:\Users\shami\Desktop\Low-Grade-F\node_modules\.pnpm\esbuild@0.28.1\node_modules\esbuild\lib\main.js:939:12)
      at Socket.readFromStdout (C:\Users\shami\Desktop\Low-Grade-F\node_modules\.pnpm\esbuild@0.28.1\node_modules\esbuild\lib\main.js:862:7)
      at Socket.emit (node:events:508:28)
      at addChunk (node:internal/streams/readable:559:12)
      at readableAddChunkPushByteMode (node:internal/streams/readable:510:3)
      at Readable.push (node:internal/streams/readable:390:5)
      at Pipe.onStreamRead (node:internal/stream_base_commons:189:23)
[2m6:57:52 PM[22m [31m[1m[vite][22m[39m [31m[2m(client)[22m[39m Pre-transform error: Transform failed with 1 error:
C:/Users/shami/Desktop/Low-Grade-F/artifacts/lgf-website/src/constants/index.ts:41:11: ERROR: Unterminated string literal
  Plugin: [35mvite:esbuild[39m
  File: [36mC:/Users/shami/Desktop/Low-Grade-F/artifacts/lgf-website/src/constants/index.ts[39m:41:11
[33m  
  [33mUnterminated string literal[33m
  39 |      title: "AUTOMOBILE PHOTOGRAPHY & FILM",
  40 |      description:
  41 |        "Purp
     |             ^
  42 |      bgImage: "/photos/bts-2.jpg",
  43 |    },
  [39m
[2m6:57:52 PM[22m [31m[1m[vite][22m[39m [31m[2m(client)[22m[39m Pre-transform error: Transform failed with 1 error:
C:/Users/shami/Desktop/Low-Grade-F/artifacts/lgf-website/src/constants/index.ts:41:11: ERROR: Unterminated string literal
  Plugin: [35mvite:esbuild[39m
  File: [36mC:/Users/shami/Desktop/Low-Grade-F/artifacts/lgf-website/src/constants/index.ts[39m:41:11
[33m  
  [33mUnterminated string literal[33m
  39 |      title: "AUTOMOBILE PHOTOGRAPHY & FILM",
  40 |      description:
  41 |        "Purp
     |             ^
  42 |      bgImage: "/photos/bts-2.jpg",
  43 |    },
  [39m
[2m6:57:52 PM[22m [31m[1m[vite][22m[39m [31m[2m(client)[22m[39m Pre-transform error: Transform failed with 1 error:
C:/Users/shami/Desktop/Low-Grade-F/artifacts/lgf-website/src/constants/index.ts:41:11: ERROR: Unterminated string literal
  Plugin: [35mvite:esbuild[39m
  File: [36mC:/Users/shami/Desktop/Low-Grade-F/artifacts/lgf-website/src/constants/index.ts[39m:41:11
[33m  
  [33mUnterminated string literal[33m
  39 |      title: "AUTOMOBILE PHOTOGRAPHY & FILM",
  40 |      description:
  41 |        "Purp
     |             ^
  42 |      bgImage: "/photos/bts-2.jpg",
  43 |    },
  [39m
[2m6:57:52 PM[22m [31m[1m[vite][22m[39m [31m[2m(client)[22m[39m Pre-transform error: Transform failed with 1 error:
C:/Users/shami/Desktop/Low-Grade-F/artifacts/lgf-website/src/constants/index.ts:41:11: ERROR: Unterminated string literal
  Plugin: [35mvite:esbuild[39m
  File: [36mC:/Users/shami/Desktop/Low-Grade-F/artifacts/lgf-website/src/constants/index.ts[39m:41:11
[33m  
  [33mUnterminated string literal[33m
  39 |      title: "AUTOMOBILE PHOTOGRAPHY & FILM",
  40 |      description:
  41 |        "Purp
     |             ^
  42 |      bgImage: "/photos/bts-2.jpg",
  43 |    },
  [39m
[2m6:57:52 PM[22m [31m[1m[vite][22m[39m [31m[2m(client)[22m[39m Pre-transform error: Transform failed with 1 error:
C:/Users/shami/Desktop/Low-Grade-F/artifacts/lgf-website/src/constants/index.ts:41:11: ERROR: Unterminated string literal
  Plugin: [35mvite:esbuild[39m
  File: [36mC:/Users/shami/Desktop/Low-Grade-F/artifacts/lgf-website/src/constants/index.ts[39m:41:11
[33m  
  [33mUnterminated string literal[33m
  39 |      title: "AUTOMOBILE PHOTOGRAPHY & FILM",
  40 |      description:
  41 |        "Purp
     |             ^
  42 |      bgImage: "/photos/bts-2.jpg",
  43 |    },
  [39m
[2m6:57:52 PM[22m [31m[1m[vite][22m[39m [31m[2m(client)[22m[39m Pre-transform error: Transform failed with 1 error:
C:/Users/shami/Desktop/Low-Grade-F/artifacts/lgf-website/src/constants/index.ts:41:11: ERROR: Unterminated string literal
  Plugin: [35mvite:esbuild[39m
  File: [36mC:/Users/shami/Desktop/Low-Grade-F/artifacts/lgf-website/src/constants/index.ts[39m:41:11
[33m  
  [33mUnterminated string literal[33m
  39 |      title: "AUTOMOBILE PHOTOGRAPHY & FILM",
  40 |      description:
  41 |        "Purp
     |             ^
  42 |      bgImage: "/photos/bts-2.jpg",
  43 |    },
  [39m
[2m6:57:52 PM[22m [31m[1m[vite][22m[39m [31m[2m(client)[22m[39m Pre-transform error: Transform failed with 1 error:
C:/Users/shami/Desktop/Low-Grade-F/artifacts/lgf-website/src/constants/index.ts:41:11: ERROR: Unterminated string literal
  Plugin: [35mvite:esbuild[39m
  File: [36mC:/Users/shami/Desktop/Low-Grade-F/artifacts/lgf-website/src/constants/index.ts[39m:41:11
[33m  
  [33mUnterminated string literal[33m
  39 |      title: "AUTOMOBILE PHOTOGRAPHY & FILM",
  40 |      description:
  41 |        "Purp
     |             ^
  42 |      bgImage: "/photos/bts-2.jpg",
  43 |    },
  [39m
[2m6:57:52 PM[22m [31m[1m[vite][22m[39m [31m[2m(client)[22m[39m Pre-transform error: Transform failed with 1 error:
C:/Users/shami/Desktop/Low-Grade-F/artifacts/lgf-website/src/constants/index.ts:41:11: ERROR: Unterminated string literal
  Plugin: [35mvite:esbuild[39m
  File: [36mC:/Users/shami/Desktop/Low-Grade-F/artifacts/lgf-website/src/constants/index.ts[39m:41:11
[33m  
  [33mUnterminated string literal[33m
  39 |      title: "AUTOMOBILE PHOTOGRAPHY & FILM",
  40 |      description:
  41 |        "Purp
     |             ^
  42 |      bgImage: "/photos/bts-2.jpg",
  43 |    },
  [39m
[2m6:57:52 PM[22m [31m[1m[vite][22m[39m [31mInternal server error: Transform failed with 1 error:
C:/Users/shami/Desktop/Low-Grade-F/artifacts/lgf-website/src/constants/index.ts:41:11: ERROR: Unterminated string literal[39m
  Plugin: [35mvite:esbuild[39m
  File: [36mC:/Users/shami/Desktop/Low-Grade-F/artifacts/lgf-website/src/constants/index.ts[39m:41:11
[33m  
  [33mUnterminated string literal[33m
  39 |      title: "AUTOMOBILE PHOTOGRAPHY & FILM",
  40 |      description:
  41 |        "Purp
     |             ^
  42 |      bgImage: "/photos/bts-2.jpg",
  43 |    },
  [39m
      at failureErrorWithLog (C:\Users\shami\Desktop\Low-Grade-F\node_modules\.pnpm\esbuild@0.28.1\node_modules\esbuild\lib\main.js:1748:15)
      at C:\Users\shami\Desktop\Low-Grade-F\node_modules\.pnpm\esbuild@0.28.1\node_modules\esbuild\lib\main.js:1017:50
      at responseCallbacks.<computed> (C:\Users\shami\Desktop\Low-Grade-F\node_modules\.pnpm\esbuild@0.28.1\node_modules\esbuild\lib\main.js:884:9)
      at handleIncomingPacket (C:\Users\shami\Desktop\Low-Grade-F\node_modules\.pnpm\esbuild@0.28.1\node_modules\esbuild\lib\main.js:939:12)
      at Socket.readFromStdout (C:\Users\shami\Desktop\Low-Grade-F\node_modules\.pnpm\esbuild@0.28.1\node_modules\esbuild\lib\main.js:862:7)
      at Socket.emit (node:events:508:28)
      at addChunk (node:internal/streams/readable:559:12)
      at readableAddChunkPushByteMode (node:internal/streams/readable:510:3)
      at Readable.push (node:internal/streams/readable:390:5)
      at Pipe.onStreamRead (node:internal/stream_base_commons:189:23)
[2m6:57:54 PM[22m [31m[1m[vite][22m[39m [31m[2m(client)[22m[39m Pre-transform error: Transform failed with 1 error:
C:/Users/shami/Desktop/Low-Grade-F/artifacts/lgf-website/src/constants/index.ts:41:14: ERROR: Unterminated string literal
  Plugin: [35mvite:esbuild[39m
  File: [36mC:/Users/shami/Desktop/Low-Grade-F/artifacts/lgf-website/src/constants/index.ts[39m:41:14
[33m  
  [33mUnterminated string literal[33m
  39 |      title: "AUTOMOBILE PHOTOGRAPHY & FILM",
  40 |      description:
  41 |        "Purpose
     |                ^
  42 |      bgImage: "/photos/bts-2.jpg",
  43 |    },
  [39m
[2m6:57:54 PM[22m [31m[1m[vite][22m[39m [31m[2m(client)[22m[39m Pre-transform error: Transform failed with 1 error:
C:/Users/shami/Desktop/Low-Grade-F/artifacts/lgf-website/src/constants/index.ts:41:14: ERROR: Unterminated string literal
  Plugin: [35mvite:esbuild[39m
  File: [36mC:/Users/shami/Desktop/Low-Grade-F/artifacts/lgf-website/src/constants/index.ts[39m:41:14
[33m  
  [33mUnterminated string literal[33m
  39 |      title: "AUTOMOBILE PHOTOGRAPHY & FILM",
  40 |      description:
  41 |        "Purpose
     |                ^
  42 |      bgImage: "/photos/bts-2.jpg",
  43 |    },
  [39m
[2m6:57:54 PM[22m [31m[1m[vite][22m[39m [31m[2m(client)[22m[39m Pre-transform error: Transform failed with 1 error:
C:/Users/shami/Desktop/Low-Grade-F/artifacts/lgf-website/src/constants/index.ts:41:14: ERROR: Unterminated string literal
  Plugin: [35mvite:esbuild[39m
  File: [36mC:/Users/shami/Desktop/Low-Grade-F/artifacts/lgf-website/src/constants/index.ts[39m:41:14
[33m  
  [33mUnterminated string literal[33m
  39 |      title: "AUTOMOBILE PHOTOGRAPHY & FILM",
  40 |      description:
  41 |        "Purpose
     |                ^
  42 |      bgImage: "/photos/bts-2.jpg",
  43 |    },
  [39m
[2m6:57:54 PM[22m [31m[1m[vite][22m[39m [31m[2m(client)[22m[39m Pre-transform error: Transform failed with 1 error:
C:/Users/shami/Desktop/Low-Grade-F/artifacts/lgf-website/src/constants/index.ts:41:14: ERROR: Unterminated string literal
  Plugin: [35mvite:esbuild[39m
  File: [36mC:/Users/shami/Desktop/Low-Grade-F/artifacts/lgf-website/src/constants/index.ts[39m:41:14
[33m  
  [33mUnterminated string literal[33m
  39 |      title: "AUTOMOBILE PHOTOGRAPHY & FILM",
  40 |      description:
  41 |        "Purpose
     |                ^
  42 |      bgImage: "/photos/bts-2.jpg",
  43 |    },
  [39m
[2m6:57:54 PM[22m [31m[1m[vite][22m[39m [31m[2m(client)[22m[39m Pre-transform error: Transform failed with 1 error:
C:/Users/shami/Desktop/Low-Grade-F/artifacts/lgf-website/src/constants/index.ts:41:14: ERROR: Unterminated string literal
  Plugin: [35mvite:esbuild[39m
  File: [36mC:/Users/shami/Desktop/Low-Grade-F/artifacts/lgf-website/src/constants/index.ts[39m:41:14
[33m  
  [33mUnterminated string literal[33m
  39 |      title: "AUTOMOBILE PHOTOGRAPHY & FILM",
  40 |      description:
  41 |        "Purpose
     |                ^
  42 |      bgImage: "/photos/bts-2.jpg",
  43 |    },
  [39m
[2m6:57:54 PM[22m [31m[1m[vite][22m[39m [31m[2m(client)[22m[39m Pre-transform error: Transform failed with 1 error:
C:/Users/shami/Desktop/Low-Grade-F/artifacts/lgf-website/src/constants/index.ts:41:14: ERROR: Unterminated string literal
  Plugin: [35mvite:esbuild[39m
  File: [36mC:/Users/shami/Desktop/Low-Grade-F/artifacts/lgf-website/src/constants/index.ts[39m:41:14
[33m  
  [33mUnterminated string literal[33m
  39 |      title: "AUTOMOBILE PHOTOGRAPHY & FILM",
  40 |      description:
  41 |        "Purpose
     |                ^
  42 |      bgImage: "/photos/bts-2.jpg",
  43 |    },
  [39m
[2m6:57:54 PM[22m [31m[1m[vite][22m[39m [31m[2m(client)[22m[39m Pre-transform error: Transform failed with 1 error:
C:/Users/shami/Desktop/Low-Grade-F/artifacts/lgf-website/src/constants/index.ts:41:14: ERROR: Unterminated string literal
  Plugin: [35mvite:esbuild[39m
  File: [36mC:/Users/shami/Desktop/Low-Grade-F/artifacts/lgf-website/src/constants/index.ts[39m:41:14
[33m  
  [33mUnterminated string literal[33m
  39 |      title: "AUTOMOBILE PHOTOGRAPHY & FILM",
  40 |      description:
  41 |        "Purpose
     |                ^
  42 |      bgImage: "/photos/bts-2.jpg",
  43 |    },
  [39m
[2m6:57:54 PM[22m [31m[1m[vite][22m[39m [31m[2m(client)[22m[39m Pre-transform error: Transform failed with 1 error:
C:/Users/shami/Desktop/Low-Grade-F/artifacts/lgf-website/src/constants/index.ts:41:14: ERROR: Unterminated string literal
  Plugin: [35mvite:esbuild[39m
  File: [36mC:/Users/shami/Desktop/Low-Grade-F/artifacts/lgf-website/src/constants/index.ts[39m:41:14
[33m  
  [33mUnterminated string literal[33m
  39 |      title: "AUTOMOBILE PHOTOGRAPHY & FILM",
  40 |      description:
  41 |        "Purpose
     |                ^
  42 |      bgImage: "/photos/bts-2.jpg",
  43 |    },
  [39m
[2m6:57:54 PM[22m [31m[1m[vite][22m[39m [31mInternal server error: Transform failed with 1 error:
C:/Users/shami/Desktop/Low-Grade-F/artifacts/lgf-website/src/constants/index.ts:41:14: ERROR: Unterminated string literal[39m
  Plugin: [35mvite:esbuild[39m
  File: [36mC:/Users/shami/Desktop/Low-Grade-F/artifacts/lgf-website/src/constants/index.ts[39m:41:14
[33m  
  [33mUnterminated string literal[33m
  39 |      title: "AUTOMOBILE PHOTOGRAPHY & FILM",
  40 |      description:
  41 |        "Purpose
     |                ^
  42 |      bgImage: "/photos/bts-2.jpg",
  43 |    },
  [39m
      at failureErrorWithLog (C:\Users\shami\Desktop\Low-Grade-F\node_modules\.pnpm\esbuild@0.28.1\node_modules\esbuild\lib\main.js:1748:15)
      at C:\Users\shami\Desktop\Low-Grade-F\node_modules\.pnpm\esbuild@0.28.1\node_modules\esbuild\lib\main.js:1017:50
      at responseCallbacks.<computed> (C:\Users\shami\Desktop\Low-Grade-F\node_modules\.pnpm\esbuild@0.28.1\node_modules\esbuild\lib\main.js:884:9)
      at handleIncomingPacket (C:\Users\shami\Desktop\Low-Grade-F\node_modules\.pnpm\esbuild@0.28.1\node_modules\esbuild\lib\main.js:939:12)
      at Socket.readFromStdout (C:\Users\shami\Desktop\Low-Grade-F\node_modules\.pnpm\esbuild@0.28.1\node_modules\esbuild\lib\main.js:862:7)
      at Socket.emit (node:events:508:28)
      at addChunk (node:internal/streams/readable:559:12)
      at readableAddChunkPushByteMode (node:internal/streams/readable:510:3)
      at Readable.push (node:internal/streams/readable:390:5)
      at Pipe.onStreamRead (node:internal/stream_base_commons:189:23)
[2m6:58:00 PM[22m [31m[1m[vite][22m[39m [31m[2m(client)[22m[39m Pre-transform error: Transform failed with 1 error:
C:/Users/shami/Desktop/Low-Grade-F/artifacts/lgf-website/src/constants/index.ts:41:31: ERROR: Unterminated string literal
  Plugin: [35mvite:esbuild[39m
  File: [36mC:/Users/shami/Desktop/Low-Grade-F/artifacts/lgf-website/src/constants/index.ts[39m:41:31
[33m  
  [33mUnterminated string literal[33m
  39 |      title: "AUTOMOBILE PHOTOGRAPHY & FILM",
  40 |      description:
  41 |        "Purpose built automotive
     |                                 ^
  42 |      bgImage: "/photos/bts-2.jpg",
  43 |    },
  [39m
[2m6:58:00 PM[22m [31m[1m[vite][22m[39m [31m[2m(client)[22m[39m Pre-transform error: Transform failed with 1 error:
C:/Users/shami/Desktop/Low-Grade-F/artifacts/lgf-website/src/constants/index.ts:41:31: ERROR: Unterminated string literal
  Plugin: [35mvite:esbuild[39m
  File: [36mC:/Users/shami/Desktop/Low-Grade-F/artifacts/lgf-website/src/constants/index.ts[39m:41:31
[33m  
  [33mUnterminated string literal[33m
  39 |      title: "AUTOMOBILE PHOTOGRAPHY & FILM",
  40 |      description:
  41 |        "Purpose built automotive
     |                                 ^
  42 |      bgImage: "/photos/bts-2.jpg",
  43 |    },
  [39m
[2m6:58:00 PM[22m [31m[1m[vite][22m[39m [31m[2m(client)[22m[39m Pre-transform error: Transform failed with 1 error:
C:/Users/shami/Desktop/Low-Grade-F/artifacts/lgf-website/src/constants/index.ts:41:31: ERROR: Unterminated string literal
  Plugin: [35mvite:esbuild[39m
  File: [36mC:/Users/shami/Desktop/Low-Grade-F/artifacts/lgf-website/src/constants/index.ts[39m:41:31
[33m  
  [33mUnterminated string literal[33m
  39 |      title: "AUTOMOBILE PHOTOGRAPHY & FILM",
  40 |      description:
  41 |        "Purpose built automotive
     |                                 ^
  42 |      bgImage: "/photos/bts-2.jpg",
  43 |    },
  [39m
[2m6:58:00 PM[22m [31m[1m[vite][22m[39m [31m[2m(client)[22m[39m Pre-transform error: Transform failed with 1 error:
C:/Users/shami/Desktop/Low-Grade-F/artifacts/lgf-website/src/constants/index.ts:41:31: ERROR: Unterminated string literal
  Plugin: [35mvite:esbuild[39m
  File: [36mC:/Users/shami/Desktop/Low-Grade-F/artifacts/lgf-website/src/constants/index.ts[39m:41:31
[33m  
  [33mUnterminated string literal[33m
  39 |      title: "AUTOMOBILE PHOTOGRAPHY & FILM",
  40 |      description:
  41 |        "Purpose built automotive
     |                                 ^
  42 |      bgImage: "/photos/bts-2.jpg",
  43 |    },
  [39m
[2m6:58:00 PM[22m [31m[1m[vite][22m[39m [31m[2m(client)[22m[39m Pre-transform error: Transform failed with 1 error:
C:/Users/shami/Desktop/Low-Grade-F/artifacts/lgf-website/src/constants/index.ts:41:31: ERROR: Unterminated string literal
  Plugin: [35mvite:esbuild[39m
  File: [36mC:/Users/shami/Desktop/Low-Grade-F/artifacts/lgf-website/src/constants/index.ts[39m:41:31
[33m  
  [33mUnterminated string literal[33m
  39 |      title: "AUTOMOBILE PHOTOGRAPHY & FILM",
  40 |      description:
  41 |        "Purpose built automotive
     |                                 ^
  42 |      bgImage: "/photos/bts-2.jpg",
  43 |    },
  [39m
[2m6:58:00 PM[22m [31m[1m[vite][22m[39m [31m[2m(client)[22m[39m Pre-transform error: Transform failed with 1 error:
C:/Users/shami/Desktop/Low-Grade-F/artifacts/lgf-website/src/constants/index.ts:41:31: ERROR: Unterminated string literal
  Plugin: [35mvite:esbuild[39m
  File: [36mC:/Users/shami/Desktop/Low-Grade-F/artifacts/lgf-website/src/constants/index.ts[39m:41:31
[33m  
  [33mUnterminated string literal[33m
  39 |      title: "AUTOMOBILE PHOTOGRAPHY & FILM",
  40 |      description:
  41 |        "Purpose built automotive
     |                                 ^
  42 |      bgImage: "/photos/bts-2.jpg",
  43 |    },
  [39m
[2m6:58:00 PM[22m [31m[1m[vite][22m[39m [31m[2m(client)[22m[39m Pre-transform error: Transform failed with 1 error:
C:/Users/shami/Desktop/Low-Grade-F/artifacts/lgf-website/src/constants/index.ts:41:31: ERROR: Unterminated string literal
  Plugin: [35mvite:esbuild[39m
  File: [36mC:/Users/shami/Desktop/Low-Grade-F/artifacts/lgf-website/src/constants/index.ts[39m:41:31
[33m  
  [33mUnterminated string literal[33m
  39 |      title: "AUTOMOBILE PHOTOGRAPHY & FILM",
  40 |      description:
  41 |        "Purpose built automotive
     |                                 ^
  42 |      bgImage: "/photos/bts-2.jpg",
  43 |    },
  [39m
[2m6:58:00 PM[22m [31m[1m[vite][22m[39m [31m[2m(client)[22m[39m Pre-transform error: Transform failed with 1 error:
C:/Users/shami/Desktop/Low-Grade-F/artifacts/lgf-website/src/constants/index.ts:41:31: ERROR: Unterminated string literal
  Plugin: [35mvite:esbuild[39m
  File: [36mC:/Users/shami/Desktop/Low-Grade-F/artifacts/lgf-website/src/constants/index.ts[39m:41:31
[33m  
  [33mUnterminated string literal[33m
  39 |      title: "AUTOMOBILE PHOTOGRAPHY & FILM",
  40 |      description:
  41 |        "Purpose built automotive
     |                                 ^
  42 |      bgImage: "/photos/bts-2.jpg",
  43 |    },
  [39m
[2m6:58:00 PM[22m [31m[1m[vite][22m[39m [31mInternal server error: Transform failed with 1 error:
C:/Users/shami/Desktop/Low-Grade-F/artifacts/lgf-website/src/constants/index.ts:41:31: ERROR: Unterminated string literal[39m
  Plugin: [35mvite:esbuild[39m
  File: [36mC:/Users/shami/Desktop/Low-Grade-F/artifacts/lgf-website/src/constants/index.ts[39m:41:31
[33m  
  [33mUnterminated string literal[33m
  39 |      title: "AUTOMOBILE PHOTOGRAPHY & FILM",
  40 |      description:
  41 |        "Purpose built automotive
     |                                 ^
  42 |      bgImage: "/photos/bts-2.jpg",
  43 |    },
  [39m
      at failureErrorWithLog (C:\Users\shami\Desktop\Low-Grade-F\node_modules\.pnpm\esbuild@0.28.1\node_modules\esbuild\lib\main.js:1748:15)
      at C:\Users\shami\Desktop\Low-Grade-F\node_modules\.pnpm\esbuild@0.28.1\node_modules\esbuild\lib\main.js:1017:50
      at responseCallbacks.<computed> (C:\Users\shami\Desktop\Low-Grade-F\node_modules\.pnpm\esbuild@0.28.1\node_modules\esbuild\lib\main.js:884:9)
      at handleIncomingPacket (C:\Users\shami\Desktop\Low-Grade-F\node_modules\.pnpm\esbuild@0.28.1\node_modules\esbuild\lib\main.js:939:12)
      at Socket.readFromStdout (C:\Users\shami\Desktop\Low-Grade-F\node_modules\.pnpm\esbuild@0.28.1\node_modules\esbuild\lib\main.js:862:7)
      at Socket.emit (node:events:508:28)
      at addChunk (node:internal/streams/readable:559:12)
      at readableAddChunkPushByteMode (node:internal/streams/readable:510:3)
      at Readable.push (node:internal/streams/readable:390:5)
      at Pipe.onStreamRead (node:internal/stream_base_commons:189:23)
[2m6:58:01 PM[22m [31m[1m[vite][22m[39m [31m[2m(client)[22m[39m Pre-transform error: Transform failed with 1 error:
C:/Users/shami/Desktop/Low-Grade-F/artifacts/lgf-website/src/constants/index.ts:41:32: ERROR: Unterminated string literal
  Plugin: [35mvite:esbuild[39m
  File: [36mC:/Users/shami/Desktop/Low-Grade-F/artifacts/lgf-website/src/constants/index.ts[39m:41:32
[33m  
  [33mUnterminated string literal[33m
  39 |      title: "AUTOMOBILE PHOTOGRAPHY & FILM",
  40 |      description:
  41 |        "Purpose built automotive 
     |                                  ^
  42 |      bgImage: "/photos/bts-2.jpg",
  43 |    },
  [39m
[2m6:58:01 PM[22m [31m[1m[vite][22m[39m [31m[2m(client)[22m[39m Pre-transform error: Transform failed with 1 error:
C:/Users/shami/Desktop/Low-Grade-F/artifacts/lgf-website/src/constants/index.ts:41:32: ERROR: Unterminated string literal
  Plugin: [35mvite:esbuild[39m
  File: [36mC:/Users/shami/Desktop/Low-Grade-F/artifacts/lgf-website/src/constants/index.ts[39m:41:32
[33m  
  [33mUnterminated string literal[33m
  39 |      title: "AUTOMOBILE PHOTOGRAPHY & FILM",
  40 |      description:
  41 |        "Purpose built automotive 
     |                                  ^
  42 |      bgImage: "/photos/bts-2.jpg",
  43 |    },
  [39m
[2m6:58:02 PM[22m [31m[1m[vite][22m[39m [31m[2m(client)[22m[39m Pre-transform error: Transform failed with 1 error:
C:/Users/shami/Desktop/Low-Grade-F/artifacts/lgf-website/src/constants/index.ts:41:32: ERROR: Unterminated string literal
  Plugin: [35mvite:esbuild[39m
  File: [36mC:/Users/shami/Desktop/Low-Grade-F/artifacts/lgf-website/src/constants/index.ts[39m:41:32
[33m  
  [33mUnterminated string literal[33m
  39 |      title: "AUTOMOBILE PHOTOGRAPHY & FILM",
  40 |      description:
  41 |        "Purpose built automotive 
     |                                  ^
  42 |      bgImage: "/photos/bts-2.jpg",
  43 |    },
  [39m
[2m6:58:02 PM[22m [31m[1m[vite][22m[39m [31m[2m(client)[22m[39m Pre-transform error: Transform failed with 1 error:
C:/Users/shami/Desktop/Low-Grade-F/artifacts/lgf-website/src/constants/index.ts:41:32: ERROR: Unterminated string literal
  Plugin: [35mvite:esbuild[39m
  File: [36mC:/Users/shami/Desktop/Low-Grade-F/artifacts/lgf-website/src/constants/index.ts[39m:41:32
[33m  
  [33mUnterminated string literal[33m
  39 |      title: "AUTOMOBILE PHOTOGRAPHY & FILM",
  40 |      description:
  41 |        "Purpose built automotive 
     |                                  ^
  42 |      bgImage: "/photos/bts-2.jpg",
  43 |    },
  [39m
[2m6:58:02 PM[22m [31m[1m[vite][22m[39m [31m[2m(client)[22m[39m Pre-transform error: Transform failed with 1 error:
C:/Users/shami/Desktop/Low-Grade-F/artifacts/lgf-website/src/constants/index.ts:41:32: ERROR: Unterminated string literal
  Plugin: [35mvite:esbuild[39m
  File: [36mC:/Users/shami/Desktop/Low-Grade-F/artifacts/lgf-website/src/constants/index.ts[39m:41:32
[33m  
  [33mUnterminated string literal[33m
  39 |      title: "AUTOMOBILE PHOTOGRAPHY & FILM",
  40 |      description:
  41 |        "Purpose built automotive 
     |                                  ^
  42 |      bgImage: "/photos/bts-2.jpg",
  43 |    },
  [39m
[2m6:58:02 PM[22m [31m[1m[vite][22m[39m [31m[2m(client)[22m[39m Pre-transform error: Transform failed with 1 error:
C:/Users/shami/Desktop/Low-Grade-F/artifacts/lgf-website/src/constants/index.ts:41:32: ERROR: Unterminated string literal
  Plugin: [35mvite:esbuild[39m
  File: [36mC:/Users/shami/Desktop/Low-Grade-F/artifacts/lgf-website/src/constants/index.ts[39m:41:32
[33m  
  [33mUnterminated string literal[33m
  39 |      title: "AUTOMOBILE PHOTOGRAPHY & FILM",
  40 |      description:
  41 |        "Purpose built automotive 
     |                                  ^
  42 |      bgImage: "/photos/bts-2.jpg",
  43 |    },
  [39m
[2m6:58:02 PM[22m [31m[1m[vite][22m[39m [31m[2m(client)[22m[39m Pre-transform error: Transform failed with 1 error:
C:/Users/shami/Desktop/Low-Grade-F/artifacts/lgf-website/src/constants/index.ts:41:32: ERROR: Unterminated string literal
  Plugin: [35mvite:esbuild[39m
  File: [36mC:/Users/shami/Desktop/Low-Grade-F/artifacts/lgf-website/src/constants/index.ts[39m:41:32
[33m  
  [33mUnterminated string literal[33m
  39 |      title: "AUTOMOBILE PHOTOGRAPHY & FILM",
  40 |      description:
  41 |        "Purpose built automotive 
     |                                  ^
  42 |      bgImage: "/photos/bts-2.jpg",
  43 |    },
  [39m
[2m6:58:02 PM[22m [31m[1m[vite][22m[39m [31m[2m(client)[22m[39m Pre-transform error: Transform failed with 1 error:
C:/Users/shami/Desktop/Low-Grade-F/artifacts/lgf-website/src/constants/index.ts:41:32: ERROR: Unterminated string literal
  Plugin: [35mvite:esbuild[39m
  File: [36mC:/Users/shami/Desktop/Low-Grade-F/artifacts/lgf-website/src/constants/index.ts[39m:41:32
[33m  
  [33mUnterminated string literal[33m
  39 |      title: "AUTOMOBILE PHOTOGRAPHY & FILM",
  40 |      description:
  41 |        "Purpose built automotive 
     |                                  ^
  42 |      bgImage: "/photos/bts-2.jpg",
  43 |    },
  [39m
[2m6:58:02 PM[22m [31m[1m[vite][22m[39m [31mInternal server error: Transform failed with 1 error:
C:/Users/shami/Desktop/Low-Grade-F/artifacts/lgf-website/src/constants/index.ts:41:32: ERROR: Unterminated string literal[39m
  Plugin: [35mvite:esbuild[39m
  File: [36mC:/Users/shami/Desktop/Low-Grade-F/artifacts/lgf-website/src/constants/index.ts[39m:41:32
[33m  
  [33mUnterminated string literal[33m
  39 |      title: "AUTOMOBILE PHOTOGRAPHY & FILM",
  40 |      description:
  41 |        "Purpose built automotive 
     |                                  ^
  42 |      bgImage: "/photos/bts-2.jpg",
  43 |    },
  [39m
      at failureErrorWithLog (C:\Users\shami\Desktop\Low-Grade-F\node_modules\.pnpm\esbuild@0.28.1\node_modules\esbuild\lib\main.js:1748:15)
      at C:\Users\shami\Desktop\Low-Grade-F\node_modules\.pnpm\esbuild@0.28.1\node_modules\esbuild\lib\main.js:1017:50
      at responseCallbacks.<computed> (C:\Users\shami\Desktop\Low-Grade-F\node_modules\.pnpm\esbuild@0.28.1\node_modules\esbuild\lib\main.js:884:9)
      at handleIncomingPacket (C:\Users\shami\Desktop\Low-Grade-F\node_modules\.pnpm\esbuild@0.28.1\node_modules\esbuild\lib\main.js:939:12)
      at Socket.readFromStdout (C:\Users\shami\Desktop\Low-Grade-F\node_modules\.pnpm\esbuild@0.28.1\node_modules\esbuild\lib\main.js:862:7)
      at Socket.emit (node:events:508:28)
      at addChunk (node:internal/streams/readable:559:12)
      at readableAddChunkPushByteMode (node:internal/streams/readable:510:3)
      at Readable.push (node:internal/streams/readable:390:5)
      at Pipe.onStreamRead (node:internal/stream_base_commons:189:23)
[2m6:58:05 PM[22m [31m[1m[vite][22m[39m [31m[2m(client)[22m[39m Pre-transform error: Transform failed with 1 error:
C:/Users/shami/Desktop/Low-Grade-F/artifacts/lgf-website/src/constants/index.ts:41:38: ERROR: Unterminated string literal
  Plugin: [35mvite:esbuild[39m
  File: [36mC:/Users/shami/Desktop/Low-Grade-F/artifacts/lgf-website/src/constants/index.ts[39m:41:38
[33m  
  [33mUnterminated string literal[33m
  39 |      title: "AUTOMOBILE PHOTOGRAPHY & FILM",
  40 |      description:
  41 |        "Purpose built automotive films 
     |                                        ^
  42 |      bgImage: "/photos/bts-2.jpg",
  43 |    },
  [39m
[2m6:58:05 PM[22m [31m[1m[vite][22m[39m [31m[2m(client)[22m[39m Pre-transform error: Transform failed with 1 error:
C:/Users/shami/Desktop/Low-Grade-F/artifacts/lgf-website/src/constants/index.ts:41:38: ERROR: Unterminated string literal
  Plugin: [35mvite:esbuild[39m
  File: [36mC:/Users/shami/Desktop/Low-Grade-F/artifacts/lgf-website/src/constants/index.ts[39m:41:38
[33m  
  [33mUnterminated string literal[33m
  39 |      title: "AUTOMOBILE PHOTOGRAPHY & FILM",
  40 |      description:
  41 |        "Purpose built automotive films 
     |                                        ^
  42 |      bgImage: "/photos/bts-2.jpg",
  43 |    },
  [39m
[2m6:58:05 PM[22m [31m[1m[vite][22m[39m [31m[2m(client)[22m[39m Pre-transform error: Transform failed with 1 error:
C:/Users/shami/Desktop/Low-Grade-F/artifacts/lgf-website/src/constants/index.ts:41:38: ERROR: Unterminated string literal
  Plugin: [35mvite:esbuild[39m
  File: [36mC:/Users/shami/Desktop/Low-Grade-F/artifacts/lgf-website/src/constants/index.ts[39m:41:38
[33m  
  [33mUnterminated string literal[33m
  39 |      title: "AUTOMOBILE PHOTOGRAPHY & FILM",
  40 |      description:
  41 |        "Purpose built automotive films 
     |                                        ^
  42 |      bgImage: "/photos/bts-2.jpg",
  43 |    },
  [39m
[2m6:58:05 PM[22m [31m[1m[vite][22m[39m [31m[2m(client)[22m[39m Pre-transform error: Transform failed with 1 error:
C:/Users/shami/Desktop/Low-Grade-F/artifacts/lgf-website/src/constants/index.ts:41:38: ERROR: Unterminated string literal
  Plugin: [35mvite:esbuild[39m
  File: [36mC:/Users/shami/Desktop/Low-Grade-F/artifacts/lgf-website/src/constants/index.ts[39m:41:38
[33m  
  [33mUnterminated string literal[33m
  39 |      title: "AUTOMOBILE PHOTOGRAPHY & FILM",
  40 |      description:
  41 |        "Purpose built automotive films 
     |                                        ^
  42 |      bgImage: "/photos/bts-2.jpg",
  43 |    },
  [39m
[2m6:58:05 PM[22m [31m[1m[vite][22m[39m [31m[2m(client)[22m[39m Pre-transform error: Transform failed with 1 error:
C:/Users/shami/Desktop/Low-Grade-F/artifacts/lgf-website/src/constants/index.ts:41:38: ERROR: Unterminated string literal
  Plugin: [35mvite:esbuild[39m
  File: [36mC:/Users/shami/Desktop/Low-Grade-F/artifacts/lgf-website/src/constants/index.ts[39m:41:38
[33m  
  [33mUnterminated string literal[33m
  39 |      title: "AUTOMOBILE PHOTOGRAPHY & FILM",
  40 |      description:
  41 |        "Purpose built automotive films 
     |                                        ^
  42 |      bgImage: "/photos/bts-2.jpg",
  43 |    },
  [39m
[2m6:58:05 PM[22m [31m[1m[vite][22m[39m [31m[2m(client)[22m[39m Pre-transform error: Transform failed with 1 error:
C:/Users/shami/Desktop/Low-Grade-F/artifacts/lgf-website/src/constants/index.ts:41:38: ERROR: Unterminated string literal
  Plugin: [35mvite:esbuild[39m
  File: [36mC:/Users/shami/Desktop/Low-Grade-F/artifacts/lgf-website/src/constants/index.ts[39m:41:38
[33m  
  [33mUnterminated string literal[33m
  39 |      title: "AUTOMOBILE PHOTOGRAPHY & FILM",
  40 |      description:
  41 |        "Purpose built automotive films 
     |                                        ^
  42 |      bgImage: "/photos/bts-2.jpg",
  43 |    },
  [39m
[2m6:58:05 PM[22m [31m[1m[vite][22m[39m [31m[2m(client)[22m[39m Pre-transform error: Transform failed with 1 error:
C:/Users/shami/Desktop/Low-Grade-F/artifacts/lgf-website/src/constants/index.ts:41:38: ERROR: Unterminated string literal
  Plugin: [35mvite:esbuild[39m
  File: [36mC:/Users/shami/Desktop/Low-Grade-F/artifacts/lgf-website/src/constants/index.ts[39m:41:38
[33m  
  [33mUnterminated string literal[33m
  39 |      title: "AUTOMOBILE PHOTOGRAPHY & FILM",
  40 |      description:
  41 |        "Purpose built automotive films 
     |                                        ^
  42 |      bgImage: "/photos/bts-2.jpg",
  43 |    },
  [39m
[2m6:58:05 PM[22m [31m[1m[vite][22m[39m [31m[2m(client)[22m[39m Pre-transform error: Transform failed with 1 error:
C:/Users/shami/Desktop/Low-Grade-F/artifacts/lgf-website/src/constants/index.ts:41:38: ERROR: Unterminated string literal
  Plugin: [35mvite:esbuild[39m
  File: [36mC:/Users/shami/Desktop/Low-Grade-F/artifacts/lgf-website/src/constants/index.ts[39m:41:38
[33m  
  [33mUnterminated string literal[33m
  39 |      title: "AUTOMOBILE PHOTOGRAPHY & FILM",
  40 |      description:
  41 |        "Purpose built automotive films 
     |                                        ^
  42 |      bgImage: "/photos/bts-2.jpg",
  43 |    },
  [39m
[2m6:58:05 PM[22m [31m[1m[vite][22m[39m [31mInternal server error: Transform failed with 1 error:
C:/Users/shami/Desktop/Low-Grade-F/artifacts/lgf-website/src/constants/index.ts:41:38: ERROR: Unterminated string literal[39m
  Plugin: [35mvite:esbuild[39m
  File: [36mC:/Users/shami/Desktop/Low-Grade-F/artifacts/lgf-website/src/constants/index.ts[39m:41:38
[33m  
  [33mUnterminated string literal[33m
  39 |      title: "AUTOMOBILE PHOTOGRAPHY & FILM",
  40 |      description:
  41 |        "Purpose built automotive films 
     |                                        ^
  42 |      bgImage: "/photos/bts-2.jpg",
  43 |    },
  [39m
      at failureErrorWithLog (C:\Users\shami\Desktop\Low-Grade-F\node_modules\.pnpm\esbuild@0.28.1\node_modules\esbuild\lib\main.js:1748:15)
      at C:\Users\shami\Desktop\Low-Grade-F\node_modules\.pnpm\esbuild@0.28.1\node_modules\esbuild\lib\main.js:1017:50
      at responseCallbacks.<computed> (C:\Users\shami\Desktop\Low-Grade-F\node_modules\.pnpm\esbuild@0.28.1\node_modules\esbuild\lib\main.js:884:9)
      at handleIncomingPacket (C:\Users\shami\Desktop\Low-Grade-F\node_modules\.pnpm\esbuild@0.28.1\node_modules\esbuild\lib\main.js:939:12)
      at Socket.readFromStdout (C:\Users\shami\Desktop\Low-Grade-F\node_modules\.pnpm\esbuild@0.28.1\node_modules\esbuild\lib\main.js:862:7)
      at Socket.emit (node:events:508:28)
      at addChunk (node:internal/streams/readable:559:12)
      at readableAddChunkPushByteMode (node:internal/streams/readable:510:3)
      at Readable.push (node:internal/streams/readable:390:5)
      at Pipe.onStreamRead (node:internal/stream_base_commons:189:23)
[2m6:58:10 PM[22m [31m[1m[vite][22m[39m [31m[2m(client)[22m[39m Pre-transform error: Transform failed with 1 error:
C:/Users/shami/Desktop/Low-Grade-F/artifacts/lgf-website/src/constants/index.ts:41:52: ERROR: Unterminated string literal
  Plugin: [35mvite:esbuild[39m
  File: [36mC:/Users/shami/Desktop/Low-Grade-F/artifacts/lgf-website/src/constants/index.ts[39m:41:52
[33m  
  [33mUnterminated string literal[33m
  39 |      title: "AUTOMOBILE PHOTOGRAPHY & FILM",
  40 |      description:
  41 |        "Purpose built automotive films that translate
     |                                                      ^
  42 |      bgImage: "/photos/bts-2.jpg",
  43 |    },
  [39m
[2m6:58:10 PM[22m [31m[1m[vite][22m[39m [31m[2m(client)[22m[39m Pre-transform error: Transform failed with 1 error:
C:/Users/shami/Desktop/Low-Grade-F/artifacts/lgf-website/src/constants/index.ts:41:52: ERROR: Unterminated string literal
  Plugin: [35mvite:esbuild[39m
  File: [36mC:/Users/shami/Desktop/Low-Grade-F/artifacts/lgf-website/src/constants/index.ts[39m:41:52
[33m  
  [33mUnterminated string literal[33m
  39 |      title: "AUTOMOBILE PHOTOGRAPHY & FILM",
  40 |      description:
  41 |        "Purpose built automotive films that translate
     |                                                      ^
  42 |      bgImage: "/photos/bts-2.jpg",
  43 |    },
  [39m
[2m6:58:10 PM[22m [31m[1m[vite][22m[39m [31m[2m(client)[22m[39m Pre-transform error: Transform failed with 1 error:
C:/Users/shami/Desktop/Low-Grade-F/artifacts/lgf-website/src/constants/index.ts:41:52: ERROR: Unterminated string literal
  Plugin: [35mvite:esbuild[39m
  File: [36mC:/Users/shami/Desktop/Low-Grade-F/artifacts/lgf-website/src/constants/index.ts[39m:41:52
[33m  
  [33mUnterminated string literal[33m
  39 |      title: "AUTOMOBILE PHOTOGRAPHY & FILM",
  40 |      description:
  41 |        "Purpose built automotive films that translate
     |                                                      ^
  42 |      bgImage: "/photos/bts-2.jpg",
  43 |    },
  [39m
[2m6:58:10 PM[22m [31m[1m[vite][22m[39m [31m[2m(client)[22m[39m Pre-transform error: Transform failed with 1 error:
C:/Users/shami/Desktop/Low-Grade-F/artifacts/lgf-website/src/constants/index.ts:41:52: ERROR: Unterminated string literal
  Plugin: [35mvite:esbuild[39m
  File: [36mC:/Users/shami/Desktop/Low-Grade-F/artifacts/lgf-website/src/constants/index.ts[39m:41:52
[33m  
  [33mUnterminated string literal[33m
  39 |      title: "AUTOMOBILE PHOTOGRAPHY & FILM",
  40 |      description:
  41 |        "Purpose built automotive films that translate
     |                                                      ^
  42 |      bgImage: "/photos/bts-2.jpg",
  43 |    },
  [39m
[2m6:58:10 PM[22m [31m[1m[vite][22m[39m [31m[2m(client)[22m[39m Pre-transform error: Transform failed with 1 error:
C:/Users/shami/Desktop/Low-Grade-F/artifacts/lgf-website/src/constants/index.ts:41:52: ERROR: Unterminated string literal
  Plugin: [35mvite:esbuild[39m
  File: [36mC:/Users/shami/Desktop/Low-Grade-F/artifacts/lgf-website/src/constants/index.ts[39m:41:52
[33m  
  [33mUnterminated string literal[33m
  39 |      title: "AUTOMOBILE PHOTOGRAPHY & FILM",
  40 |      description:
  41 |        "Purpose built automotive films that translate
     |                                                      ^
  42 |      bgImage: "/photos/bts-2.jpg",
  43 |    },
  [39m
[2m6:58:10 PM[22m [31m[1m[vite][22m[39m [31m[2m(client)[22m[39m Pre-transform error: Transform failed with 1 error:
C:/Users/shami/Desktop/Low-Grade-F/artifacts/lgf-website/src/constants/index.ts:41:52: ERROR: Unterminated string literal
  Plugin: [35mvite:esbuild[39m
  File: [36mC:/Users/shami/Desktop/Low-Grade-F/artifacts/lgf-website/src/constants/index.ts[39m:41:52
[33m  
  [33mUnterminated string literal[33m
  39 |      title: "AUTOMOBILE PHOTOGRAPHY & FILM",
  40 |      description:
  41 |        "Purpose built automotive films that translate
     |                                                      ^
  42 |      bgImage: "/photos/bts-2.jpg",
  43 |    },
  [39m
[2m6:58:10 PM[22m [31m[1m[vite][22m[39m [31m[2m(client)[22m[39m Pre-transform error: Transform failed with 1 error:
C:/Users/shami/Desktop/Low-Grade-F/artifacts/lgf-website/src/constants/index.ts:41:52: ERROR: Unterminated string literal
  Plugin: [35mvite:esbuild[39m
  File: [36mC:/Users/shami/Desktop/Low-Grade-F/artifacts/lgf-website/src/constants/index.ts[39m:41:52
[33m  
  [33mUnterminated string literal[33m
  39 |      title: "AUTOMOBILE PHOTOGRAPHY & FILM",
  40 |      description:
  41 |        "Purpose built automotive films that translate
     |                                                      ^
  42 |      bgImage: "/photos/bts-2.jpg",
  43 |    },
  [39m
[2m6:58:10 PM[22m [31m[1m[vite][22m[39m [31mInternal server error: Transform failed with 1 error:
C:/Users/shami/Desktop/Low-Grade-F/artifacts/lgf-website/src/constants/index.ts:41:52: ERROR: Unterminated string literal[39m
  Plugin: [35mvite:esbuild[39m
  File: [36mC:/Users/shami/Desktop/Low-Grade-F/artifacts/lgf-website/src/constants/index.ts[39m:41:52
[33m  
  [33mUnterminated string literal[33m
  39 |      title: "AUTOMOBILE PHOTOGRAPHY & FILM",
  40 |      description:
  41 |        "Purpose built automotive films that translate
     |                                                      ^
  42 |      bgImage: "/photos/bts-2.jpg",
  43 |    },
  [39m
      at failureErrorWithLog (C:\Users\shami\Desktop\Low-Grade-F\node_modules\.pnpm\esbuild@0.28.1\node_modules\esbuild\lib\main.js:1748:15)
      at C:\Users\shami\Desktop\Low-Grade-F\node_modules\.pnpm\esbuild@0.28.1\node_modules\esbuild\lib\main.js:1017:50
      at responseCallbacks.<computed> (C:\Users\shami\Desktop\Low-Grade-F\node_modules\.pnpm\esbuild@0.28.1\node_modules\esbuild\lib\main.js:884:9)
      at handleIncomingPacket (C:\Users\shami\Desktop\Low-Grade-F\node_modules\.pnpm\esbuild@0.28.1\node_modules\esbuild\lib\main.js:939:12)
      at Socket.readFromStdout (C:\Users\shami\Desktop\Low-Grade-F\node_modules\.pnpm\esbuild@0.28.1\node_modules\esbuild\lib\main.js:862:7)
      at Socket.emit (node:events:508:28)
      at addChunk (node:internal/streams/readable:559:12)
      at readableAddChunkPushByteMode (node:internal/streams/readable:510:3)
      at Readable.push (node:internal/streams/readable:390:5)
      at Pipe.onStreamRead (node:internal/stream_base_commons:189:23)
[2m6:58:10 PM[22m [31m[1m[vite][22m[39m [31m[2m(client)[22m[39m Pre-transform error: Transform failed with 1 error:
C:/Users/shami/Desktop/Low-Grade-F/artifacts/lgf-website/src/constants/index.ts:41:52: ERROR: Unterminated string literal
  Plugin: [35mvite:esbuild[39m
  File: [36mC:/Users/shami/Desktop/Low-Grade-F/artifacts/lgf-website/src/constants/index.ts[39m:41:52
[33m  
  [33mUnterminated string literal[33m
  39 |      title: "AUTOMOBILE PHOTOGRAPHY & FILM",
  40 |      description:
  41 |        "Purpose built automotive films that translate
     |                                                      ^
  42 |      bgImage: "/photos/bts-2.jpg",
  43 |    },
  [39m
[2m6:58:19 PM[22m [31m[1m[vite][22m[39m [31m[2m(client)[22m[39m Pre-transform error: Transform failed with 1 error:
C:/Users/shami/Desktop/Low-Grade-F/artifacts/lgf-website/src/constants/index.ts:41:64: ERROR: Unterminated string literal
  Plugin: [35mvite:esbuild[39m
  File: [36mC:/Users/shami/Desktop/Low-Grade-F/artifacts/lgf-website/src/constants/index.ts[39m:41:64
[33m  
  [33mUnterminated string literal[33m
  39 |      title: "AUTOMOBILE PHOTOGRAPHY & FILM",
  40 |      description:
  41 |        "Purpose built automotive films that translate engineering
     |                                                                  ^
  42 |      bgImage: "/photos/bts-2.jpg",
  43 |    },
  [39m
[2m6:58:19 PM[22m [31m[1m[vite][22m[39m [31m[2m(client)[22m[39m Pre-transform error: Transform failed with 1 error:
C:/Users/shami/Desktop/Low-Grade-F/artifacts/lgf-website/src/constants/index.ts:41:64: ERROR: Unterminated string literal
  Plugin: [35mvite:esbuild[39m
  File: [36mC:/Users/shami/Desktop/Low-Grade-F/artifacts/lgf-website/src/constants/index.ts[39m:41:64
[33m  
  [33mUnterminated string literal[33m
  39 |      title: "AUTOMOBILE PHOTOGRAPHY & FILM",
  40 |      description:
  41 |        "Purpose built automotive films that translate engineering
     |                                                                  ^
  42 |      bgImage: "/photos/bts-2.jpg",
  43 |    },
  [39m
[2m6:58:19 PM[22m [31m[1m[vite][22m[39m [31m[2m(client)[22m[39m Pre-transform error: Transform failed with 1 error:
C:/Users/shami/Desktop/Low-Grade-F/artifacts/lgf-website/src/constants/index.ts:41:64: ERROR: Unterminated string literal
  Plugin: [35mvite:esbuild[39m
  File: [36mC:/Users/shami/Desktop/Low-Grade-F/artifacts/lgf-website/src/constants/index.ts[39m:41:64
[33m  
  [33mUnterminated string literal[33m
  39 |      title: "AUTOMOBILE PHOTOGRAPHY & FILM",
  40 |      description:
  41 |        "Purpose built automotive films that translate engineering
     |                                                                  ^
  42 |      bgImage: "/photos/bts-2.jpg",
  43 |    },
  [39m
[2m6:58:19 PM[22m [31m[1m[vite][22m[39m [31m[2m(client)[22m[39m Pre-transform error: Transform failed with 1 error:
C:/Users/shami/Desktop/Low-Grade-F/artifacts/lgf-website/src/constants/index.ts:41:64: ERROR: Unterminated string literal
  Plugin: [35mvite:esbuild[39m
  File: [36mC:/Users/shami/Desktop/Low-Grade-F/artifacts/lgf-website/src/constants/index.ts[39m:41:64
[33m  
  [33mUnterminated string literal[33m
  39 |      title: "AUTOMOBILE PHOTOGRAPHY & FILM",
  40 |      description:
  41 |        "Purpose built automotive films that translate engineering
     |                                                                  ^
  42 |      bgImage: "/photos/bts-2.jpg",
  43 |    },
  [39m
[2m6:58:19 PM[22m [31m[1m[vite][22m[39m [31m[2m(client)[22m[39m Pre-transform error: Transform failed with 1 error:
C:/Users/shami/Desktop/Low-Grade-F/artifacts/lgf-website/src/constants/index.ts:41:64: ERROR: Unterminated string literal
  Plugin: [35mvite:esbuild[39m
  File: [36mC:/Users/shami/Desktop/Low-Grade-F/artifacts/lgf-website/src/constants/index.ts[39m:41:64
[33m  
  [33mUnterminated string literal[33m
  39 |      title: "AUTOMOBILE PHOTOGRAPHY & FILM",
  40 |      description:
  41 |        "Purpose built automotive films that translate engineering
     |                                                                  ^
  42 |      bgImage: "/photos/bts-2.jpg",
  43 |    },
  [39m
[2m6:58:19 PM[22m [31m[1m[vite][22m[39m [31m[2m(client)[22m[39m Pre-transform error: Transform failed with 1 error:
C:/Users/shami/Desktop/Low-Grade-F/artifacts/lgf-website/src/constants/index.ts:41:64: ERROR: Unterminated string literal
  Plugin: [35mvite:esbuild[39m
  File: [36mC:/Users/shami/Desktop/Low-Grade-F/artifacts/lgf-website/src/constants/index.ts[39m:41:64
[33m  
  [33mUnterminated string literal[33m
  39 |      title: "AUTOMOBILE PHOTOGRAPHY & FILM",
  40 |      description:
  41 |        "Purpose built automotive films that translate engineering
     |                                                                  ^
  42 |      bgImage: "/photos/bts-2.jpg",
  43 |    },
  [39m
[2m6:58:19 PM[22m [31m[1m[vite][22m[39m [31m[2m(client)[22m[39m Pre-transform error: Transform failed with 1 error:
C:/Users/shami/Desktop/Low-Grade-F/artifacts/lgf-website/src/constants/index.ts:41:64: ERROR: Unterminated string literal
  Plugin: [35mvite:esbuild[39m
  File: [36mC:/Users/shami/Desktop/Low-Grade-F/artifacts/lgf-website/src/constants/index.ts[39m:41:64
[33m  
  [33mUnterminated string literal[33m
  39 |      title: "AUTOMOBILE PHOTOGRAPHY & FILM",
  40 |      description:
  41 |        "Purpose built automotive films that translate engineering
     |                                                                  ^
  42 |      bgImage: "/photos/bts-2.jpg",
  43 |    },
  [39m
[2m6:58:19 PM[22m [31m[1m[vite][22m[39m [31m[2m(client)[22m[39m Pre-transform error: Transform failed with 1 error:
C:/Users/shami/Desktop/Low-Grade-F/artifacts/lgf-website/src/constants/index.ts:41:64: ERROR: Unterminated string literal
  Plugin: [35mvite:esbuild[39m
  File: [36mC:/Users/shami/Desktop/Low-Grade-F/artifacts/lgf-website/src/constants/index.ts[39m:41:64
[33m  
  [33mUnterminated string literal[33m
  39 |      title: "AUTOMOBILE PHOTOGRAPHY & FILM",
  40 |      description:
  41 |        "Purpose built automotive films that translate engineering
     |                                                                  ^
  42 |      bgImage: "/photos/bts-2.jpg",
  43 |    },
  [39m
[2m6:58:19 PM[22m [31m[1m[vite][22m[39m [31mInternal server error: Transform failed with 1 error:
C:/Users/shami/Desktop/Low-Grade-F/artifacts/lgf-website/src/constants/index.ts:41:64: ERROR: Unterminated string literal[39m
  Plugin: [35mvite:esbuild[39m
  File: [36mC:/Users/shami/Desktop/Low-Grade-F/artifacts/lgf-website/src/constants/index.ts[39m:41:64
[33m  
  [33mUnterminated string literal[33m
  39 |      title: "AUTOMOBILE PHOTOGRAPHY & FILM",
  40 |      description:
  41 |        "Purpose built automotive films that translate engineering
     |                                                                  ^
  42 |      bgImage: "/photos/bts-2.jpg",
  43 |    },
  [39m
      at failureErrorWithLog (C:\Users\shami\Desktop\Low-Grade-F\node_modules\.pnpm\esbuild@0.28.1\node_modules\esbuild\lib\main.js:1748:15)
      at C:\Users\shami\Desktop\Low-Grade-F\node_modules\.pnpm\esbuild@0.28.1\node_modules\esbuild\lib\main.js:1017:50
      at responseCallbacks.<computed> (C:\Users\shami\Desktop\Low-Grade-F\node_modules\.pnpm\esbuild@0.28.1\node_modules\esbuild\lib\main.js:884:9)
      at handleIncomingPacket (C:\Users\shami\Desktop\Low-Grade-F\node_modules\.pnpm\esbuild@0.28.1\node_modules\esbuild\lib\main.js:939:12)
      at Socket.readFromStdout (C:\Users\shami\Desktop\Low-Grade-F\node_modules\.pnpm\esbuild@0.28.1\node_modules\esbuild\lib\main.js:862:7)
      at Socket.emit (node:events:508:28)
      at addChunk (node:internal/streams/readable:559:12)
      at readableAddChunkPushByteMode (node:internal/streams/readable:510:3)
      at Readable.push (node:internal/streams/readable:390:5)
      at Pipe.onStreamRead (node:internal/stream_base_commons:189:23)
[2m6:58:24 PM[22m [31m[1m[vite][22m[39m [31m[2m(client)[22m[39m Pre-transform error: Transform failed with 1 error:
C:/Users/shami/Desktop/Low-Grade-F/artifacts/lgf-website/src/constants/index.ts:41:74: ERROR: Unterminated string literal
  Plugin: [35mvite:esbuild[39m
  File: [36mC:/Users/shami/Desktop/Low-Grade-F/artifacts/lgf-website/src/constants/index.ts[39m:41:74
[33m  
  [33mUnterminated string literal[33m
  39 |      title: "AUTOMOBILE PHOTOGRAPHY & FILM",
  40 |      description:
  41 |        "Purpose built automotive films that translate engineering, design, 
     |                                                                            ^
  42 |      bgImage: "/photos/bts-2.jpg",
  43 |    },
  [39m
[2m6:58:24 PM[22m [31m[1m[vite][22m[39m [31m[2m(client)[22m[39m Pre-transform error: Transform failed with 1 error:
C:/Users/shami/Desktop/Low-Grade-F/artifacts/lgf-website/src/constants/index.ts:41:74: ERROR: Unterminated string literal
  Plugin: [35mvite:esbuild[39m
  File: [36mC:/Users/shami/Desktop/Low-Grade-F/artifacts/lgf-website/src/constants/index.ts[39m:41:74
[33m  
  [33mUnterminated string literal[33m
  39 |      title: "AUTOMOBILE PHOTOGRAPHY & FILM",
  40 |      description:
  41 |        "Purpose built automotive films that translate engineering, design, 
     |                                                                            ^
  42 |      bgImage: "/photos/bts-2.jpg",
  43 |    },
  [39m
[2m6:58:24 PM[22m [31m[1m[vite][22m[39m [31m[2m(client)[22m[39m Pre-transform error: Transform failed with 1 error:
C:/Users/shami/Desktop/Low-Grade-F/artifacts/lgf-website/src/constants/index.ts:41:74: ERROR: Unterminated string literal
  Plugin: [35mvite:esbuild[39m
  File: [36mC:/Users/shami/Desktop/Low-Grade-F/artifacts/lgf-website/src/constants/index.ts[39m:41:74
[33m  
  [33mUnterminated string literal[33m
  39 |      title: "AUTOMOBILE PHOTOGRAPHY & FILM",
  40 |      description:
  41 |        "Purpose built automotive films that translate engineering, design, 
     |                                                                            ^
  42 |      bgImage: "/photos/bts-2.jpg",
  43 |    },
  [39m
[2m6:58:24 PM[22m [31m[1m[vite][22m[39m [31m[2m(client)[22m[39m Pre-transform error: Transform failed with 1 error:
C:/Users/shami/Desktop/Low-Grade-F/artifacts/lgf-website/src/constants/index.ts:41:74: ERROR: Unterminated string literal
  Plugin: [35mvite:esbuild[39m
  File: [36mC:/Users/shami/Desktop/Low-Grade-F/artifacts/lgf-website/src/constants/index.ts[39m:41:74
[33m  
  [33mUnterminated string literal[33m
  39 |      title: "AUTOMOBILE PHOTOGRAPHY & FILM",
  40 |      description:
  41 |        "Purpose built automotive films that translate engineering, design, 
     |                                                                            ^
  42 |      bgImage: "/photos/bts-2.jpg",
  43 |    },
  [39m
[2m6:58:24 PM[22m [31m[1m[vite][22m[39m [31m[2m(client)[22m[39m Pre-transform error: Transform failed with 1 error:
C:/Users/shami/Desktop/Low-Grade-F/artifacts/lgf-website/src/constants/index.ts:41:74: ERROR: Unterminated string literal
  Plugin: [35mvite:esbuild[39m
  File: [36mC:/Users/shami/Desktop/Low-Grade-F/artifacts/lgf-website/src/constants/index.ts[39m:41:74
[33m  
  [33mUnterminated string literal[33m
  39 |      title: "AUTOMOBILE PHOTOGRAPHY & FILM",
  40 |      description:
  41 |        "Purpose built automotive films that translate engineering, design, 
     |                                                                            ^
  42 |      bgImage: "/photos/bts-2.jpg",
  43 |    },
  [39m
[2m6:58:24 PM[22m [31m[1m[vite][22m[39m [31m[2m(client)[22m[39m Pre-transform error: Transform failed with 1 error:
C:/Users/shami/Desktop/Low-Grade-F/artifacts/lgf-website/src/constants/index.ts:41:74: ERROR: Unterminated string literal
  Plugin: [35mvite:esbuild[39m
  File: [36mC:/Users/shami/Desktop/Low-Grade-F/artifacts/lgf-website/src/constants/index.ts[39m:41:74
[33m  
  [33mUnterminated string literal[33m
  39 |      title: "AUTOMOBILE PHOTOGRAPHY & FILM",
  40 |      description:
  41 |        "Purpose built automotive films that translate engineering, design, 
     |                                                                            ^
  42 |      bgImage: "/photos/bts-2.jpg",
  43 |    },
  [39m
[2m6:58:24 PM[22m [31m[1m[vite][22m[39m [31m[2m(client)[22m[39m Pre-transform error: Transform failed with 1 error:
C:/Users/shami/Desktop/Low-Grade-F/artifacts/lgf-website/src/constants/index.ts:41:74: ERROR: Unterminated string literal
  Plugin: [35mvite:esbuild[39m
  File: [36mC:/Users/shami/Desktop/Low-Grade-F/artifacts/lgf-website/src/constants/index.ts[39m:41:74
[33m  
  [33mUnterminated string literal[33m
  39 |      title: "AUTOMOBILE PHOTOGRAPHY & FILM",
  40 |      description:
  41 |        "Purpose built automotive films that translate engineering, design, 
     |                                                                            ^
  42 |      bgImage: "/photos/bts-2.jpg",
  43 |    },
  [39m
[2m6:58:24 PM[22m [31m[1m[vite][22m[39m [31mInternal server error: Transform failed with 1 error:
C:/Users/shami/Desktop/Low-Grade-F/artifacts/lgf-website/src/constants/index.ts:41:74: ERROR: Unterminated string literal[39m
  Plugin: [35mvite:esbuild[39m
  File: [36mC:/Users/shami/Desktop/Low-Grade-F/artifacts/lgf-website/src/constants/index.ts[39m:41:74
[33m  
  [33mUnterminated string literal[33m
  39 |      title: "AUTOMOBILE PHOTOGRAPHY & FILM",
  40 |      description:
  41 |        "Purpose built automotive films that translate engineering, design, 
     |                                                                            ^
  42 |      bgImage: "/photos/bts-2.jpg",
  43 |    },
  [39m
      at failureErrorWithLog (C:\Users\shami\Desktop\Low-Grade-F\node_modules\.pnpm\esbuild@0.28.1\node_modules\esbuild\lib\main.js:1748:15)
      at C:\Users\shami\Desktop\Low-Grade-F\node_modules\.pnpm\esbuild@0.28.1\node_modules\esbuild\lib\main.js:1017:50
      at responseCallbacks.<computed> (C:\Users\shami\Desktop\Low-Grade-F\node_modules\.pnpm\esbuild@0.28.1\node_modules\esbuild\lib\main.js:884:9)
      at handleIncomingPacket (C:\Users\shami\Desktop\Low-Grade-F\node_modules\.pnpm\esbuild@0.28.1\node_modules\esbuild\lib\main.js:939:12)
      at Socket.readFromStdout (C:\Users\shami\Desktop\Low-Grade-F\node_modules\.pnpm\esbuild@0.28.1\node_modules\esbuild\lib\main.js:862:7)
      at Socket.emit (node:events:508:28)
      at addChunk (node:internal/streams/readable:559:12)
      at readableAddChunkPushByteMode (node:internal/streams/readable:510:3)
      at Readable.push (node:internal/streams/readable:390:5)
      at Pipe.onStreamRead (node:internal/stream_base_commons:189:23)
[2m6:58:24 PM[22m [31m[1m[vite][22m[39m [31m[2m(client)[22m[39m Pre-transform error: Transform failed with 1 error:
C:/Users/shami/Desktop/Low-Grade-F/artifacts/lgf-website/src/constants/index.ts:41:74: ERROR: Unterminated string literal
  Plugin: [35mvite:esbuild[39m
  File: [36mC:/Users/shami/Desktop/Low-Grade-F/artifacts/lgf-website/src/constants/index.ts[39m:41:74
[33m  
  [33mUnterminated string literal[33m
  39 |      title: "AUTOMOBILE PHOTOGRAPHY & FILM",
  40 |      description:
  41 |        "Purpose built automotive films that translate engineering, design, 
     |                                                                            ^
  42 |      bgImage: "/photos/bts-2.jpg",
  43 |    },
  [39m
[2m6:58:31 PM[22m [31m[1m[vite][22m[39m [31m[2m(client)[22m[39m Pre-transform error: Transform failed with 1 error:
C:/Users/shami/Desktop/Low-Grade-F/artifacts/lgf-website/src/constants/index.ts:41:84: ERROR: Unterminated string literal
  Plugin: [35mvite:esbuild[39m
  File: [36mC:/Users/shami/Desktop/Low-Grade-F/artifacts/lgf-website/src/constants/index.ts[39m:41:84
[33m  
  [33mUnterminated string literal[33m
  39 |      title: "AUTOMOBILE PHOTOGRAPHY & FILM",
  40 |      description:
  41 |        "Purpose built automotive films that translate engineering, design, and motion
     |                                                                                      ^
  42 |      bgImage: "/photos/bts-2.jpg",
  43 |    },
  [39m
[2m6:58:31 PM[22m [31m[1m[vite][22m[39m [31m[2m(client)[22m[39m Pre-transform error: Transform failed with 1 error:
C:/Users/shami/Desktop/Low-Grade-F/artifacts/lgf-website/src/constants/index.ts:41:84: ERROR: Unterminated string literal
  Plugin: [35mvite:esbuild[39m
  File: [36mC:/Users/shami/Desktop/Low-Grade-F/artifacts/lgf-website/src/constants/index.ts[39m:41:84
[33m  
  [33mUnterminated string literal[33m
  39 |      title: "AUTOMOBILE PHOTOGRAPHY & FILM",
  40 |      description:
  41 |        "Purpose built automotive films that translate engineering, design, and motion
     |                                                                                      ^
  42 |      bgImage: "/photos/bts-2.jpg",
  43 |    },
  [39m
[2m6:58:31 PM[22m [31m[1m[vite][22m[39m [31m[2m(client)[22m[39m Pre-transform error: Transform failed with 1 error:
C:/Users/shami/Desktop/Low-Grade-F/artifacts/lgf-website/src/constants/index.ts:41:84: ERROR: Unterminated string literal
  Plugin: [35mvite:esbuild[39m
  File: [36mC:/Users/shami/Desktop/Low-Grade-F/artifacts/lgf-website/src/constants/index.ts[39m:41:84
[33m  
  [33mUnterminated string literal[33m
  39 |      title: "AUTOMOBILE PHOTOGRAPHY & FILM",
  40 |      description:
  41 |        "Purpose built automotive films that translate engineering, design, and motion
     |                                                                                      ^
  42 |      bgImage: "/photos/bts-2.jpg",
  43 |    },
  [39m
[2m6:58:31 PM[22m [31m[1m[vite][22m[39m [31m[2m(client)[22m[39m Pre-transform error: Transform failed with 1 error:
C:/Users/shami/Desktop/Low-Grade-F/artifacts/lgf-website/src/constants/index.ts:41:84: ERROR: Unterminated string literal
  Plugin: [35mvite:esbuild[39m
  File: [36mC:/Users/shami/Desktop/Low-Grade-F/artifacts/lgf-website/src/constants/index.ts[39m:41:84
[33m  
  [33mUnterminated string literal[33m
  39 |      title: "AUTOMOBILE PHOTOGRAPHY & FILM",
  40 |      description:
  41 |        "Purpose built automotive films that translate engineering, design, and motion
     |                                                                                      ^
  42 |      bgImage: "/photos/bts-2.jpg",
  43 |    },
  [39m
[2m6:58:31 PM[22m [31m[1m[vite][22m[39m [31m[2m(client)[22m[39m Pre-transform error: Transform failed with 1 error:
C:/Users/shami/Desktop/Low-Grade-F/artifacts/lgf-website/src/constants/index.ts:41:84: ERROR: Unterminated string literal
  Plugin: [35mvite:esbuild[39m
  File: [36mC:/Users/shami/Desktop/Low-Grade-F/artifacts/lgf-website/src/constants/index.ts[39m:41:84
[33m  
  [33mUnterminated string literal[33m
  39 |      title: "AUTOMOBILE PHOTOGRAPHY & FILM",
  40 |      description:
  41 |        "Purpose built automotive films that translate engineering, design, and motion
     |                                                                                      ^
  42 |      bgImage: "/photos/bts-2.jpg",
  43 |    },
  [39m
[2m6:58:31 PM[22m [31m[1m[vite][22m[39m [31m[2m(client)[22m[39m Pre-transform error: Transform failed with 1 error:
C:/Users/shami/Desktop/Low-Grade-F/artifacts/lgf-website/src/constants/index.ts:41:84: ERROR: Unterminated string literal
  Plugin: [35mvite:esbuild[39m
  File: [36mC:/Users/shami/Desktop/Low-Grade-F/artifacts/lgf-website/src/constants/index.ts[39m:41:84
[33m  
  [33mUnterminated string literal[33m
  39 |      title: "AUTOMOBILE PHOTOGRAPHY & FILM",
  40 |      description:
  41 |        "Purpose built automotive films that translate engineering, design, and motion
     |                                                                                      ^
  42 |      bgImage: "/photos/bts-2.jpg",
  43 |    },
  [39m
[2m6:58:31 PM[22m [31m[1m[vite][22m[39m [31m[2m(client)[22m[39m Pre-transform error: Transform failed with 1 error:
C:/Users/shami/Desktop/Low-Grade-F/artifacts/lgf-website/src/constants/index.ts:41:84: ERROR: Unterminated string literal
  Plugin: [35mvite:esbuild[39m
  File: [36mC:/Users/shami/Desktop/Low-Grade-F/artifacts/lgf-website/src/constants/index.ts[39m:41:84
[33m  
  [33mUnterminated string literal[33m
  39 |      title: "AUTOMOBILE PHOTOGRAPHY & FILM",
  40 |      description:
  41 |        "Purpose built automotive films that translate engineering, design, and motion
     |                                                                                      ^
  42 |      bgImage: "/photos/bts-2.jpg",
  43 |    },
  [39m
[2m6:58:31 PM[22m [31m[1m[vite][22m[39m [31mInternal server error: Transform failed with 1 error:
C:/Users/shami/Desktop/Low-Grade-F/artifacts/lgf-website/src/constants/index.ts:41:84: ERROR: Unterminated string literal[39m
  Plugin: [35mvite:esbuild[39m
  File: [36mC:/Users/shami/Desktop/Low-Grade-F/artifacts/lgf-website/src/constants/index.ts[39m:41:84
[33m  
  [33mUnterminated string literal[33m
  39 |      title: "AUTOMOBILE PHOTOGRAPHY & FILM",
  40 |      description:
  41 |        "Purpose built automotive films that translate engineering, design, and motion
     |                                                                                      ^
  42 |      bgImage: "/photos/bts-2.jpg",
  43 |    },
  [39m
      at failureErrorWithLog (C:\Users\shami\Desktop\Low-Grade-F\node_modules\.pnpm\esbuild@0.28.1\node_modules\esbuild\lib\main.js:1748:15)
      at C:\Users\shami\Desktop\Low-Grade-F\node_modules\.pnpm\esbuild@0.28.1\node_modules\esbuild\lib\main.js:1017:50
      at responseCallbacks.<computed> (C:\Users\shami\Desktop\Low-Grade-F\node_modules\.pnpm\esbuild@0.28.1\node_modules\esbuild\lib\main.js:884:9)
      at handleIncomingPacket (C:\Users\shami\Desktop\Low-Grade-F\node_modules\.pnpm\esbuild@0.28.1\node_modules\esbuild\lib\main.js:939:12)
      at Socket.readFromStdout (C:\Users\shami\Desktop\Low-Grade-F\node_modules\.pnpm\esbuild@0.28.1\node_modules\esbuild\lib\main.js:862:7)
      at Socket.emit (node:events:508:28)
      at addChunk (node:internal/streams/readable:559:12)
      at readableAddChunkPushByteMode (node:internal/streams/readable:510:3)
      at Readable.push (node:internal/streams/readable:390:5)
      at Pipe.onStreamRead (node:internal/stream_base_commons:189:23)
[2m6:58:31 PM[22m [31m[1m[vite][22m[39m [31m[2m(client)[22m[39m Pre-transform error: Transform failed with 1 error:
C:/Users/shami/Desktop/Low-Grade-F/artifacts/lgf-website/src/constants/index.ts:41:84: ERROR: Unterminated string literal
  Plugin: [35mvite:esbuild[39m
  File: [36mC:/Users/shami/Desktop/Low-Grade-F/artifacts/lgf-website/src/constants/index.ts[39m:41:84
[33m  
  [33mUnterminated string literal[33m
  39 |      title: "AUTOMOBILE PHOTOGRAPHY & FILM",
  40 |      description:
  41 |        "Purpose built automotive films that translate engineering, design, and motion
     |                                                                                      ^
  42 |      bgImage: "/photos/bts-2.jpg",
  43 |    },
  [39m
[2m6:58:33 PM[22m [31m[1m[vite][22m[39m [31m[2m(client)[22m[39m Pre-transform error: Transform failed with 1 error:
C:/Users/shami/Desktop/Low-Grade-F/artifacts/lgf-website/src/constants/index.ts:41:89: ERROR: Unterminated string literal
  Plugin: [35mvite:esbuild[39m
  File: [36mC:/Users/shami/Desktop/Low-Grade-F/artifacts/lgf-website/src/constants/index.ts[39m:41:89
[33m  
  [33mUnterminated string literal[33m
  39 |      title: "AUTOMOBILE PHOTOGRAPHY & FILM",
  40 |      description:
  41 |        "Purpose built automotive films that translate engineering, design, and motion into
     |                                                                                           ^
  42 |      bgImage: "/photos/bts-2.jpg",
  43 |    },
  [39m
[2m6:58:33 PM[22m [31m[1m[vite][22m[39m [31m[2m(client)[22m[39m Pre-transform error: Transform failed with 1 error:
C:/Users/shami/Desktop/Low-Grade-F/artifacts/lgf-website/src/constants/index.ts:41:89: ERROR: Unterminated string literal
  Plugin: [35mvite:esbuild[39m
  File: [36mC:/Users/shami/Desktop/Low-Grade-F/artifacts/lgf-website/src/constants/index.ts[39m:41:89
[33m  
  [33mUnterminated string literal[33m
  39 |      title: "AUTOMOBILE PHOTOGRAPHY & FILM",
  40 |      description:
  41 |        "Purpose built automotive films that translate engineering, design, and motion into
     |                                                                                           ^
  42 |      bgImage: "/photos/bts-2.jpg",
  43 |    },
  [39m
[2m6:58:33 PM[22m [31m[1m[vite][22m[39m [31m[2m(client)[22m[39m Pre-transform error: Transform failed with 1 error:
C:/Users/shami/Desktop/Low-Grade-F/artifacts/lgf-website/src/constants/index.ts:41:89: ERROR: Unterminated string literal
  Plugin: [35mvite:esbuild[39m
  File: [36mC:/Users/shami/Desktop/Low-Grade-F/artifacts/lgf-website/src/constants/index.ts[39m:41:89
[33m  
  [33mUnterminated string literal[33m
  39 |      title: "AUTOMOBILE PHOTOGRAPHY & FILM",
  40 |      description:
  41 |        "Purpose built automotive films that translate engineering, design, and motion into
     |                                                                                           ^
  42 |      bgImage: "/photos/bts-2.jpg",
  43 |    },
  [39m
[2m6:58:33 PM[22m [31m[1m[vite][22m[39m [31m[2m(client)[22m[39m Pre-transform error: Transform failed with 1 error:
C:/Users/shami/Desktop/Low-Grade-F/artifacts/lgf-website/src/constants/index.ts:41:89: ERROR: Unterminated string literal
  Plugin: [35mvite:esbuild[39m
  File: [36mC:/Users/shami/Desktop/Low-Grade-F/artifacts/lgf-website/src/constants/index.ts[39m:41:89
[33m  
  [33mUnterminated string literal[33m
  39 |      title: "AUTOMOBILE PHOTOGRAPHY & FILM",
  40 |      description:
  41 |        "Purpose built automotive films that translate engineering, design, and motion into
     |                                                                                           ^
  42 |      bgImage: "/photos/bts-2.jpg",
  43 |    },
  [39m
[2m6:58:33 PM[22m [31m[1m[vite][22m[39m [31m[2m(client)[22m[39m Pre-transform error: Transform failed with 1 error:
C:/Users/shami/Desktop/Low-Grade-F/artifacts/lgf-website/src/constants/index.ts:41:89: ERROR: Unterminated string literal
  Plugin: [35mvite:esbuild[39m
  File: [36mC:/Users/shami/Desktop/Low-Grade-F/artifacts/lgf-website/src/constants/index.ts[39m:41:89
[33m  
  [33mUnterminated string literal[33m
  39 |      title: "AUTOMOBILE PHOTOGRAPHY & FILM",
  40 |      description:
  41 |        "Purpose built automotive films that translate engineering, design, and motion into
     |                                                                                           ^
  42 |      bgImage: "/photos/bts-2.jpg",
  43 |    },
  [39m
[2m6:58:33 PM[22m [31m[1m[vite][22m[39m [31m[2m(client)[22m[39m Pre-transform error: Transform failed with 1 error:
C:/Users/shami/Desktop/Low-Grade-F/artifacts/lgf-website/src/constants/index.ts:41:89: ERROR: Unterminated string literal
  Plugin: [35mvite:esbuild[39m
  File: [36mC:/Users/shami/Desktop/Low-Grade-F/artifacts/lgf-website/src/constants/index.ts[39m:41:89
[33m  
  [33mUnterminated string literal[33m
  39 |      title: "AUTOMOBILE PHOTOGRAPHY & FILM",
  40 |      description:
  41 |        "Purpose built automotive films that translate engineering, design, and motion into
     |                                                                                           ^
  42 |      bgImage: "/photos/bts-2.jpg",
  43 |    },
  [39m
[2m6:58:33 PM[22m [31m[1m[vite][22m[39m [31m[2m(client)[22m[39m Pre-transform error: Transform failed with 1 error:
C:/Users/shami/Desktop/Low-Grade-F/artifacts/lgf-website/src/constants/index.ts:41:89: ERROR: Unterminated string literal
  Plugin: [35mvite:esbuild[39m
  File: [36mC:/Users/shami/Desktop/Low-Grade-F/artifacts/lgf-website/src/constants/index.ts[39m:41:89
[33m  
  [33mUnterminated string literal[33m
  39 |      title: "AUTOMOBILE PHOTOGRAPHY & FILM",
  40 |      description:
  41 |        "Purpose built automotive films that translate engineering, design, and motion into
     |                                                                                           ^
  42 |      bgImage: "/photos/bts-2.jpg",
  43 |    },
  [39m
[2m6:58:33 PM[22m [31m[1m[vite][22m[39m [31mInternal server error: Transform failed with 1 error:
C:/Users/shami/Desktop/Low-Grade-F/artifacts/lgf-website/src/constants/index.ts:41:89: ERROR: Unterminated string literal[39m
  Plugin: [35mvite:esbuild[39m
  File: [36mC:/Users/shami/Desktop/Low-Grade-F/artifacts/lgf-website/src/constants/index.ts[39m:41:89
[33m  
  [33mUnterminated string literal[33m
  39 |      title: "AUTOMOBILE PHOTOGRAPHY & FILM",
  40 |      description:
  41 |        "Purpose built automotive films that translate engineering, design, and motion into
     |                                                                                           ^
  42 |      bgImage: "/photos/bts-2.jpg",
  43 |    },
  [39m
      at failureErrorWithLog (C:\Users\shami\Desktop\Low-Grade-F\node_modules\.pnpm\esbuild@0.28.1\node_modules\esbuild\lib\main.js:1748:15)
      at C:\Users\shami\Desktop\Low-Grade-F\node_modules\.pnpm\esbuild@0.28.1\node_modules\esbuild\lib\main.js:1017:50
      at responseCallbacks.<computed> (C:\Users\shami\Desktop\Low-Grade-F\node_modules\.pnpm\esbuild@0.28.1\node_modules\esbuild\lib\main.js:884:9)
      at handleIncomingPacket (C:\Users\shami\Desktop\Low-Grade-F\node_modules\.pnpm\esbuild@0.28.1\node_modules\esbuild\lib\main.js:939:12)
      at Socket.readFromStdout (C:\Users\shami\Desktop\Low-Grade-F\node_modules\.pnpm\esbuild@0.28.1\node_modules\esbuild\lib\main.js:862:7)
      at Socket.emit (node:events:508:28)
      at addChunk (node:internal/streams/readable:559:12)
      at readableAddChunkPushByteMode (node:internal/streams/readable:510:3)
      at Readable.push (node:internal/streams/readable:390:5)
      at Pipe.onStreamRead (node:internal/stream_base_commons:189:23)
[2m6:58:33 PM[22m [31m[1m[vite][22m[39m [31m[2m(client)[22m[39m Pre-transform error: Transform failed with 1 error:
C:/Users/shami/Desktop/Low-Grade-F/artifacts/lgf-website/src/constants/index.ts:41:89: ERROR: Unterminated string literal
  Plugin: [35mvite:esbuild[39m
  File: [36mC:/Users/shami/Desktop/Low-Grade-F/artifacts/lgf-website/src/constants/index.ts[39m:41:89
[33m  
  [33mUnterminated string literal[33m
  39 |      title: "AUTOMOBILE PHOTOGRAPHY & FILM",
  40 |      description:
  41 |        "Purpose built automotive films that translate engineering, design, and motion into
     |                                                                                           ^
  42 |      bgImage: "/photos/bts-2.jpg",
  43 |    },
  [39m
[2m6:58:40 PM[22m [31m[1m[vite][22m[39m [31m[2m(client)[22m[39m Pre-transform error: Transform failed with 1 error:
C:/Users/shami/Desktop/Low-Grade-F/artifacts/lgf-website/src/constants/index.ts:41:107: ERROR: Unterminated string literal
  Plugin: [35mvite:esbuild[39m
  File: [36mC:/Users/shami/Desktop/Low-Grade-F/artifacts/lgf-website/src/constants/index.ts[39m:41:107
[33m  
  [33mUnterminated string literal[33m
  39 |      title: "AUTOMOBILE PHOTOGRAPHY & FILM",
  40 |      description:
  41 |        "Purpose built automotive films that translate engineering, design, and motion into compelling visual
     |                                                                                                             ^
  42 |      bgImage: "/photos/bts-2.jpg",
  43 |    },
  [39m
[2m6:58:40 PM[22m [31m[1m[vite][22m[39m [31m[2m(client)[22m[39m Pre-transform error: Transform failed with 1 error:
C:/Users/shami/Desktop/Low-Grade-F/artifacts/lgf-website/src/constants/index.ts:41:107: ERROR: Unterminated string literal
  Plugin: [35mvite:esbuild[39m
  File: [36mC:/Users/shami/Desktop/Low-Grade-F/artifacts/lgf-website/src/constants/index.ts[39m:41:107
[33m  
  [33mUnterminated string literal[33m
  39 |      title: "AUTOMOBILE PHOTOGRAPHY & FILM",
  40 |      description:
  41 |        "Purpose built automotive films that translate engineering, design, and motion into compelling visual
     |                                                                                                             ^
  42 |      bgImage: "/photos/bts-2.jpg",
  43 |    },
  [39m
[2m6:58:40 PM[22m [31m[1m[vite][22m[39m [31m[2m(client)[22m[39m Pre-transform error: Transform failed with 1 error:
C:/Users/shami/Desktop/Low-Grade-F/artifacts/lgf-website/src/constants/index.ts:41:107: ERROR: Unterminated string literal
  Plugin: [35mvite:esbuild[39m
  File: [36mC:/Users/shami/Desktop/Low-Grade-F/artifacts/lgf-website/src/constants/index.ts[39m:41:107
[33m  
  [33mUnterminated string literal[33m
  39 |      title: "AUTOMOBILE PHOTOGRAPHY & FILM",
  40 |      description:
  41 |        "Purpose built automotive films that translate engineering, design, and motion into compelling visual
     |                                                                                                             ^
  42 |      bgImage: "/photos/bts-2.jpg",
  43 |    },
  [39m
[2m6:58:40 PM[22m [31m[1m[vite][22m[39m [31m[2m(client)[22m[39m Pre-transform error: Transform failed with 1 error:
C:/Users/shami/Desktop/Low-Grade-F/artifacts/lgf-website/src/constants/index.ts:41:107: ERROR: Unterminated string literal
  Plugin: [35mvite:esbuild[39m
  File: [36mC:/Users/shami/Desktop/Low-Grade-F/artifacts/lgf-website/src/constants/index.ts[39m:41:107
[33m  
  [33mUnterminated string literal[33m
  39 |      title: "AUTOMOBILE PHOTOGRAPHY & FILM",
  40 |      description:
  41 |        "Purpose built automotive films that translate engineering, design, and motion into compelling visual
     |                                                                                                             ^
  42 |      bgImage: "/photos/bts-2.jpg",
  43 |    },
  [39m
[2m6:58:40 PM[22m [31m[1m[vite][22m[39m [31m[2m(client)[22m[39m Pre-transform error: Transform failed with 1 error:
C:/Users/shami/Desktop/Low-Grade-F/artifacts/lgf-website/src/constants/index.ts:41:107: ERROR: Unterminated string literal
  Plugin: [35mvite:esbuild[39m
  File: [36mC:/Users/shami/Desktop/Low-Grade-F/artifacts/lgf-website/src/constants/index.ts[39m:41:107
[33m  
  [33mUnterminated string literal[33m
  39 |      title: "AUTOMOBILE PHOTOGRAPHY & FILM",
  40 |      description:
  41 |        "Purpose built automotive films that translate engineering, design, and motion into compelling visual
     |                                                                                                             ^
  42 |      bgImage: "/photos/bts-2.jpg",
  43 |    },
  [39m
[2m6:58:40 PM[22m [31m[1m[vite][22m[39m [31m[2m(client)[22m[39m Pre-transform error: Transform failed with 1 error:
C:/Users/shami/Desktop/Low-Grade-F/artifacts/lgf-website/src/constants/index.ts:41:107: ERROR: Unterminated string literal
  Plugin: [35mvite:esbuild[39m
  File: [36mC:/Users/shami/Desktop/Low-Grade-F/artifacts/lgf-website/src/constants/index.ts[39m:41:107
[33m  
  [33mUnterminated string literal[33m
  39 |      title: "AUTOMOBILE PHOTOGRAPHY & FILM",
  40 |      description:
  41 |        "Purpose built automotive films that translate engineering, design, and motion into compelling visual
     |                                                                                                             ^
  42 |      bgImage: "/photos/bts-2.jpg",
  43 |    },
  [39m
[2m6:58:40 PM[22m [31m[1m[vite][22m[39m [31m[2m(client)[22m[39m Pre-transform error: Transform failed with 1 error:
C:/Users/shami/Desktop/Low-Grade-F/artifacts/lgf-website/src/constants/index.ts:41:107: ERROR: Unterminated string literal
  Plugin: [35mvite:esbuild[39m
  File: [36mC:/Users/shami/Desktop/Low-Grade-F/artifacts/lgf-website/src/constants/index.ts[39m:41:107
[33m  
  [33mUnterminated string literal[33m
  39 |      title: "AUTOMOBILE PHOTOGRAPHY & FILM",
  40 |      description:
  41 |        "Purpose built automotive films that translate engineering, design, and motion into compelling visual
     |                                                                                                             ^
  42 |      bgImage: "/photos/bts-2.jpg",
  43 |    },
  [39m
[2m6:58:40 PM[22m [31m[1m[vite][22m[39m [31m[2m(client)[22m[39m Pre-transform error: Transform failed with 1 error:
C:/Users/shami/Desktop/Low-Grade-F/artifacts/lgf-website/src/constants/index.ts:41:107: ERROR: Unterminated string literal
  Plugin: [35mvite:esbuild[39m
  File: [36mC:/Users/shami/Desktop/Low-Grade-F/artifacts/lgf-website/src/constants/index.ts[39m:41:107
[33m  
  [33mUnterminated string literal[33m
  39 |      title: "AUTOMOBILE PHOTOGRAPHY & FILM",
  40 |      description:
  41 |        "Purpose built automotive films that translate engineering, design, and motion into compelling visual
     |                                                                                                             ^
  42 |      bgImage: "/photos/bts-2.jpg",
  43 |    },
  [39m
[2m6:58:40 PM[22m [31m[1m[vite][22m[39m [31mInternal server error: Transform failed with 1 error:
C:/Users/shami/Desktop/Low-Grade-F/artifacts/lgf-website/src/constants/index.ts:41:107: ERROR: Unterminated string literal[39m
  Plugin: [35mvite:esbuild[39m
  File: [36mC:/Users/shami/Desktop/Low-Grade-F/artifacts/lgf-website/src/constants/index.ts[39m:41:107
[33m  
  [33mUnterminated string literal[33m
  39 |      title: "AUTOMOBILE PHOTOGRAPHY & FILM",
  40 |      description:
  41 |        "Purpose built automotive films that translate engineering, design, and motion into compelling visual
     |                                                                                                             ^
  42 |      bgImage: "/photos/bts-2.jpg",
  43 |    },
  [39m
      at failureErrorWithLog (C:\Users\shami\Desktop\Low-Grade-F\node_modules\.pnpm\esbuild@0.28.1\node_modules\esbuild\lib\main.js:1748:15)
      at C:\Users\shami\Desktop\Low-Grade-F\node_modules\.pnpm\esbuild@0.28.1\node_modules\esbuild\lib\main.js:1017:50
      at responseCallbacks.<computed> (C:\Users\shami\Desktop\Low-Grade-F\node_modules\.pnpm\esbuild@0.28.1\node_modules\esbuild\lib\main.js:884:9)
      at handleIncomingPacket (C:\Users\shami\Desktop\Low-Grade-F\node_modules\.pnpm\esbuild@0.28.1\node_modules\esbuild\lib\main.js:939:12)
      at Socket.readFromStdout (C:\Users\shami\Desktop\Low-Grade-F\node_modules\.pnpm\esbuild@0.28.1\node_modules\esbuild\lib\main.js:862:7)
      at Socket.emit (node:events:508:28)
      at addChunk (node:internal/streams/readable:559:12)
      at readableAddChunkPushByteMode (node:internal/streams/readable:510:3)
      at Readable.push (node:internal/streams/readable:390:5)
      at Pipe.onStreamRead (node:internal/stream_base_commons:189:23)
[2m6:58:44 PM[22m [31m[1m[vite][22m[39m [31m[2m(client)[22m[39m Pre-transform error: Transform failed with 1 error:
C:/Users/shami/Desktop/Low-Grade-F/artifacts/lgf-website/src/constants/index.ts:41:118: ERROR: Unterminated string literal
  Plugin: [35mvite:esbuild[39m
  File: [36mC:/Users/shami/Desktop/Low-Grade-F/artifacts/lgf-website/src/constants/index.ts[39m:41:118
[33m  
  [33mUnterminated string literal[33m
  39 |      title: "AUTOMOBILE PHOTOGRAPHY & FILM",
  40 |      description:
  41 |        "Purpose built automotive films that translate engineering, design, and motion into compelling visual experience
     |                                                                                                                        ^
  42 |      bgImage: "/photos/bts-2.jpg",
  43 |    },
  [39m
[2m6:58:44 PM[22m [31m[1m[vite][22m[39m [31m[2m(client)[22m[39m Pre-transform error: Transform failed with 1 error:
C:/Users/shami/Desktop/Low-Grade-F/artifacts/lgf-website/src/constants/index.ts:41:118: ERROR: Unterminated string literal
  Plugin: [35mvite:esbuild[39m
  File: [36mC:/Users/shami/Desktop/Low-Grade-F/artifacts/lgf-website/src/constants/index.ts[39m:41:118
[33m  
  [33mUnterminated string literal[33m
  39 |      title: "AUTOMOBILE PHOTOGRAPHY & FILM",
  40 |      description:
  41 |        "Purpose built automotive films that translate engineering, design, and motion into compelling visual experience
     |                                                                                                                        ^
  42 |      bgImage: "/photos/bts-2.jpg",
  43 |    },
  [39m
[2m6:58:44 PM[22m [31m[1m[vite][22m[39m [31m[2m(client)[22m[39m Pre-transform error: Transform failed with 1 error:
C:/Users/shami/Desktop/Low-Grade-F/artifacts/lgf-website/src/constants/index.ts:41:118: ERROR: Unterminated string literal
  Plugin: [35mvite:esbuild[39m
  File: [36mC:/Users/shami/Desktop/Low-Grade-F/artifacts/lgf-website/src/constants/index.ts[39m:41:118
[33m  
  [33mUnterminated string literal[33m
  39 |      title: "AUTOMOBILE PHOTOGRAPHY & FILM",
  40 |      description:
  41 |        "Purpose built automotive films that translate engineering, design, and motion into compelling visual experience
     |                                                                                                                        ^
  42 |      bgImage: "/photos/bts-2.jpg",
  43 |    },
  [39m
[2m6:58:44 PM[22m [31m[1m[vite][22m[39m [31m[2m(client)[22m[39m Pre-transform error: Transform failed with 1 error:
C:/Users/shami/Desktop/Low-Grade-F/artifacts/lgf-website/src/constants/index.ts:41:118: ERROR: Unterminated string literal
  Plugin: [35mvite:esbuild[39m
  File: [36mC:/Users/shami/Desktop/Low-Grade-F/artifacts/lgf-website/src/constants/index.ts[39m:41:118
[33m  
  [33mUnterminated string literal[33m
  39 |      title: "AUTOMOBILE PHOTOGRAPHY & FILM",
  40 |      description:
  41 |        "Purpose built automotive films that translate engineering, design, and motion into compelling visual experience
     |                                                                                                                        ^
  42 |      bgImage: "/photos/bts-2.jpg",
  43 |    },
  [39m
[2m6:58:44 PM[22m [31m[1m[vite][22m[39m [31m[2m(client)[22m[39m Pre-transform error: Transform failed with 1 error:
C:/Users/shami/Desktop/Low-Grade-F/artifacts/lgf-website/src/constants/index.ts:41:118: ERROR: Unterminated string literal
  Plugin: [35mvite:esbuild[39m
  File: [36mC:/Users/shami/Desktop/Low-Grade-F/artifacts/lgf-website/src/constants/index.ts[39m:41:118
[33m  
  [33mUnterminated string literal[33m
  39 |      title: "AUTOMOBILE PHOTOGRAPHY & FILM",
  40 |      description:
  41 |        "Purpose built automotive films that translate engineering, design, and motion into compelling visual experience
     |                                                                                                                        ^
  42 |      bgImage: "/photos/bts-2.jpg",
  43 |    },
  [39m
[2m6:58:44 PM[22m [31m[1m[vite][22m[39m [31m[2m(client)[22m[39m Pre-transform error: Transform failed with 1 error:
C:/Users/shami/Desktop/Low-Grade-F/artifacts/lgf-website/src/constants/index.ts:41:118: ERROR: Unterminated string literal
  Plugin: [35mvite:esbuild[39m
  File: [36mC:/Users/shami/Desktop/Low-Grade-F/artifacts/lgf-website/src/constants/index.ts[39m:41:118
[33m  
  [33mUnterminated string literal[33m
  39 |      title: "AUTOMOBILE PHOTOGRAPHY & FILM",
  40 |      description:
  41 |        "Purpose built automotive films that translate engineering, design, and motion into compelling visual experience
     |                                                                                                                        ^
  42 |      bgImage: "/photos/bts-2.jpg",
  43 |    },
  [39m
[2m6:58:44 PM[22m [31m[1m[vite][22m[39m [31m[2m(client)[22m[39m Pre-transform error: Transform failed with 1 error:
C:/Users/shami/Desktop/Low-Grade-F/artifacts/lgf-website/src/constants/index.ts:41:118: ERROR: Unterminated string literal
  Plugin: [35mvite:esbuild[39m
  File: [36mC:/Users/shami/Desktop/Low-Grade-F/artifacts/lgf-website/src/constants/index.ts[39m:41:118
[33m  
  [33mUnterminated string literal[33m
  39 |      title: "AUTOMOBILE PHOTOGRAPHY & FILM",
  40 |      description:
  41 |        "Purpose built automotive films that translate engineering, design, and motion into compelling visual experience
     |                                                                                                                        ^
  42 |      bgImage: "/photos/bts-2.jpg",
  43 |    },
  [39m
[2m6:58:44 PM[22m [31m[1m[vite][22m[39m [31m[2m(client)[22m[39m Pre-transform error: Transform failed with 1 error:
C:/Users/shami/Desktop/Low-Grade-F/artifacts/lgf-website/src/constants/index.ts:41:118: ERROR: Unterminated string literal
  Plugin: [35mvite:esbuild[39m
  File: [36mC:/Users/shami/Desktop/Low-Grade-F/artifacts/lgf-website/src/constants/index.ts[39m:41:118
[33m  
  [33mUnterminated string literal[33m
  39 |      title: "AUTOMOBILE PHOTOGRAPHY & FILM",
  40 |      description:
  41 |        "Purpose built automotive films that translate engineering, design, and motion into compelling visual experience
     |                                                                                                                        ^
  42 |      bgImage: "/photos/bts-2.jpg",
  43 |    },
  [39m
[2m6:58:44 PM[22m [31m[1m[vite][22m[39m [31mInternal server error: Transform failed with 1 error:
C:/Users/shami/Desktop/Low-Grade-F/artifacts/lgf-website/src/constants/index.ts:41:118: ERROR: Unterminated string literal[39m
  Plugin: [35mvite:esbuild[39m
  File: [36mC:/Users/shami/Desktop/Low-Grade-F/artifacts/lgf-website/src/constants/index.ts[39m:41:118
[33m  
  [33mUnterminated string literal[33m
  39 |      title: "AUTOMOBILE PHOTOGRAPHY & FILM",
  40 |      description:
  41 |        "Purpose built automotive films that translate engineering, design, and motion into compelling visual experience
     |                                                                                                                        ^
  42 |      bgImage: "/photos/bts-2.jpg",
  43 |    },
  [39m
      at failureErrorWithLog (C:\Users\shami\Desktop\Low-Grade-F\node_modules\.pnpm\esbuild@0.28.1\node_modules\esbuild\lib\main.js:1748:15)
      at C:\Users\shami\Desktop\Low-Grade-F\node_modules\.pnpm\esbuild@0.28.1\node_modules\esbuild\lib\main.js:1017:50
      at responseCallbacks.<computed> (C:\Users\shami\Desktop\Low-Grade-F\node_modules\.pnpm\esbuild@0.28.1\node_modules\esbuild\lib\main.js:884:9)
      at handleIncomingPacket (C:\Users\shami\Desktop\Low-Grade-F\node_modules\.pnpm\esbuild@0.28.1\node_modules\esbuild\lib\main.js:939:12)
      at Socket.readFromStdout (C:\Users\shami\Desktop\Low-Grade-F\node_modules\.pnpm\esbuild@0.28.1\node_modules\esbuild\lib\main.js:862:7)
      at Socket.emit (node:events:508:28)
      at addChunk (node:internal/streams/readable:559:12)
      at readableAddChunkPushByteMode (node:internal/streams/readable:510:3)
      at Readable.push (node:internal/streams/readable:390:5)
      at Pipe.onStreamRead (node:internal/stream_base_commons:189:23)
[2m6:58:47 PM[22m [31m[1m[vite][22m[39m [31m[2m(client)[22m[39m Pre-transform error: Transform failed with 1 error:
C:/Users/shami/Desktop/Low-Grade-F/artifacts/lgf-website/src/constants/index.ts:41:120: ERROR: Unterminated string literal
  Plugin: [35mvite:esbuild[39m
  File: [36mC:/Users/shami/Desktop/Low-Grade-F/artifacts/lgf-website/src/constants/index.ts[39m:41:120
[33m  
  [33mUnterminated string literal[33m
  39 |      title: "AUTOMOBILE PHOTOGRAPHY & FILM",
  40 |      description:
  41 |        "Purpose built automotive films that translate engineering, design, and motion into compelling visual experiences.
     |                                                                                                                          ^
  42 |      bgImage: "/photos/bts-2.jpg",
  43 |    },
  [39m
[2m6:58:47 PM[22m [31m[1m[vite][22m[39m [31m[2m(client)[22m[39m Pre-transform error: Transform failed with 1 error:
C:/Users/shami/Desktop/Low-Grade-F/artifacts/lgf-website/src/constants/index.ts:41:120: ERROR: Unterminated string literal
  Plugin: [35mvite:esbuild[39m
  File: [36mC:/Users/shami/Desktop/Low-Grade-F/artifacts/lgf-website/src/constants/index.ts[39m:41:120
[33m  
  [33mUnterminated string literal[33m
  39 |      title: "AUTOMOBILE PHOTOGRAPHY & FILM",
  40 |      description:
  41 |        "Purpose built automotive films that translate engineering, design, and motion into compelling visual experiences.
     |                                                                                                                          ^
  42 |      bgImage: "/photos/bts-2.jpg",
  43 |    },
  [39m
[2m6:58:47 PM[22m [31m[1m[vite][22m[39m [31m[2m(client)[22m[39m Pre-transform error: Transform failed with 1 error:
C:/Users/shami/Desktop/Low-Grade-F/artifacts/lgf-website/src/constants/index.ts:41:120: ERROR: Unterminated string literal
  Plugin: [35mvite:esbuild[39m
  File: [36mC:/Users/shami/Desktop/Low-Grade-F/artifacts/lgf-website/src/constants/index.ts[39m:41:120
[33m  
  [33mUnterminated string literal[33m
  39 |      title: "AUTOMOBILE PHOTOGRAPHY & FILM",
  40 |      description:
  41 |        "Purpose built automotive films that translate engineering, design, and motion into compelling visual experiences.
     |                                                                                                                          ^
  42 |      bgImage: "/photos/bts-2.jpg",
  43 |    },
  [39m
[2m6:58:47 PM[22m [31m[1m[vite][22m[39m [31m[2m(client)[22m[39m Pre-transform error: Transform failed with 1 error:
C:/Users/shami/Desktop/Low-Grade-F/artifacts/lgf-website/src/constants/index.ts:41:120: ERROR: Unterminated string literal
  Plugin: [35mvite:esbuild[39m
  File: [36mC:/Users/shami/Desktop/Low-Grade-F/artifacts/lgf-website/src/constants/index.ts[39m:41:120
[33m  
  [33mUnterminated string literal[33m
  39 |      title: "AUTOMOBILE PHOTOGRAPHY & FILM",
  40 |      description:
  41 |        "Purpose built automotive films that translate engineering, design, and motion into compelling visual experiences.
     |                                                                                                                          ^
  42 |      bgImage: "/photos/bts-2.jpg",
  43 |    },
  [39m
[2m6:58:47 PM[22m [31m[1m[vite][22m[39m [31m[2m(client)[22m[39m Pre-transform error: Transform failed with 1 error:
C:/Users/shami/Desktop/Low-Grade-F/artifacts/lgf-website/src/constants/index.ts:41:120: ERROR: Unterminated string literal
  Plugin: [35mvite:esbuild[39m
  File: [36mC:/Users/shami/Desktop/Low-Grade-F/artifacts/lgf-website/src/constants/index.ts[39m:41:120
[33m  
  [33mUnterminated string literal[33m
  39 |      title: "AUTOMOBILE PHOTOGRAPHY & FILM",
  40 |      description:
  41 |        "Purpose built automotive films that translate engineering, design, and motion into compelling visual experiences.
     |                                                                                                                          ^
  42 |      bgImage: "/photos/bts-2.jpg",
  43 |    },
  [39m
[2m6:58:47 PM[22m [31m[1m[vite][22m[39m [31m[2m(client)[22m[39m Pre-transform error: Transform failed with 1 error:
C:/Users/shami/Desktop/Low-Grade-F/artifacts/lgf-website/src/constants/index.ts:41:120: ERROR: Unterminated string literal
  Plugin: [35mvite:esbuild[39m
  File: [36mC:/Users/shami/Desktop/Low-Grade-F/artifacts/lgf-website/src/constants/index.ts[39m:41:120
[33m  
  [33mUnterminated string literal[33m
  39 |      title: "AUTOMOBILE PHOTOGRAPHY & FILM",
  40 |      description:
  41 |        "Purpose built automotive films that translate engineering, design, and motion into compelling visual experiences.
     |                                                                                                                          ^
  42 |      bgImage: "/photos/bts-2.jpg",
  43 |    },
  [39m
[2m6:58:47 PM[22m [31m[1m[vite][22m[39m [31m[2m(client)[22m[39m Pre-transform error: Transform failed with 1 error:
C:/Users/shami/Desktop/Low-Grade-F/artifacts/lgf-website/src/constants/index.ts:41:120: ERROR: Unterminated string literal
  Plugin: [35mvite:esbuild[39m
  File: [36mC:/Users/shami/Desktop/Low-Grade-F/artifacts/lgf-website/src/constants/index.ts[39m:41:120
[33m  
  [33mUnterminated string literal[33m
  39 |      title: "AUTOMOBILE PHOTOGRAPHY & FILM",
  40 |      description:
  41 |        "Purpose built automotive films that translate engineering, design, and motion into compelling visual experiences.
     |                                                                                                                          ^
  42 |      bgImage: "/photos/bts-2.jpg",
  43 |    },
  [39m
[2m6:58:47 PM[22m [31m[1m[vite][22m[39m [31mInternal server error: Transform failed with 1 error:
C:/Users/shami/Desktop/Low-Grade-F/artifacts/lgf-website/src/constants/index.ts:41:120: ERROR: Unterminated string literal[39m
  Plugin: [35mvite:esbuild[39m
  File: [36mC:/Users/shami/Desktop/Low-Grade-F/artifacts/lgf-website/src/constants/index.ts[39m:41:120
[33m  
  [33mUnterminated string literal[33m
  39 |      title: "AUTOMOBILE PHOTOGRAPHY & FILM",
  40 |      description:
  41 |        "Purpose built automotive films that translate engineering, design, and motion into compelling visual experiences.
     |                                                                                                                          ^
  42 |      bgImage: "/photos/bts-2.jpg",
  43 |    },
  [39m
      at failureErrorWithLog (C:\Users\shami\Desktop\Low-Grade-F\node_modules\.pnpm\esbuild@0.28.1\node_modules\esbuild\lib\main.js:1748:15)
      at C:\Users\shami\Desktop\Low-Grade-F\node_modules\.pnpm\esbuild@0.28.1\node_modules\esbuild\lib\main.js:1017:50
      at responseCallbacks.<computed> (C:\Users\shami\Desktop\Low-Grade-F\node_modules\.pnpm\esbuild@0.28.1\node_modules\esbuild\lib\main.js:884:9)
      at handleIncomingPacket (C:\Users\shami\Desktop\Low-Grade-F\node_modules\.pnpm\esbuild@0.28.1\node_modules\esbuild\lib\main.js:939:12)
      at Socket.readFromStdout (C:\Users\shami\Desktop\Low-Grade-F\node_modules\.pnpm\esbuild@0.28.1\node_modules\esbuild\lib\main.js:862:7)
      at Socket.emit (node:events:508:28)
      at addChunk (node:internal/streams/readable:559:12)
      at readableAddChunkPushByteMode (node:internal/streams/readable:510:3)
      at Readable.push (node:internal/streams/readable:390:5)
      at Pipe.onStreamRead (node:internal/stream_base_commons:189:23)
[2m6:58:47 PM[22m [31m[1m[vite][22m[39m [31m[2m(client)[22m[39m Pre-transform error: Transform failed with 1 error:
C:/Users/shami/Desktop/Low-Grade-F/artifacts/lgf-website/src/constants/index.ts:41:120: ERROR: Unterminated string literal
  Plugin: [35mvite:esbuild[39m
  File: [36mC:/Users/shami/Desktop/Low-Grade-F/artifacts/lgf-website/src/constants/index.ts[39m:41:120
[33m  
  [33mUnterminated string literal[33m
  39 |      title: "AUTOMOBILE PHOTOGRAPHY & FILM",
  40 |      description:
  41 |        "Purpose built automotive films that translate engineering, design, and motion into compelling visual experiences.
     |                                                                                                                          ^
  42 |      bgImage: "/photos/bts-2.jpg",
  43 |    },
  [39m
[2m7:00:11 PM[22m [31m[1m[vite][22m[39m [31m[2m(client)[22m[39m Pre-transform error: Transform failed with 1 error:
C:/Users/shami/Desktop/Low-Grade-F/artifacts/lgf-website/src/constants/index.ts:49:90: ERROR: Unterminated string literal
  Plugin: [35mvite:esbuild[39m
  File: [36mC:/Users/shami/Desktop/Low-Grade-F/artifacts/lgf-website/src/constants/index.ts[39m:49:90
[33m  
  [33mUnterminated string literal[33m
  47 |      title: "TACTICAL & FIREARMS PHOTOGRAPHY",
  48 |      description:
  49 |        "Specialised productions that present tactical equipment and firearms with precision
     |                                                                                            ^
  50 |      bgImage: "/photos/bts-3.jpg",
  51 |    },
  [39m
[2m7:00:11 PM[22m [31m[1m[vite][22m[39m [31m[2m(client)[22m[39m Pre-transform error: Transform failed with 1 error:
C:/Users/shami/Desktop/Low-Grade-F/artifacts/lgf-website/src/constants/index.ts:49:90: ERROR: Unterminated string literal
  Plugin: [35mvite:esbuild[39m
  File: [36mC:/Users/shami/Desktop/Low-Grade-F/artifacts/lgf-website/src/constants/index.ts[39m:49:90
[33m  
  [33mUnterminated string literal[33m
  47 |      title: "TACTICAL & FIREARMS PHOTOGRAPHY",
  48 |      description:
  49 |        "Specialised productions that present tactical equipment and firearms with precision
     |                                                                                            ^
  50 |      bgImage: "/photos/bts-3.jpg",
  51 |    },
  [39m
[2m7:00:11 PM[22m [31m[1m[vite][22m[39m [31m[2m(client)[22m[39m Pre-transform error: Transform failed with 1 error:
C:/Users/shami/Desktop/Low-Grade-F/artifacts/lgf-website/src/constants/index.ts:49:90: ERROR: Unterminated string literal
  Plugin: [35mvite:esbuild[39m
  File: [36mC:/Users/shami/Desktop/Low-Grade-F/artifacts/lgf-website/src/constants/index.ts[39m:49:90
[33m  
  [33mUnterminated string literal[33m
  47 |      title: "TACTICAL & FIREARMS PHOTOGRAPHY",
  48 |      description:
  49 |        "Specialised productions that present tactical equipment and firearms with precision
     |                                                                                            ^
  50 |      bgImage: "/photos/bts-3.jpg",
  51 |    },
  [39m
[2m7:00:11 PM[22m [31m[1m[vite][22m[39m [31m[2m(client)[22m[39m Pre-transform error: Transform failed with 1 error:
C:/Users/shami/Desktop/Low-Grade-F/artifacts/lgf-website/src/constants/index.ts:49:90: ERROR: Unterminated string literal
  Plugin: [35mvite:esbuild[39m
  File: [36mC:/Users/shami/Desktop/Low-Grade-F/artifacts/lgf-website/src/constants/index.ts[39m:49:90
[33m  
  [33mUnterminated string literal[33m
  47 |      title: "TACTICAL & FIREARMS PHOTOGRAPHY",
  48 |      description:
  49 |        "Specialised productions that present tactical equipment and firearms with precision
     |                                                                                            ^
  50 |      bgImage: "/photos/bts-3.jpg",
  51 |    },
  [39m
[2m7:00:11 PM[22m [31m[1m[vite][22m[39m [31m[2m(client)[22m[39m Pre-transform error: Transform failed with 1 error:
C:/Users/shami/Desktop/Low-Grade-F/artifacts/lgf-website/src/constants/index.ts:49:90: ERROR: Unterminated string literal
  Plugin: [35mvite:esbuild[39m
  File: [36mC:/Users/shami/Desktop/Low-Grade-F/artifacts/lgf-website/src/constants/index.ts[39m:49:90
[33m  
  [33mUnterminated string literal[33m
  47 |      title: "TACTICAL & FIREARMS PHOTOGRAPHY",
  48 |      description:
  49 |        "Specialised productions that present tactical equipment and firearms with precision
     |                                                                                            ^
  50 |      bgImage: "/photos/bts-3.jpg",
  51 |    },
  [39m
[2m7:00:11 PM[22m [31m[1m[vite][22m[39m [31m[2m(client)[22m[39m Pre-transform error: Transform failed with 1 error:
C:/Users/shami/Desktop/Low-Grade-F/artifacts/lgf-website/src/constants/index.ts:49:90: ERROR: Unterminated string literal
  Plugin: [35mvite:esbuild[39m
  File: [36mC:/Users/shami/Desktop/Low-Grade-F/artifacts/lgf-website/src/constants/index.ts[39m:49:90
[33m  
  [33mUnterminated string literal[33m
  47 |      title: "TACTICAL & FIREARMS PHOTOGRAPHY",
  48 |      description:
  49 |        "Specialised productions that present tactical equipment and firearms with precision
     |                                                                                            ^
  50 |      bgImage: "/photos/bts-3.jpg",
  51 |    },
  [39m
[2m7:00:11 PM[22m [31m[1m[vite][22m[39m [31m[2m(client)[22m[39m Pre-transform error: Transform failed with 1 error:
C:/Users/shami/Desktop/Low-Grade-F/artifacts/lgf-website/src/constants/index.ts:49:90: ERROR: Unterminated string literal
  Plugin: [35mvite:esbuild[39m
  File: [36mC:/Users/shami/Desktop/Low-Grade-F/artifacts/lgf-website/src/constants/index.ts[39m:49:90
[33m  
  [33mUnterminated string literal[33m
  47 |      title: "TACTICAL & FIREARMS PHOTOGRAPHY",
  48 |      description:
  49 |        "Specialised productions that present tactical equipment and firearms with precision
     |                                                                                            ^
  50 |      bgImage: "/photos/bts-3.jpg",
  51 |    },
  [39m
[2m7:00:11 PM[22m [31m[1m[vite][22m[39m [31m[2m(client)[22m[39m Pre-transform error: Transform failed with 1 error:
C:/Users/shami/Desktop/Low-Grade-F/artifacts/lgf-website/src/constants/index.ts:49:90: ERROR: Unterminated string literal
  Plugin: [35mvite:esbuild[39m
  File: [36mC:/Users/shami/Desktop/Low-Grade-F/artifacts/lgf-website/src/constants/index.ts[39m:49:90
[33m  
  [33mUnterminated string literal[33m
  47 |      title: "TACTICAL & FIREARMS PHOTOGRAPHY",
  48 |      description:
  49 |        "Specialised productions that present tactical equipment and firearms with precision
     |                                                                                            ^
  50 |      bgImage: "/photos/bts-3.jpg",
  51 |    },
  [39m
[2m7:00:11 PM[22m [31m[1m[vite][22m[39m [31mInternal server error: Transform failed with 1 error:
C:/Users/shami/Desktop/Low-Grade-F/artifacts/lgf-website/src/constants/index.ts:49:90: ERROR: Unterminated string literal[39m
  Plugin: [35mvite:esbuild[39m
  File: [36mC:/Users/shami/Desktop/Low-Grade-F/artifacts/lgf-website/src/constants/index.ts[39m:49:90
[33m  
  [33mUnterminated string literal[33m
  47 |      title: "TACTICAL & FIREARMS PHOTOGRAPHY",
  48 |      description:
  49 |        "Specialised productions that present tactical equipment and firearms with precision
     |                                                                                            ^
  50 |      bgImage: "/photos/bts-3.jpg",
  51 |    },
  [39m
      at failureErrorWithLog (C:\Users\shami\Desktop\Low-Grade-F\node_modules\.pnpm\esbuild@0.28.1\node_modules\esbuild\lib\main.js:1748:15)
      at C:\Users\shami\Desktop\Low-Grade-F\node_modules\.pnpm\esbuild@0.28.1\node_modules\esbuild\lib\main.js:1017:50
      at responseCallbacks.<computed> (C:\Users\shami\Desktop\Low-Grade-F\node_modules\.pnpm\esbuild@0.28.1\node_modules\esbuild\lib\main.js:884:9)
      at handleIncomingPacket (C:\Users\shami\Desktop\Low-Grade-F\node_modules\.pnpm\esbuild@0.28.1\node_modules\esbuild\lib\main.js:939:12)
      at Socket.readFromStdout (C:\Users\shami\Desktop\Low-Grade-F\node_modules\.pnpm\esbuild@0.28.1\node_modules\esbuild\lib\main.js:862:7)
      at Socket.emit (node:events:508:28)
      at addChunk (node:internal/streams/readable:559:12)
      at readableAddChunkPushByteMode (node:internal/streams/readable:510:3)
      at Readable.push (node:internal/streams/readable:390:5)
      at Pipe.onStreamRead (node:internal/stream_base_commons:189:23)
[2m7:00:17 PM[22m [31m[1m[vite][22m[39m [31m[2m(client)[22m[39m Pre-transform error: Transform failed with 1 error:
C:/Users/shami/Desktop/Low-Grade-F/artifacts/lgf-website/src/constants/index.ts:49:103: ERROR: Unterminated string literal
  Plugin: [35mvite:esbuild[39m
  File: [36mC:/Users/shami/Desktop/Low-Grade-F/artifacts/lgf-website/src/constants/index.ts[39m:49:103
[33m  
  [33mUnterminated string literal[33m
  47 |      title: "TACTICAL & FIREARMS PHOTOGRAPHY",
  48 |      description:
  49 |        "Specialised productions that present tactical equipment and firearms with precision, credibility
     |                                                                                                         ^
  50 |      bgImage: "/photos/bts-3.jpg",
  51 |    },
  [39m
[2m7:00:17 PM[22m [31m[1m[vite][22m[39m [31m[2m(client)[22m[39m Pre-transform error: Transform failed with 1 error:
C:/Users/shami/Desktop/Low-Grade-F/artifacts/lgf-website/src/constants/index.ts:49:103: ERROR: Unterminated string literal
  Plugin: [35mvite:esbuild[39m
  File: [36mC:/Users/shami/Desktop/Low-Grade-F/artifacts/lgf-website/src/constants/index.ts[39m:49:103
[33m  
  [33mUnterminated string literal[33m
  47 |      title: "TACTICAL & FIREARMS PHOTOGRAPHY",
  48 |      description:
  49 |        "Specialised productions that present tactical equipment and firearms with precision, credibility
     |                                                                                                         ^
  50 |      bgImage: "/photos/bts-3.jpg",
  51 |    },
  [39m
[2m7:00:17 PM[22m [31m[1m[vite][22m[39m [31m[2m(client)[22m[39m Pre-transform error: Transform failed with 1 error:
C:/Users/shami/Desktop/Low-Grade-F/artifacts/lgf-website/src/constants/index.ts:49:103: ERROR: Unterminated string literal
  Plugin: [35mvite:esbuild[39m
  File: [36mC:/Users/shami/Desktop/Low-Grade-F/artifacts/lgf-website/src/constants/index.ts[39m:49:103
[33m  
  [33mUnterminated string literal[33m
  47 |      title: "TACTICAL & FIREARMS PHOTOGRAPHY",
  48 |      description:
  49 |        "Specialised productions that present tactical equipment and firearms with precision, credibility
     |                                                                                                         ^
  50 |      bgImage: "/photos/bts-3.jpg",
  51 |    },
  [39m
[2m7:00:17 PM[22m [31m[1m[vite][22m[39m [31m[2m(client)[22m[39m Pre-transform error: Transform failed with 1 error:
C:/Users/shami/Desktop/Low-Grade-F/artifacts/lgf-website/src/constants/index.ts:49:103: ERROR: Unterminated string literal
  Plugin: [35mvite:esbuild[39m
  File: [36mC:/Users/shami/Desktop/Low-Grade-F/artifacts/lgf-website/src/constants/index.ts[39m:49:103
[33m  
  [33mUnterminated string literal[33m
  47 |      title: "TACTICAL & FIREARMS PHOTOGRAPHY",
  48 |      description:
  49 |        "Specialised productions that present tactical equipment and firearms with precision, credibility
     |                                                                                                         ^
  50 |      bgImage: "/photos/bts-3.jpg",
  51 |    },
  [39m
[2m7:00:17 PM[22m [31m[1m[vite][22m[39m [31m[2m(client)[22m[39m Pre-transform error: Transform failed with 1 error:
C:/Users/shami/Desktop/Low-Grade-F/artifacts/lgf-website/src/constants/index.ts:49:103: ERROR: Unterminated string literal
  Plugin: [35mvite:esbuild[39m
  File: [36mC:/Users/shami/Desktop/Low-Grade-F/artifacts/lgf-website/src/constants/index.ts[39m:49:103
[33m  
  [33mUnterminated string literal[33m
  47 |      title: "TACTICAL & FIREARMS PHOTOGRAPHY",
  48 |      description:
  49 |        "Specialised productions that present tactical equipment and firearms with precision, credibility
     |                                                                                                         ^
  50 |      bgImage: "/photos/bts-3.jpg",
  51 |    },
  [39m
[2m7:00:17 PM[22m [31m[1m[vite][22m[39m [31m[2m(client)[22m[39m Pre-transform error: Transform failed with 1 error:
C:/Users/shami/Desktop/Low-Grade-F/artifacts/lgf-website/src/constants/index.ts:49:103: ERROR: Unterminated string literal
  Plugin: [35mvite:esbuild[39m
  File: [36mC:/Users/shami/Desktop/Low-Grade-F/artifacts/lgf-website/src/constants/index.ts[39m:49:103
[33m  
  [33mUnterminated string literal[33m
  47 |      title: "TACTICAL & FIREARMS PHOTOGRAPHY",
  48 |      description:
  49 |        "Specialised productions that present tactical equipment and firearms with precision, credibility
     |                                                                                                         ^
  50 |      bgImage: "/photos/bts-3.jpg",
  51 |    },
  [39m
[2m7:00:17 PM[22m [31m[1m[vite][22m[39m [31m[2m(client)[22m[39m Pre-transform error: Transform failed with 1 error:
C:/Users/shami/Desktop/Low-Grade-F/artifacts/lgf-website/src/constants/index.ts:49:103: ERROR: Unterminated string literal
  Plugin: [35mvite:esbuild[39m
  File: [36mC:/Users/shami/Desktop/Low-Grade-F/artifacts/lgf-website/src/constants/index.ts[39m:49:103
[33m  
  [33mUnterminated string literal[33m
  47 |      title: "TACTICAL & FIREARMS PHOTOGRAPHY",
  48 |      description:
  49 |        "Specialised productions that present tactical equipment and firearms with precision, credibility
     |                                                                                                         ^
  50 |      bgImage: "/photos/bts-3.jpg",
  51 |    },
  [39m
[2m7:00:17 PM[22m [31m[1m[vite][22m[39m [31m[2m(client)[22m[39m Pre-transform error: Transform failed with 1 error:
C:/Users/shami/Desktop/Low-Grade-F/artifacts/lgf-website/src/constants/index.ts:49:103: ERROR: Unterminated string literal
  Plugin: [35mvite:esbuild[39m
  File: [36mC:/Users/shami/Desktop/Low-Grade-F/artifacts/lgf-website/src/constants/index.ts[39m:49:103
[33m  
  [33mUnterminated string literal[33m
  47 |      title: "TACTICAL & FIREARMS PHOTOGRAPHY",
  48 |      description:
  49 |        "Specialised productions that present tactical equipment and firearms with precision, credibility
     |                                                                                                         ^
  50 |      bgImage: "/photos/bts-3.jpg",
  51 |    },
  [39m
[2m7:00:17 PM[22m [31m[1m[vite][22m[39m [31mInternal server error: Transform failed with 1 error:
C:/Users/shami/Desktop/Low-Grade-F/artifacts/lgf-website/src/constants/index.ts:49:103: ERROR: Unterminated string literal[39m
  Plugin: [35mvite:esbuild[39m
  File: [36mC:/Users/shami/Desktop/Low-Grade-F/artifacts/lgf-website/src/constants/index.ts[39m:49:103
[33m  
  [33mUnterminated string literal[33m
  47 |      title: "TACTICAL & FIREARMS PHOTOGRAPHY",
  48 |      description:
  49 |        "Specialised productions that present tactical equipment and firearms with precision, credibility
     |                                                                                                         ^
  50 |      bgImage: "/photos/bts-3.jpg",
  51 |    },
  [39m
      at failureErrorWithLog (C:\Users\shami\Desktop\Low-Grade-F\node_modules\.pnpm\esbuild@0.28.1\node_modules\esbuild\lib\main.js:1748:15)
      at C:\Users\shami\Desktop\Low-Grade-F\node_modules\.pnpm\esbuild@0.28.1\node_modules\esbuild\lib\main.js:1017:50
      at responseCallbacks.<computed> (C:\Users\shami\Desktop\Low-Grade-F\node_modules\.pnpm\esbuild@0.28.1\node_modules\esbuild\lib\main.js:884:9)
      at handleIncomingPacket (C:\Users\shami\Desktop\Low-Grade-F\node_modules\.pnpm\esbuild@0.28.1\node_modules\esbuild\lib\main.js:939:12)
      at Socket.readFromStdout (C:\Users\shami\Desktop\Low-Grade-F\node_modules\.pnpm\esbuild@0.28.1\node_modules\esbuild\lib\main.js:862:7)
      at Socket.emit (node:events:508:28)
      at addChunk (node:internal/streams/readable:559:12)
      at readableAddChunkPushByteMode (node:internal/streams/readable:510:3)
      at Readable.push (node:internal/streams/readable:390:5)
      at Pipe.onStreamRead (node:internal/stream_base_commons:189:23)
[2m7:00:25 PM[22m [31m[1m[vite][22m[39m [31m[2m(client)[22m[39m Pre-transform error: Transform failed with 1 error:
C:/Users/shami/Desktop/Low-Grade-F/artifacts/lgf-website/src/constants/index.ts:49:128: ERROR: Unterminated string literal
  Plugin: [35mvite:esbuild[39m
  File: [36mC:/Users/shami/Desktop/Low-Grade-F/artifacts/lgf-website/src/constants/index.ts[39m:49:128
[33m  
  [33mUnterminated string literal[33m
  47 |      title: "TACTICAL & FIREARMS PHOTOGRAPHY",
  48 |      description:
  49 |  ...irearms with precision, credibility, and attention to detail
     |                                                                 ^
  50 |      bgImage: "/photos/bts-3.jpg",
  51 |    },
  [39m
[2m7:00:25 PM[22m [31m[1m[vite][22m[39m [31m[2m(client)[22m[39m Pre-transform error: Transform failed with 1 error:
C:/Users/shami/Desktop/Low-Grade-F/artifacts/lgf-website/src/constants/index.ts:49:128: ERROR: Unterminated string literal
  Plugin: [35mvite:esbuild[39m
  File: [36mC:/Users/shami/Desktop/Low-Grade-F/artifacts/lgf-website/src/constants/index.ts[39m:49:128
[33m  
  [33mUnterminated string literal[33m
  47 |      title: "TACTICAL & FIREARMS PHOTOGRAPHY",
  48 |      description:
  49 |  ...irearms with precision, credibility, and attention to detail
     |                                                                 ^
  50 |      bgImage: "/photos/bts-3.jpg",
  51 |    },
  [39m
[2m7:00:25 PM[22m [31m[1m[vite][22m[39m [31m[2m(client)[22m[39m Pre-transform error: Transform failed with 1 error:
C:/Users/shami/Desktop/Low-Grade-F/artifacts/lgf-website/src/constants/index.ts:49:128: ERROR: Unterminated string literal
  Plugin: [35mvite:esbuild[39m
  File: [36mC:/Users/shami/Desktop/Low-Grade-F/artifacts/lgf-website/src/constants/index.ts[39m:49:128
[33m  
  [33mUnterminated string literal[33m
  47 |      title: "TACTICAL & FIREARMS PHOTOGRAPHY",
  48 |      description:
  49 |  ...irearms with precision, credibility, and attention to detail
     |                                                                 ^
  50 |      bgImage: "/photos/bts-3.jpg",
  51 |    },
  [39m
[2m7:00:25 PM[22m [31m[1m[vite][22m[39m [31m[2m(client)[22m[39m Pre-transform error: Transform failed with 1 error:
C:/Users/shami/Desktop/Low-Grade-F/artifacts/lgf-website/src/constants/index.ts:49:128: ERROR: Unterminated string literal
  Plugin: [35mvite:esbuild[39m
  File: [36mC:/Users/shami/Desktop/Low-Grade-F/artifacts/lgf-website/src/constants/index.ts[39m:49:128
[33m  
  [33mUnterminated string literal[33m
  47 |      title: "TACTICAL & FIREARMS PHOTOGRAPHY",
  48 |      description:
  49 |  ...irearms with precision, credibility, and attention to detail
     |                                                                 ^
  50 |      bgImage: "/photos/bts-3.jpg",
  51 |    },
  [39m
[2m7:00:26 PM[22m [31m[1m[vite][22m[39m [31m[2m(client)[22m[39m Pre-transform error: Transform failed with 1 error:
C:/Users/shami/Desktop/Low-Grade-F/artifacts/lgf-website/src/constants/index.ts:49:128: ERROR: Unterminated string literal
  Plugin: [35mvite:esbuild[39m
  File: [36mC:/Users/shami/Desktop/Low-Grade-F/artifacts/lgf-website/src/constants/index.ts[39m:49:128
[33m  
  [33mUnterminated string literal[33m
  47 |      title: "TACTICAL & FIREARMS PHOTOGRAPHY",
  48 |      description:
  49 |  ...irearms with precision, credibility, and attention to detail
     |                                                                 ^
  50 |      bgImage: "/photos/bts-3.jpg",
  51 |    },
  [39m
[2m7:00:26 PM[22m [31m[1m[vite][22m[39m [31m[2m(client)[22m[39m Pre-transform error: Transform failed with 1 error:
C:/Users/shami/Desktop/Low-Grade-F/artifacts/lgf-website/src/constants/index.ts:49:128: ERROR: Unterminated string literal
  Plugin: [35mvite:esbuild[39m
  File: [36mC:/Users/shami/Desktop/Low-Grade-F/artifacts/lgf-website/src/constants/index.ts[39m:49:128
[33m  
  [33mUnterminated string literal[33m
  47 |      title: "TACTICAL & FIREARMS PHOTOGRAPHY",
  48 |      description:
  49 |  ...irearms with precision, credibility, and attention to detail
     |                                                                 ^
  50 |      bgImage: "/photos/bts-3.jpg",
  51 |    },
  [39m
[2m7:00:26 PM[22m [31m[1m[vite][22m[39m [31m[2m(client)[22m[39m Pre-transform error: Transform failed with 1 error:
C:/Users/shami/Desktop/Low-Grade-F/artifacts/lgf-website/src/constants/index.ts:49:128: ERROR: Unterminated string literal
  Plugin: [35mvite:esbuild[39m
  File: [36mC:/Users/shami/Desktop/Low-Grade-F/artifacts/lgf-website/src/constants/index.ts[39m:49:128
[33m  
  [33mUnterminated string literal[33m
  47 |      title: "TACTICAL & FIREARMS PHOTOGRAPHY",
  48 |      description:
  49 |  ...irearms with precision, credibility, and attention to detail
     |                                                                 ^
  50 |      bgImage: "/photos/bts-3.jpg",
  51 |    },
  [39m
[2m7:00:26 PM[22m [31m[1m[vite][22m[39m [31m[2m(client)[22m[39m Pre-transform error: Transform failed with 1 error:
C:/Users/shami/Desktop/Low-Grade-F/artifacts/lgf-website/src/constants/index.ts:49:128: ERROR: Unterminated string literal
  Plugin: [35mvite:esbuild[39m
  File: [36mC:/Users/shami/Desktop/Low-Grade-F/artifacts/lgf-website/src/constants/index.ts[39m:49:128
[33m  
  [33mUnterminated string literal[33m
  47 |      title: "TACTICAL & FIREARMS PHOTOGRAPHY",
  48 |      description:
  49 |  ...irearms with precision, credibility, and attention to detail
     |                                                                 ^
  50 |      bgImage: "/photos/bts-3.jpg",
  51 |    },
  [39m
[2m7:00:26 PM[22m [31m[1m[vite][22m[39m [31mInternal server error: Transform failed with 1 error:
C:/Users/shami/Desktop/Low-Grade-F/artifacts/lgf-website/src/constants/index.ts:49:128: ERROR: Unterminated string literal[39m
  Plugin: [35mvite:esbuild[39m
  File: [36mC:/Users/shami/Desktop/Low-Grade-F/artifacts/lgf-website/src/constants/index.ts[39m:49:128
[33m  
  [33mUnterminated string literal[33m
  47 |      title: "TACTICAL & FIREARMS PHOTOGRAPHY",
  48 |      description:
  49 |  ...irearms with precision, credibility, and attention to detail
     |                                                                 ^
  50 |      bgImage: "/photos/bts-3.jpg",
  51 |    },
  [39m
      at failureErrorWithLog (C:\Users\shami\Desktop\Low-Grade-F\node_modules\.pnpm\esbuild@0.28.1\node_modules\esbuild\lib\main.js:1748:15)
      at C:\Users\shami\Desktop\Low-Grade-F\node_modules\.pnpm\esbuild@0.28.1\node_modules\esbuild\lib\main.js:1017:50
      at responseCallbacks.<computed> (C:\Users\shami\Desktop\Low-Grade-F\node_modules\.pnpm\esbuild@0.28.1\node_modules\esbuild\lib\main.js:884:9)
      at handleIncomingPacket (C:\Users\shami\Desktop\Low-Grade-F\node_modules\.pnpm\esbuild@0.28.1\node_modules\esbuild\lib\main.js:939:12)
      at Socket.readFromStdout (C:\Users\shami\Desktop\Low-Grade-F\node_modules\.pnpm\esbuild@0.28.1\node_modules\esbuild\lib\main.js:862:7)
      at Socket.emit (node:events:508:28)
      at addChunk (node:internal/streams/readable:559:12)
      at readableAddChunkPushByteMode (node:internal/streams/readable:510:3)
      at Readable.push (node:internal/streams/readable:390:5)
      at Pipe.onStreamRead (node:internal/stream_base_commons:189:23)
[2m7:00:28 PM[22m [31m[1m[vite][22m[39m [31m[2m(client)[22m[39m Pre-transform error: Transform failed with 1 error:
C:/Users/shami/Desktop/Low-Grade-F/artifacts/lgf-website/src/constants/index.ts:49:129: ERROR: Unterminated string literal
  Plugin: [35mvite:esbuild[39m
  File: [36mC:/Users/shami/Desktop/Low-Grade-F/artifacts/lgf-website/src/constants/index.ts[39m:49:129
[33m  
  [33mUnterminated string literal[33m
  47 |      title: "TACTICAL & FIREARMS PHOTOGRAPHY",
  48 |      description:
  49 |  ...rearms with precision, credibility, and attention to detail.
     |                                                                 ^
  50 |      bgImage: "/photos/bts-3.jpg",
  51 |    },
  [39m
[2m7:00:28 PM[22m [31m[1m[vite][22m[39m [31m[2m(client)[22m[39m Pre-transform error: Transform failed with 1 error:
C:/Users/shami/Desktop/Low-Grade-F/artifacts/lgf-website/src/constants/index.ts:49:129: ERROR: Unterminated string literal
  Plugin: [35mvite:esbuild[39m
  File: [36mC:/Users/shami/Desktop/Low-Grade-F/artifacts/lgf-website/src/constants/index.ts[39m:49:129
[33m  
  [33mUnterminated string literal[33m
  47 |      title: "TACTICAL & FIREARMS PHOTOGRAPHY",
  48 |      description:
  49 |  ...rearms with precision, credibility, and attention to detail.
     |                                                                 ^
  50 |      bgImage: "/photos/bts-3.jpg",
  51 |    },
  [39m
[2m7:00:28 PM[22m [31m[1m[vite][22m[39m [31m[2m(client)[22m[39m Pre-transform error: Transform failed with 1 error:
C:/Users/shami/Desktop/Low-Grade-F/artifacts/lgf-website/src/constants/index.ts:49:129: ERROR: Unterminated string literal
  Plugin: [35mvite:esbuild[39m
  File: [36mC:/Users/shami/Desktop/Low-Grade-F/artifacts/lgf-website/src/constants/index.ts[39m:49:129
[33m  
  [33mUnterminated string literal[33m
  47 |      title: "TACTICAL & FIREARMS PHOTOGRAPHY",
  48 |      description:
  49 |  ...rearms with precision, credibility, and attention to detail.
     |                                                                 ^
  50 |      bgImage: "/photos/bts-3.jpg",
  51 |    },
  [39m
[2m7:00:28 PM[22m [31m[1m[vite][22m[39m [31m[2m(client)[22m[39m Pre-transform error: Transform failed with 1 error:
C:/Users/shami/Desktop/Low-Grade-F/artifacts/lgf-website/src/constants/index.ts:49:129: ERROR: Unterminated string literal
  Plugin: [35mvite:esbuild[39m
  File: [36mC:/Users/shami/Desktop/Low-Grade-F/artifacts/lgf-website/src/constants/index.ts[39m:49:129
[33m  
  [33mUnterminated string literal[33m
  47 |      title: "TACTICAL & FIREARMS PHOTOGRAPHY",
  48 |      description:
  49 |  ...rearms with precision, credibility, and attention to detail.
     |                                                                 ^
  50 |      bgImage: "/photos/bts-3.jpg",
  51 |    },
  [39m
[2m7:00:28 PM[22m [31m[1m[vite][22m[39m [31m[2m(client)[22m[39m Pre-transform error: Transform failed with 1 error:
C:/Users/shami/Desktop/Low-Grade-F/artifacts/lgf-website/src/constants/index.ts:49:129: ERROR: Unterminated string literal
  Plugin: [35mvite:esbuild[39m
  File: [36mC:/Users/shami/Desktop/Low-Grade-F/artifacts/lgf-website/src/constants/index.ts[39m:49:129
[33m  
  [33mUnterminated string literal[33m
  47 |      title: "TACTICAL & FIREARMS PHOTOGRAPHY",
  48 |      description:
  49 |  ...rearms with precision, credibility, and attention to detail.
     |                                                                 ^
  50 |      bgImage: "/photos/bts-3.jpg",
  51 |    },
  [39m
[2m7:00:28 PM[22m [31m[1m[vite][22m[39m [31m[2m(client)[22m[39m Pre-transform error: Transform failed with 1 error:
C:/Users/shami/Desktop/Low-Grade-F/artifacts/lgf-website/src/constants/index.ts:49:129: ERROR: Unterminated string literal
  Plugin: [35mvite:esbuild[39m
  File: [36mC:/Users/shami/Desktop/Low-Grade-F/artifacts/lgf-website/src/constants/index.ts[39m:49:129
[33m  
  [33mUnterminated string literal[33m
  47 |      title: "TACTICAL & FIREARMS PHOTOGRAPHY",
  48 |      description:
  49 |  ...rearms with precision, credibility, and attention to detail.
     |                                                                 ^
  50 |      bgImage: "/photos/bts-3.jpg",
  51 |    },
  [39m
[2m7:00:28 PM[22m [31m[1m[vite][22m[39m [31m[2m(client)[22m[39m Pre-transform error: Transform failed with 1 error:
C:/Users/shami/Desktop/Low-Grade-F/artifacts/lgf-website/src/constants/index.ts:49:129: ERROR: Unterminated string literal
  Plugin: [35mvite:esbuild[39m
  File: [36mC:/Users/shami/Desktop/Low-Grade-F/artifacts/lgf-website/src/constants/index.ts[39m:49:129
[33m  
  [33mUnterminated string literal[33m
  47 |      title: "TACTICAL & FIREARMS PHOTOGRAPHY",
  48 |      description:
  49 |  ...rearms with precision, credibility, and attention to detail.
     |                                                                 ^
  50 |      bgImage: "/photos/bts-3.jpg",
  51 |    },
  [39m
[2m7:00:28 PM[22m [31m[1m[vite][22m[39m [31mInternal server error: Transform failed with 1 error:
C:/Users/shami/Desktop/Low-Grade-F/artifacts/lgf-website/src/constants/index.ts:49:129: ERROR: Unterminated string literal[39m
  Plugin: [35mvite:esbuild[39m
  File: [36mC:/Users/shami/Desktop/Low-Grade-F/artifacts/lgf-website/src/constants/index.ts[39m:49:129
[33m  
  [33mUnterminated string literal[33m
  47 |      title: "TACTICAL & FIREARMS PHOTOGRAPHY",
  48 |      description:
  49 |  ...rearms with precision, credibility, and attention to detail.
     |                                                                 ^
  50 |      bgImage: "/photos/bts-3.jpg",
  51 |    },
  [39m
      at failureErrorWithLog (C:\Users\shami\Desktop\Low-Grade-F\node_modules\.pnpm\esbuild@0.28.1\node_modules\esbuild\lib\main.js:1748:15)
      at C:\Users\shami\Desktop\Low-Grade-F\node_modules\.pnpm\esbuild@0.28.1\node_modules\esbuild\lib\main.js:1017:50
      at responseCallbacks.<computed> (C:\Users\shami\Desktop\Low-Grade-F\node_modules\.pnpm\esbuild@0.28.1\node_modules\esbuild\lib\main.js:884:9)
      at handleIncomingPacket (C:\Users\shami\Desktop\Low-Grade-F\node_modules\.pnpm\esbuild@0.28.1\node_modules\esbuild\lib\main.js:939:12)
      at Socket.readFromStdout (C:\Users\shami\Desktop\Low-Grade-F\node_modules\.pnpm\esbuild@0.28.1\node_modules\esbuild\lib\main.js:862:7)
      at Socket.emit (node:events:508:28)
      at addChunk (node:internal/streams/readable:559:12)
      at readableAddChunkPushByteMode (node:internal/streams/readable:510:3)
      at Readable.push (node:internal/streams/readable:390:5)
      at Pipe.onStreamRead (node:internal/stream_base_commons:189:23)
[2m7:00:28 PM[22m [31m[1m[vite][22m[39m [31m[2m(client)[22m[39m Pre-transform error: Transform failed with 1 error:
C:/Users/shami/Desktop/Low-Grade-F/artifacts/lgf-website/src/constants/index.ts:49:129: ERROR: Unterminated string literal
  Plugin: [35mvite:esbuild[39m
  File: [36mC:/Users/shami/Desktop/Low-Grade-F/artifacts/lgf-website/src/constants/index.ts[39m:49:129
[33m  
  [33mUnterminated string literal[33m
  47 |      title: "TACTICAL & FIREARMS PHOTOGRAPHY",
  48 |      description:
  49 |  ...rearms with precision, credibility, and attention to detail.
     |                                                                 ^
  50 |      bgImage: "/photos/bts-3.jpg",
  51 |    },
  [39m
[2m7:01:32 PM[22m [31m[1m[vite][22m[39m [31m[2m(client)[22m[39m Pre-transform error: Transform failed with 1 error:
C:/Users/shami/Desktop/Low-Grade-F/artifacts/lgf-website/src/constants/index.ts:56:102: ERROR: Unterminated string literal
  Plugin: [35mvite:esbuild[39m
  File: [36mC:/Users/shami/Desktop/Low-Grade-F/artifacts/lgf-website/src/constants/index.ts[39m:56:102
[33m  
  [33mUnterminated string literal[33m
  54 |      iconName: "Aperture" as const,
  55 |      title: "COMMERCIAL & BRAND SHOOTS",
  56 |      description: "Distinctive visual campaigns developed to strengthen brand presence and communicate 
     |                                                                                                        ^
  57 |      bgImage: "/photos/bts-1.jpg",
  58 |    },
  [39m
[2m7:01:32 PM[22m [31m[1m[vite][22m[39m [31m[2m(client)[22m[39m Pre-transform error: Transform failed with 1 error:
C:/Users/shami/Desktop/Low-Grade-F/artifacts/lgf-website/src/constants/index.ts:56:102: ERROR: Unterminated string literal
  Plugin: [35mvite:esbuild[39m
  File: [36mC:/Users/shami/Desktop/Low-Grade-F/artifacts/lgf-website/src/constants/index.ts[39m:56:102
[33m  
  [33mUnterminated string literal[33m
  54 |      iconName: "Aperture" as const,
  55 |      title: "COMMERCIAL & BRAND SHOOTS",
  56 |      description: "Distinctive visual campaigns developed to strengthen brand presence and communicate 
     |                                                                                                        ^
  57 |      bgImage: "/photos/bts-1.jpg",
  58 |    },
  [39m
[2m7:01:32 PM[22m [31m[1m[vite][22m[39m [31m[2m(client)[22m[39m Pre-transform error: Transform failed with 1 error:
C:/Users/shami/Desktop/Low-Grade-F/artifacts/lgf-website/src/constants/index.ts:56:102: ERROR: Unterminated string literal
  Plugin: [35mvite:esbuild[39m
  File: [36mC:/Users/shami/Desktop/Low-Grade-F/artifacts/lgf-website/src/constants/index.ts[39m:56:102
[33m  
  [33mUnterminated string literal[33m
  54 |      iconName: "Aperture" as const,
  55 |      title: "COMMERCIAL & BRAND SHOOTS",
  56 |      description: "Distinctive visual campaigns developed to strengthen brand presence and communicate 
     |                                                                                                        ^
  57 |      bgImage: "/photos/bts-1.jpg",
  58 |    },
  [39m
[2m7:01:32 PM[22m [31m[1m[vite][22m[39m [31m[2m(client)[22m[39m Pre-transform error: Transform failed with 1 error:
C:/Users/shami/Desktop/Low-Grade-F/artifacts/lgf-website/src/constants/index.ts:56:102: ERROR: Unterminated string literal
  Plugin: [35mvite:esbuild[39m
  File: [36mC:/Users/shami/Desktop/Low-Grade-F/artifacts/lgf-website/src/constants/index.ts[39m:56:102
[33m  
  [33mUnterminated string literal[33m
  54 |      iconName: "Aperture" as const,
  55 |      title: "COMMERCIAL & BRAND SHOOTS",
  56 |      description: "Distinctive visual campaigns developed to strengthen brand presence and communicate 
     |                                                                                                        ^
  57 |      bgImage: "/photos/bts-1.jpg",
  58 |    },
  [39m
[2m7:01:32 PM[22m [31m[1m[vite][22m[39m [31m[2m(client)[22m[39m Pre-transform error: Transform failed with 1 error:
C:/Users/shami/Desktop/Low-Grade-F/artifacts/lgf-website/src/constants/index.ts:56:102: ERROR: Unterminated string literal
  Plugin: [35mvite:esbuild[39m
  File: [36mC:/Users/shami/Desktop/Low-Grade-F/artifacts/lgf-website/src/constants/index.ts[39m:56:102
[33m  
  [33mUnterminated string literal[33m
  54 |      iconName: "Aperture" as const,
  55 |      title: "COMMERCIAL & BRAND SHOOTS",
  56 |      description: "Distinctive visual campaigns developed to strengthen brand presence and communicate 
     |                                                                                                        ^
  57 |      bgImage: "/photos/bts-1.jpg",
  58 |    },
  [39m
[2m7:01:32 PM[22m [31m[1m[vite][22m[39m [31m[2m(client)[22m[39m Pre-transform error: Transform failed with 1 error:
C:/Users/shami/Desktop/Low-Grade-F/artifacts/lgf-website/src/constants/index.ts:56:102: ERROR: Unterminated string literal
  Plugin: [35mvite:esbuild[39m
  File: [36mC:/Users/shami/Desktop/Low-Grade-F/artifacts/lgf-website/src/constants/index.ts[39m:56:102
[33m  
  [33mUnterminated string literal[33m
  54 |      iconName: "Aperture" as const,
  55 |      title: "COMMERCIAL & BRAND SHOOTS",
  56 |      description: "Distinctive visual campaigns developed to strengthen brand presence and communicate 
     |                                                                                                        ^
  57 |      bgImage: "/photos/bts-1.jpg",
  58 |    },
  [39m
[2m7:01:32 PM[22m [31m[1m[vite][22m[39m [31m[2m(client)[22m[39m Pre-transform error: Transform failed with 1 error:
C:/Users/shami/Desktop/Low-Grade-F/artifacts/lgf-website/src/constants/index.ts:56:102: ERROR: Unterminated string literal
  Plugin: [35mvite:esbuild[39m
  File: [36mC:/Users/shami/Desktop/Low-Grade-F/artifacts/lgf-website/src/constants/index.ts[39m:56:102
[33m  
  [33mUnterminated string literal[33m
  54 |      iconName: "Aperture" as const,
  55 |      title: "COMMERCIAL & BRAND SHOOTS",
  56 |      description: "Distinctive visual campaigns developed to strengthen brand presence and communicate 
     |                                                                                                        ^
  57 |      bgImage: "/photos/bts-1.jpg",
  58 |    },
  [39m
[2m7:01:32 PM[22m [31m[1m[vite][22m[39m [31mInternal server error: Transform failed with 1 error:
C:/Users/shami/Desktop/Low-Grade-F/artifacts/lgf-website/src/constants/index.ts:56:102: ERROR: Unterminated string literal[39m
  Plugin: [35mvite:esbuild[39m
  File: [36mC:/Users/shami/Desktop/Low-Grade-F/artifacts/lgf-website/src/constants/index.ts[39m:56:102
[33m  
  [33mUnterminated string literal[33m
  54 |      iconName: "Aperture" as const,
  55 |      title: "COMMERCIAL & BRAND SHOOTS",
  56 |      description: "Distinctive visual campaigns developed to strengthen brand presence and communicate 
     |                                                                                                        ^
  57 |      bgImage: "/photos/bts-1.jpg",
  58 |    },
  [39m
      at failureErrorWithLog (C:\Users\shami\Desktop\Low-Grade-F\node_modules\.pnpm\esbuild@0.28.1\node_modules\esbuild\lib\main.js:1748:15)
      at C:\Users\shami\Desktop\Low-Grade-F\node_modules\.pnpm\esbuild@0.28.1\node_modules\esbuild\lib\main.js:1017:50
      at responseCallbacks.<computed> (C:\Users\shami\Desktop\Low-Grade-F\node_modules\.pnpm\esbuild@0.28.1\node_modules\esbuild\lib\main.js:884:9)
      at handleIncomingPacket (C:\Users\shami\Desktop\Low-Grade-F\node_modules\.pnpm\esbuild@0.28.1\node_modules\esbuild\lib\main.js:939:12)
      at Socket.readFromStdout (C:\Users\shami\Desktop\Low-Grade-F\node_modules\.pnpm\esbuild@0.28.1\node_modules\esbuild\lib\main.js:862:7)
      at Socket.emit (node:events:508:28)
      at addChunk (node:internal/streams/readable:559:12)
      at readableAddChunkPushByteMode (node:internal/streams/readable:510:3)
      at Readable.push (node:internal/streams/readable:390:5)
      at Pipe.onStreamRead (node:internal/stream_base_commons:189:23)
[2m7:01:32 PM[22m [31m[1m[vite][22m[39m [31m[2m(client)[22m[39m Pre-transform error: Transform failed with 1 error:
C:/Users/shami/Desktop/Low-Grade-F/artifacts/lgf-website/src/constants/index.ts:56:102: ERROR: Unterminated string literal
  Plugin: [35mvite:esbuild[39m
  File: [36mC:/Users/shami/Desktop/Low-Grade-F/artifacts/lgf-website/src/constants/index.ts[39m:56:102
[33m  
  [33mUnterminated string literal[33m
  54 |      iconName: "Aperture" as const,
  55 |      title: "COMMERCIAL & BRAND SHOOTS",
  56 |      description: "Distinctive visual campaigns developed to strengthen brand presence and communicate 
     |                                                                                                        ^
  57 |      bgImage: "/photos/bts-1.jpg",
  58 |    },
  [39m
[2m7:01:39 PM[22m [31m[1m[vite][22m[39m [31m[2m(client)[22m[39m Pre-transform error: Transform failed with 1 error:
C:/Users/shami/Desktop/Low-Grade-F/artifacts/lgf-website/src/constants/index.ts:56:118: ERROR: Unterminated string literal
  Plugin: [35mvite:esbuild[39m
  File: [36mC:/Users/shami/Desktop/Low-Grade-F/artifacts/lgf-website/src/constants/index.ts[39m:56:118
[33m  
  [33mUnterminated string literal[33m
  54 |      iconName: "Aperture" as const,
  55 |      title: "COMMERCIAL & BRAND SHOOTS",
  56 |      description: "Distinctive visual campaigns developed to strengthen brand presence and communicate value with claru
     |                                                                                                                        ^
  57 |      bgImage: "/photos/bts-1.jpg",
  58 |    },
  [39m
[2m7:01:39 PM[22m [31m[1m[vite][22m[39m [31m[2m(client)[22m[39m Pre-transform error: Transform failed with 1 error:
C:/Users/shami/Desktop/Low-Grade-F/artifacts/lgf-website/src/constants/index.ts:56:118: ERROR: Unterminated string literal
  Plugin: [35mvite:esbuild[39m
  File: [36mC:/Users/shami/Desktop/Low-Grade-F/artifacts/lgf-website/src/constants/index.ts[39m:56:118
[33m  
  [33mUnterminated string literal[33m
  54 |      iconName: "Aperture" as const,
  55 |      title: "COMMERCIAL & BRAND SHOOTS",
  56 |      description: "Distinctive visual campaigns developed to strengthen brand presence and communicate value with claru
     |                                                                                                                        ^
  57 |      bgImage: "/photos/bts-1.jpg",
  58 |    },
  [39m
[2m7:01:39 PM[22m [31m[1m[vite][22m[39m [31m[2m(client)[22m[39m Pre-transform error: Transform failed with 1 error:
C:/Users/shami/Desktop/Low-Grade-F/artifacts/lgf-website/src/constants/index.ts:56:118: ERROR: Unterminated string literal
  Plugin: [35mvite:esbuild[39m
  File: [36mC:/Users/shami/Desktop/Low-Grade-F/artifacts/lgf-website/src/constants/index.ts[39m:56:118
[33m  
  [33mUnterminated string literal[33m
  54 |      iconName: "Aperture" as const,
  55 |      title: "COMMERCIAL & BRAND SHOOTS",
  56 |      description: "Distinctive visual campaigns developed to strengthen brand presence and communicate value with claru
     |                                                                                                                        ^
  57 |      bgImage: "/photos/bts-1.jpg",
  58 |    },
  [39m
[2m7:01:39 PM[22m [31m[1m[vite][22m[39m [31m[2m(client)[22m[39m Pre-transform error: Transform failed with 1 error:
C:/Users/shami/Desktop/Low-Grade-F/artifacts/lgf-website/src/constants/index.ts:56:118: ERROR: Unterminated string literal
  Plugin: [35mvite:esbuild[39m
  File: [36mC:/Users/shami/Desktop/Low-Grade-F/artifacts/lgf-website/src/constants/index.ts[39m:56:118
[33m  
  [33mUnterminated string literal[33m
  54 |      iconName: "Aperture" as const,
  55 |      title: "COMMERCIAL & BRAND SHOOTS",
  56 |      description: "Distinctive visual campaigns developed to strengthen brand presence and communicate value with claru
     |                                                                                                                        ^
  57 |      bgImage: "/photos/bts-1.jpg",
  58 |    },
  [39m
[2m7:01:39 PM[22m [31m[1m[vite][22m[39m [31m[2m(client)[22m[39m Pre-transform error: Transform failed with 1 error:
C:/Users/shami/Desktop/Low-Grade-F/artifacts/lgf-website/src/constants/index.ts:56:118: ERROR: Unterminated string literal
  Plugin: [35mvite:esbuild[39m
  File: [36mC:/Users/shami/Desktop/Low-Grade-F/artifacts/lgf-website/src/constants/index.ts[39m:56:118
[33m  
  [33mUnterminated string literal[33m
  54 |      iconName: "Aperture" as const,
  55 |      title: "COMMERCIAL & BRAND SHOOTS",
  56 |      description: "Distinctive visual campaigns developed to strengthen brand presence and communicate value with claru
     |                                                                                                                        ^
  57 |      bgImage: "/photos/bts-1.jpg",
  58 |    },
  [39m
[2m7:01:39 PM[22m [31m[1m[vite][22m[39m [31m[2m(client)[22m[39m Pre-transform error: Transform failed with 1 error:
C:/Users/shami/Desktop/Low-Grade-F/artifacts/lgf-website/src/constants/index.ts:56:118: ERROR: Unterminated string literal
  Plugin: [35mvite:esbuild[39m
  File: [36mC:/Users/shami/Desktop/Low-Grade-F/artifacts/lgf-website/src/constants/index.ts[39m:56:118
[33m  
  [33mUnterminated string literal[33m
  54 |      iconName: "Aperture" as const,
  55 |      title: "COMMERCIAL & BRAND SHOOTS",
  56 |      description: "Distinctive visual campaigns developed to strengthen brand presence and communicate value with claru
     |                                                                                                                        ^
  57 |      bgImage: "/photos/bts-1.jpg",
  58 |    },
  [39m
[2m7:01:39 PM[22m [31m[1m[vite][22m[39m [31m[2m(client)[22m[39m Pre-transform error: Transform failed with 1 error:
C:/Users/shami/Desktop/Low-Grade-F/artifacts/lgf-website/src/constants/index.ts:56:118: ERROR: Unterminated string literal
  Plugin: [35mvite:esbuild[39m
  File: [36mC:/Users/shami/Desktop/Low-Grade-F/artifacts/lgf-website/src/constants/index.ts[39m:56:118
[33m  
  [33mUnterminated string literal[33m
  54 |      iconName: "Aperture" as const,
  55 |      title: "COMMERCIAL & BRAND SHOOTS",
  56 |      description: "Distinctive visual campaigns developed to strengthen brand presence and communicate value with claru
     |                                                                                                                        ^
  57 |      bgImage: "/photos/bts-1.jpg",
  58 |    },
  [39m
[2m7:01:39 PM[22m [31m[1m[vite][22m[39m [31mInternal server error: Transform failed with 1 error:
C:/Users/shami/Desktop/Low-Grade-F/artifacts/lgf-website/src/constants/index.ts:56:118: ERROR: Unterminated string literal[39m
  Plugin: [35mvite:esbuild[39m
  File: [36mC:/Users/shami/Desktop/Low-Grade-F/artifacts/lgf-website/src/constants/index.ts[39m:56:118
[33m  
  [33mUnterminated string literal[33m
  54 |      iconName: "Aperture" as const,
  55 |      title: "COMMERCIAL & BRAND SHOOTS",
  56 |      description: "Distinctive visual campaigns developed to strengthen brand presence and communicate value with claru
     |                                                                                                                        ^
  57 |      bgImage: "/photos/bts-1.jpg",
  58 |    },
  [39m
      at failureErrorWithLog (C:\Users\shami\Desktop\Low-Grade-F\node_modules\.pnpm\esbuild@0.28.1\node_modules\esbuild\lib\main.js:1748:15)
      at C:\Users\shami\Desktop\Low-Grade-F\node_modules\.pnpm\esbuild@0.28.1\node_modules\esbuild\lib\main.js:1017:50
      at responseCallbacks.<computed> (C:\Users\shami\Desktop\Low-Grade-F\node_modules\.pnpm\esbuild@0.28.1\node_modules\esbuild\lib\main.js:884:9)
      at handleIncomingPacket (C:\Users\shami\Desktop\Low-Grade-F\node_modules\.pnpm\esbuild@0.28.1\node_modules\esbuild\lib\main.js:939:12)
      at Socket.readFromStdout (C:\Users\shami\Desktop\Low-Grade-F\node_modules\.pnpm\esbuild@0.28.1\node_modules\esbuild\lib\main.js:862:7)
      at Socket.emit (node:events:508:28)
      at addChunk (node:internal/streams/readable:559:12)
      at readableAddChunkPushByteMode (node:internal/streams/readable:510:3)
      at Readable.push (node:internal/streams/readable:390:5)
      at Pipe.onStreamRead (node:internal/stream_base_commons:189:23)
[2m7:01:39 PM[22m [31m[1m[vite][22m[39m [31m[2m(client)[22m[39m Pre-transform error: Transform failed with 1 error:
C:/Users/shami/Desktop/Low-Grade-F/artifacts/lgf-website/src/constants/index.ts:56:118: ERROR: Unterminated string literal
  Plugin: [35mvite:esbuild[39m
  File: [36mC:/Users/shami/Desktop/Low-Grade-F/artifacts/lgf-website/src/constants/index.ts[39m:56:118
[33m  
  [33mUnterminated string literal[33m
  54 |      iconName: "Aperture" as const,
  55 |      title: "COMMERCIAL & BRAND SHOOTS",
  56 |      description: "Distinctive visual campaigns developed to strengthen brand presence and communicate value with claru
     |                                                                                                                        ^
  57 |      bgImage: "/photos/bts-1.jpg",
  58 |    },
  [39m
[2m7:01:41 PM[22m [31m[1m[vite][22m[39m [31m[2m(client)[22m[39m Pre-transform error: Transform failed with 1 error:
C:/Users/shami/Desktop/Low-Grade-F/artifacts/lgf-website/src/constants/index.ts:56:121: ERROR: Unterminated string literal
  Plugin: [35mvite:esbuild[39m
  File: [36mC:/Users/shami/Desktop/Low-Grade-F/artifacts/lgf-website/src/constants/index.ts[39m:56:121
[33m  
  [33mUnterminated string literal[33m
  54 |      iconName: "Aperture" as const,
  55 |      title: "COMMERCIAL & BRAND SHOOTS",
  56 |  ...trengthen brand presence and communicate value with clarity.
     |                                                                 ^
  57 |      bgImage: "/photos/bts-1.jpg",
  58 |    },
  [39m
[2m7:01:41 PM[22m [31m[1m[vite][22m[39m [31m[2m(client)[22m[39m Pre-transform error: Transform failed with 1 error:
C:/Users/shami/Desktop/Low-Grade-F/artifacts/lgf-website/src/constants/index.ts:56:121: ERROR: Unterminated string literal
  Plugin: [35mvite:esbuild[39m
  File: [36mC:/Users/shami/Desktop/Low-Grade-F/artifacts/lgf-website/src/constants/index.ts[39m:56:121
[33m  
  [33mUnterminated string literal[33m
  54 |      iconName: "Aperture" as const,
  55 |      title: "COMMERCIAL & BRAND SHOOTS",
  56 |  ...trengthen brand presence and communicate value with clarity.
     |                                                                 ^
  57 |      bgImage: "/photos/bts-1.jpg",
  58 |    },
  [39m
[2m7:01:41 PM[22m [31m[1m[vite][22m[39m [31m[2m(client)[22m[39m Pre-transform error: Transform failed with 1 error:
C:/Users/shami/Desktop/Low-Grade-F/artifacts/lgf-website/src/constants/index.ts:56:121: ERROR: Unterminated string literal
  Plugin: [35mvite:esbuild[39m
  File: [36mC:/Users/shami/Desktop/Low-Grade-F/artifacts/lgf-website/src/constants/index.ts[39m:56:121
[33m  
  [33mUnterminated string literal[33m
  54 |      iconName: "Aperture" as const,
  55 |      title: "COMMERCIAL & BRAND SHOOTS",
  56 |  ...trengthen brand presence and communicate value with clarity.
     |                                                                 ^
  57 |      bgImage: "/photos/bts-1.jpg",
  58 |    },
  [39m
[2m7:01:41 PM[22m [31m[1m[vite][22m[39m [31m[2m(client)[22m[39m Pre-transform error: Transform failed with 1 error:
C:/Users/shami/Desktop/Low-Grade-F/artifacts/lgf-website/src/constants/index.ts:56:121: ERROR: Unterminated string literal
  Plugin: [35mvite:esbuild[39m
  File: [36mC:/Users/shami/Desktop/Low-Grade-F/artifacts/lgf-website/src/constants/index.ts[39m:56:121
[33m  
  [33mUnterminated string literal[33m
  54 |      iconName: "Aperture" as const,
  55 |      title: "COMMERCIAL & BRAND SHOOTS",
  56 |  ...trengthen brand presence and communicate value with clarity.
     |                                                                 ^
  57 |      bgImage: "/photos/bts-1.jpg",
  58 |    },
  [39m
[2m7:01:41 PM[22m [31m[1m[vite][22m[39m [31m[2m(client)[22m[39m Pre-transform error: Transform failed with 1 error:
C:/Users/shami/Desktop/Low-Grade-F/artifacts/lgf-website/src/constants/index.ts:56:121: ERROR: Unterminated string literal
  Plugin: [35mvite:esbuild[39m
  File: [36mC:/Users/shami/Desktop/Low-Grade-F/artifacts/lgf-website/src/constants/index.ts[39m:56:121
[33m  
  [33mUnterminated string literal[33m
  54 |      iconName: "Aperture" as const,
  55 |      title: "COMMERCIAL & BRAND SHOOTS",
  56 |  ...trengthen brand presence and communicate value with clarity.
     |                                                                 ^
  57 |      bgImage: "/photos/bts-1.jpg",
  58 |    },
  [39m
[2m7:01:41 PM[22m [31m[1m[vite][22m[39m [31m[2m(client)[22m[39m Pre-transform error: Transform failed with 1 error:
C:/Users/shami/Desktop/Low-Grade-F/artifacts/lgf-website/src/constants/index.ts:56:121: ERROR: Unterminated string literal
  Plugin: [35mvite:esbuild[39m
  File: [36mC:/Users/shami/Desktop/Low-Grade-F/artifacts/lgf-website/src/constants/index.ts[39m:56:121
[33m  
  [33mUnterminated string literal[33m
  54 |      iconName: "Aperture" as const,
  55 |      title: "COMMERCIAL & BRAND SHOOTS",
  56 |  ...trengthen brand presence and communicate value with clarity.
     |                                                                 ^
  57 |      bgImage: "/photos/bts-1.jpg",
  58 |    },
  [39m
[2m7:01:41 PM[22m [31m[1m[vite][22m[39m [31m[2m(client)[22m[39m Pre-transform error: Transform failed with 1 error:
C:/Users/shami/Desktop/Low-Grade-F/artifacts/lgf-website/src/constants/index.ts:56:121: ERROR: Unterminated string literal
  Plugin: [35mvite:esbuild[39m
  File: [36mC:/Users/shami/Desktop/Low-Grade-F/artifacts/lgf-website/src/constants/index.ts[39m:56:121
[33m  
  [33mUnterminated string literal[33m
  54 |      iconName: "Aperture" as const,
  55 |      title: "COMMERCIAL & BRAND SHOOTS",
  56 |  ...trengthen brand presence and communicate value with clarity.
     |                                                                 ^
  57 |      bgImage: "/photos/bts-1.jpg",
  58 |    },
  [39m
[2m7:01:41 PM[22m [31m[1m[vite][22m[39m [31mInternal server error: Transform failed with 1 error:
C:/Users/shami/Desktop/Low-Grade-F/artifacts/lgf-website/src/constants/index.ts:56:121: ERROR: Unterminated string literal[39m
  Plugin: [35mvite:esbuild[39m
  File: [36mC:/Users/shami/Desktop/Low-Grade-F/artifacts/lgf-website/src/constants/index.ts[39m:56:121
[33m  
  [33mUnterminated string literal[33m
  54 |      iconName: "Aperture" as const,
  55 |      title: "COMMERCIAL & BRAND SHOOTS",
  56 |  ...trengthen brand presence and communicate value with clarity.
     |                                                                 ^
  57 |      bgImage: "/photos/bts-1.jpg",
  58 |    },
  [39m
      at failureErrorWithLog (C:\Users\shami\Desktop\Low-Grade-F\node_modules\.pnpm\esbuild@0.28.1\node_modules\esbuild\lib\main.js:1748:15)
      at C:\Users\shami\Desktop\Low-Grade-F\node_modules\.pnpm\esbuild@0.28.1\node_modules\esbuild\lib\main.js:1017:50
      at responseCallbacks.<computed> (C:\Users\shami\Desktop\Low-Grade-F\node_modules\.pnpm\esbuild@0.28.1\node_modules\esbuild\lib\main.js:884:9)
      at handleIncomingPacket (C:\Users\shami\Desktop\Low-Grade-F\node_modules\.pnpm\esbuild@0.28.1\node_modules\esbuild\lib\main.js:939:12)
      at Socket.readFromStdout (C:\Users\shami\Desktop\Low-Grade-F\node_modules\.pnpm\esbuild@0.28.1\node_modules\esbuild\lib\main.js:862:7)
      at Socket.emit (node:events:508:28)
      at addChunk (node:internal/streams/readable:559:12)
      at readableAddChunkPushByteMode (node:internal/streams/readable:510:3)
      at Readable.push (node:internal/streams/readable:390:5)
      at Pipe.onStreamRead (node:internal/stream_base_commons:189:23)
[2m7:01:41 PM[22m [31m[1m[vite][22m[39m [31m[2m(client)[22m[39m Pre-transform error: Transform failed with 1 error:
C:/Users/shami/Desktop/Low-Grade-F/artifacts/lgf-website/src/constants/index.ts:56:121: ERROR: Unterminated string literal
  Plugin: [35mvite:esbuild[39m
  File: [36mC:/Users/shami/Desktop/Low-Grade-F/artifacts/lgf-website/src/constants/index.ts[39m:56:121
[33m  
  [33mUnterminated string literal[33m
  54 |      iconName: "Aperture" as const,
  55 |      title: "COMMERCIAL & BRAND SHOOTS",
  56 |  ...trengthen brand presence and communicate value with clarity.
     |                                                                 ^
  57 |      bgImage: "/photos/bts-1.jpg",
  58 |    },
  [39m
[2m7:01:44 PM[22m [31m[1m[vite][22m[39m [31m[2m(client)[22m[39m Pre-transform error: Transform failed with 1 error:
C:/Users/shami/Desktop/Low-Grade-F/artifacts/lgf-website/src/constants/index.ts:57:4: ERROR: Expected "}" but found "bgImage"
  Plugin: [35mvite:esbuild[39m
  File: [36mC:/Users/shami/Desktop/Low-Grade-F/artifacts/lgf-website/src/constants/index.ts[39m:57:4
[33m  
  [33mExpected "}" but found "bgImage"[33m
  55 |      title: "COMMERCIAL & BRAND SHOOTS",
  56 |      description: "Distinctive visual campaigns developed to strengthen brand presence and communicate value with clar...
  57 |      bgImage: "/photos/bts-1.jpg",
     |      ^
  58 |    },
  59 |  ] as const;
  [39m
[2m7:01:44 PM[22m [31m[1m[vite][22m[39m [31m[2m(client)[22m[39m Pre-transform error: Transform failed with 1 error:
C:/Users/shami/Desktop/Low-Grade-F/artifacts/lgf-website/src/constants/index.ts:57:4: ERROR: Expected "}" but found "bgImage"
  Plugin: [35mvite:esbuild[39m
  File: [36mC:/Users/shami/Desktop/Low-Grade-F/artifacts/lgf-website/src/constants/index.ts[39m:57:4
[33m  
  [33mExpected "}" but found "bgImage"[33m
  55 |      title: "COMMERCIAL & BRAND SHOOTS",
  56 |      description: "Distinctive visual campaigns developed to strengthen brand presence and communicate value with clar...
  57 |      bgImage: "/photos/bts-1.jpg",
     |      ^
  58 |    },
  59 |  ] as const;
  [39m
[2m7:01:44 PM[22m [31m[1m[vite][22m[39m [31m[2m(client)[22m[39m Pre-transform error: Transform failed with 1 error:
C:/Users/shami/Desktop/Low-Grade-F/artifacts/lgf-website/src/constants/index.ts:57:4: ERROR: Expected "}" but found "bgImage"
  Plugin: [35mvite:esbuild[39m
  File: [36mC:/Users/shami/Desktop/Low-Grade-F/artifacts/lgf-website/src/constants/index.ts[39m:57:4
[33m  
  [33mExpected "}" but found "bgImage"[33m
  55 |      title: "COMMERCIAL & BRAND SHOOTS",
  56 |      description: "Distinctive visual campaigns developed to strengthen brand presence and communicate value with clar...
  57 |      bgImage: "/photos/bts-1.jpg",
     |      ^
  58 |    },
  59 |  ] as const;
  [39m
[2m7:01:44 PM[22m [31m[1m[vite][22m[39m [31m[2m(client)[22m[39m Pre-transform error: Transform failed with 1 error:
C:/Users/shami/Desktop/Low-Grade-F/artifacts/lgf-website/src/constants/index.ts:57:4: ERROR: Expected "}" but found "bgImage"
  Plugin: [35mvite:esbuild[39m
  File: [36mC:/Users/shami/Desktop/Low-Grade-F/artifacts/lgf-website/src/constants/index.ts[39m:57:4
[33m  
  [33mExpected "}" but found "bgImage"[33m
  55 |      title: "COMMERCIAL & BRAND SHOOTS",
  56 |      description: "Distinctive visual campaigns developed to strengthen brand presence and communicate value with clar...
  57 |      bgImage: "/photos/bts-1.jpg",
     |      ^
  58 |    },
  59 |  ] as const;
  [39m
[2m7:01:44 PM[22m [31m[1m[vite][22m[39m [31m[2m(client)[22m[39m Pre-transform error: Transform failed with 1 error:
C:/Users/shami/Desktop/Low-Grade-F/artifacts/lgf-website/src/constants/index.ts:57:4: ERROR: Expected "}" but found "bgImage"
  Plugin: [35mvite:esbuild[39m
  File: [36mC:/Users/shami/Desktop/Low-Grade-F/artifacts/lgf-website/src/constants/index.ts[39m:57:4
[33m  
  [33mExpected "}" but found "bgImage"[33m
  55 |      title: "COMMERCIAL & BRAND SHOOTS",
  56 |      description: "Distinctive visual campaigns developed to strengthen brand presence and communicate value with clar...
  57 |      bgImage: "/photos/bts-1.jpg",
     |      ^
  58 |    },
  59 |  ] as const;
  [39m
[2m7:01:44 PM[22m [31m[1m[vite][22m[39m [31m[2m(client)[22m[39m Pre-transform error: Transform failed with 1 error:
C:/Users/shami/Desktop/Low-Grade-F/artifacts/lgf-website/src/constants/index.ts:57:4: ERROR: Expected "}" but found "bgImage"
  Plugin: [35mvite:esbuild[39m
  File: [36mC:/Users/shami/Desktop/Low-Grade-F/artifacts/lgf-website/src/constants/index.ts[39m:57:4
[33m  
  [33mExpected "}" but found "bgImage"[33m
  55 |      title: "COMMERCIAL & BRAND SHOOTS",
  56 |      description: "Distinctive visual campaigns developed to strengthen brand presence and communicate value with clar...
  57 |      bgImage: "/photos/bts-1.jpg",
     |      ^
  58 |    },
  59 |  ] as const;
  [39m
[2m7:01:44 PM[22m [31m[1m[vite][22m[39m [31m[2m(client)[22m[39m Pre-transform error: Transform failed with 1 error:
C:/Users/shami/Desktop/Low-Grade-F/artifacts/lgf-website/src/constants/index.ts:57:4: ERROR: Expected "}" but found "bgImage"
  Plugin: [35mvite:esbuild[39m
  File: [36mC:/Users/shami/Desktop/Low-Grade-F/artifacts/lgf-website/src/constants/index.ts[39m:57:4
[33m  
  [33mExpected "}" but found "bgImage"[33m
  55 |      title: "COMMERCIAL & BRAND SHOOTS",
  56 |      description: "Distinctive visual campaigns developed to strengthen brand presence and communicate value with clar...
  57 |      bgImage: "/photos/bts-1.jpg",
     |      ^
  58 |    },
  59 |  ] as const;
  [39m
[2m7:01:44 PM[22m [31m[1m[vite][22m[39m [31m[2m(client)[22m[39m Pre-transform error: Transform failed with 1 error:
C:/Users/shami/Desktop/Low-Grade-F/artifacts/lgf-website/src/constants/index.ts:57:4: ERROR: Expected "}" but found "bgImage"
  Plugin: [35mvite:esbuild[39m
  File: [36mC:/Users/shami/Desktop/Low-Grade-F/artifacts/lgf-website/src/constants/index.ts[39m:57:4
[33m  
  [33mExpected "}" but found "bgImage"[33m
  55 |      title: "COMMERCIAL & BRAND SHOOTS",
  56 |      description: "Distinctive visual campaigns developed to strengthen brand presence and communicate value with clar...
  57 |      bgImage: "/photos/bts-1.jpg",
     |      ^
  58 |    },
  59 |  ] as const;
  [39m
[2m7:01:44 PM[22m [31m[1m[vite][22m[39m [31mInternal server error: Transform failed with 1 error:
C:/Users/shami/Desktop/Low-Grade-F/artifacts/lgf-website/src/constants/index.ts:57:4: ERROR: Expected "}" but found "bgImage"[39m
  Plugin: [35mvite:esbuild[39m
  File: [36mC:/Users/shami/Desktop/Low-Grade-F/artifacts/lgf-website/src/constants/index.ts[39m:57:4
[33m  
  [33mExpected "}" but found "bgImage"[33m
  55 |      title: "COMMERCIAL & BRAND SHOOTS",
  56 |      description: "Distinctive visual campaigns developed to strengthen brand presence and communicate value with clar...
  57 |      bgImage: "/photos/bts-1.jpg",
     |      ^
  58 |    },
  59 |  ] as const;
  [39m
      at failureErrorWithLog (C:\Users\shami\Desktop\Low-Grade-F\node_modules\.pnpm\esbuild@0.28.1\node_modules\esbuild\lib\main.js:1748:15)
      at C:\Users\shami\Desktop\Low-Grade-F\node_modules\.pnpm\esbuild@0.28.1\node_modules\esbuild\lib\main.js:1017:50
      at responseCallbacks.<computed> (C:\Users\shami\Desktop\Low-Grade-F\node_modules\.pnpm\esbuild@0.28.1\node_modules\esbuild\lib\main.js:884:9)
      at handleIncomingPacket (C:\Users\shami\Desktop\Low-Grade-F\node_modules\.pnpm\esbuild@0.28.1\node_modules\esbuild\lib\main.js:939:12)
      at Socket.readFromStdout (C:\Users\shami\Desktop\Low-Grade-F\node_modules\.pnpm\esbuild@0.28.1\node_modules\esbuild\lib\main.js:862:7)
      at Socket.emit (node:events:508:28)
      at addChunk (node:internal/streams/readable:559:12)
      at readableAddChunkPushByteMode (node:internal/streams/readable:510:3)
      at Readable.push (node:internal/streams/readable:390:5)
      at Pipe.onStreamRead (node:internal/stream_base_commons:189:23)
[2m7:03:33 PM[22m [31m[1m[vite][22m[39m [31mInternal server error: C:\Users\shami\Desktop\Low-Grade-F\artifacts\lgf-website\src\components\sections\Contact.tsx: Expected corresponding JSX closing tag for <SelectItem>. (186:24)

[0m [90m 184 |[31m                           [33m<[31m[33mSelectItem[31m value[33m=[31m[32m"Commercial"[31m[33m>[31m[33mCommercial[31m [33m/[31m [33mBrand[31m[33m<[31m[33m/[31m[33mSelectItem[31m[33m>[31m
 [90m 185 |[31m                           [33m<[31m[33mSelectItem[31m value[33m=[31m[32m"Other"[31m[33m>[31m[33mOther[31m[33m<[31m[33m/[31m[33mSelectItem[31m[33m>[31m
[31m[1m>[22m[31m[90m 186 |[31m                         [33m<[31m[33m/[31m[33mSelectContent[31m[33m>[31m
 [90m     |[31m                         [31m[1m^[22m[31m
 [90m 187 |[31m                       [33m<[31m[33m/[31m[33mSelect[31m[33m>[31m
 [90m 188 |[31m                       [33m<[31m[33mFormMessage[31m className[33m=[31m[32m"text-red-400"[31m [33m/[31m[33m>[31m
 [90m 189 |[31m                     [33m<[31m[33m/[31m[33mFormItem[31m[33m>[31m[0m[39m
  Plugin: [35mvite:react-babel[39m
  File: [36mC:/Users/shami/Desktop/Low-Grade-F/artifacts/lgf-website/src/components/sections/Contact.tsx[39m:186:24
[33m  184 |                            <SelectItem value="Commercial">Commercial / Brand</SelectItem>
  185 |                            <SelectItem value="Other">Other</SelectItem>
  186 |                          </SelectContent>
      |                          ^
  187 |                        </Select>
  188 |                        <FormMessage className="text-red-400" />[39m
      at constructor (C:\Users\shami\Desktop\Low-Grade-F\node_modules\.pnpm\@babel+parser@7.29.7\node_modules\@babel\parser\lib\index.js:365:19)
      at TypeScriptParserMixin.raise (C:\Users\shami\Desktop\Low-Grade-F\node_modules\.pnpm\@babel+parser@7.29.7\node_modules\@babel\parser\lib\index.js:6616:19)
      at TypeScriptParserMixin.jsxParseElementAt (C:\Users\shami\Desktop\Low-Grade-F\node_modules\.pnpm\@babel+parser@7.29.7\node_modules\@babel\parser\lib\index.js:4739:16)
      at TypeScriptParserMixin.jsxParseElementAt (C:\Users\shami\Desktop\Low-Grade-F\node_modules\.pnpm\@babel+parser@7.29.7\node_modules\@babel\parser\lib\index.js:4710:32)
      at TypeScriptParserMixin.jsxParseElementAt (C:\Users\shami\Desktop\Low-Grade-F\node_modules\.pnpm\@babel+parser@7.29.7\node_modules\@babel\parser\lib\index.js:4710:32)
      at TypeScriptParserMixin.jsxParseElementAt (C:\Users\shami\Desktop\Low-Grade-F\node_modules\.pnpm\@babel+parser@7.29.7\node_modules\@babel\parser\lib\index.js:4710:32)
      at TypeScriptParserMixin.jsxParseElement (C:\Users\shami\Desktop\Low-Grade-F\node_modules\.pnpm\@babel+parser@7.29.7\node_modules\@babel\parser\lib\index.js:4761:17)
      at TypeScriptParserMixin.parseExprAtom (C:\Users\shami\Desktop\Low-Grade-F\node_modules\.pnpm\@babel+parser@7.29.7\node_modules\@babel\parser\lib\index.js:4771:19)
      at TypeScriptParserMixin.parseExprSubscripts (C:\Users\shami\Desktop\Low-Grade-F\node_modules\.pnpm\@babel+parser@7.29.7\node_modules\@babel\parser\lib\index.js:11098:23)
      at TypeScriptParserMixin.parseUpdate (C:\Users\shami\Desktop\Low-Grade-F\node_modules\.pnpm\@babel+parser@7.29.7\node_modules\@babel\parser\lib\index.js:11083:21)
      at TypeScriptParserMixin.parseMaybeUnary (C:\Users\shami\Desktop\Low-Grade-F\node_modules\.pnpm\@babel+parser@7.29.7\node_modules\@babel\parser\lib\index.js:11063:23)
      at TypeScriptParserMixin.parseMaybeUnary (C:\Users\shami\Desktop\Low-Grade-F\node_modules\.pnpm\@babel+parser@7.29.7\node_modules\@babel\parser\lib\index.js:9854:18)
      at TypeScriptParserMixin.parseMaybeUnaryOrPrivate (C:\Users\shami\Desktop\Low-Grade-F\node_modules\.pnpm\@babel+parser@7.29.7\node_modules\@babel\parser\lib\index.js:10916:61)
      at TypeScriptParserMixin.parseExprOps (C:\Users\shami\Desktop\Low-Grade-F\node_modules\.pnpm\@babel+parser@7.29.7\node_modules\@babel\parser\lib\index.js:10921:23)
      at TypeScriptParserMixin.parseMaybeConditional (C:\Users\shami\Desktop\Low-Grade-F\node_modules\.pnpm\@babel+parser@7.29.7\node_modules\@babel\parser\lib\index.js:10898:23)
      at TypeScriptParserMixin.parseMaybeAssign (C:\Users\shami\Desktop\Low-Grade-F\node_modules\.pnpm\@babel+parser@7.29.7\node_modules\@babel\parser\lib\index.js:10848:21)
      at C:\Users\shami\Desktop\Low-Grade-F\node_modules\.pnpm\@babel+parser@7.29.7\node_modules\@babel\parser\lib\index.js:9792:39
      at TypeScriptParserMixin.tryParse (C:\Users\shami\Desktop\Low-Grade-F\node_modules\.pnpm\@babel+parser@7.29.7\node_modules\@babel\parser\lib\index.js:6924:20)
      at TypeScriptParserMixin.parseMaybeAssign (C:\Users\shami\Desktop\Low-Grade-F\node_modules\.pnpm\@babel+parser@7.29.7\node_modules\@babel\parser\lib\index.js:9792:18)
      at C:\Users\shami\Desktop\Low-Grade-F\node_modules\.pnpm\@babel+parser@7.29.7\node_modules\@babel\parser\lib\index.js:10817:39
      at TypeScriptParserMixin.allowInAnd (C:\Users\shami\Desktop\Low-Grade-F\node_modules\.pnpm\@babel+parser@7.29.7\node_modules\@babel\parser\lib\index.js:12443:12)
      at TypeScriptParserMixin.parseMaybeAssignAllowIn (C:\Users\shami\Desktop\Low-Grade-F\node_modules\.pnpm\@babel+parser@7.29.7\node_modules\@babel\parser\lib\index.js:10817:17)
      at TypeScriptParserMixin.parseMaybeAssignAllowInOrVoidPattern (C:\Users\shami\Desktop\Low-Grade-F\node_modules\.pnpm\@babel+parser@7.29.7\node_modules\@babel\parser\lib\index.js:12510:17)
      at TypeScriptParserMixin.parseParenAndDistinguishExpression (C:\Users\shami\Desktop\Low-Grade-F\node_modules\.pnpm\@babel+parser@7.29.7\node_modules\@babel\parser\lib\index.js:11692:28)
      at TypeScriptParserMixin.parseExprAtom (C:\Users\shami\Desktop\Low-Grade-F\node_modules\.pnpm\@babel+parser@7.29.7\node_modules\@babel\parser\lib\index.js:11348:23)
      at TypeScriptParserMixin.parseExprAtom (C:\Users\shami\Desktop\Low-Grade-F\node_modules\.pnpm\@babel+parser@7.29.7\node_modules\@babel\parser\lib\index.js:4776:20)
      at TypeScriptParserMixin.parseExprSubscripts (C:\Users\shami\Desktop\Low-Grade-F\node_modules\.pnpm\@babel+parser@7.29.7\node_modules\@babel\parser\lib\index.js:11098:23)
      at TypeScriptParserMixin.parseUpdate (C:\Users\shami\Desktop\Low-Grade-F\node_modules\.pnpm\@babel+parser@7.29.7\node_modules\@babel\parser\lib\index.js:11083:21)
      at TypeScriptParserMixin.parseMaybeUnary (C:\Users\shami\Desktop\Low-Grade-F\node_modules\.pnpm\@babel+parser@7.29.7\node_modules\@babel\parser\lib\index.js:11063:23)
      at TypeScriptParserMixin.parseMaybeUnary (C:\Users\shami\Desktop\Low-Grade-F\node_modules\.pnpm\@babel+parser@7.29.7\node_modules\@babel\parser\lib\index.js:9854:18)
      at TypeScriptParserMixin.parseMaybeUnaryOrPrivate (C:\Users\shami\Desktop\Low-Grade-F\node_modules\.pnpm\@babel+parser@7.29.7\node_modules\@babel\parser\lib\index.js:10916:61)
      at TypeScriptParserMixin.parseExprOps (C:\Users\shami\Desktop\Low-Grade-F\node_modules\.pnpm\@babel+parser@7.29.7\node_modules\@babel\parser\lib\index.js:10921:23)
      at TypeScriptParserMixin.parseMaybeConditional (C:\Users\shami\Desktop\Low-Grade-F\node_modules\.pnpm\@babel+parser@7.29.7\node_modules\@babel\parser\lib\index.js:10898:23)
      at TypeScriptParserMixin.parseMaybeAssign (C:\Users\shami\Desktop\Low-Grade-F\node_modules\.pnpm\@babel+parser@7.29.7\node_modules\@babel\parser\lib\index.js:10848:21)
      at TypeScriptParserMixin.parseMaybeAssign (C:\Users\shami\Desktop\Low-Grade-F\node_modules\.pnpm\@babel+parser@7.29.7\node_modules\@babel\parser\lib\index.js:9803:20)
      at TypeScriptParserMixin.parseFunctionBody (C:\Users\shami\Desktop\Low-Grade-F\node_modules\.pnpm\@babel+parser@7.29.7\node_modules\@babel\parser\lib\index.js:12110:24)
      at TypeScriptParserMixin.parseArrowExpression (C:\Users\shami\Desktop\Low-Grade-F\node_modules\.pnpm\@babel+parser@7.29.7\node_modules\@babel\parser\lib\index.js:12092:10)
      at TypeScriptParserMixin.parseParenAndDistinguishExpression (C:\Users\shami\Desktop\Low-Grade-F\node_modules\.pnpm\@babel+parser@7.29.7\node_modules\@babel\parser\lib\index.js:11704:12)
      at TypeScriptParserMixin.parseExprAtom (C:\Users\shami\Desktop\Low-Grade-F\node_modules\.pnpm\@babel+parser@7.29.7\node_modules\@babel\parser\lib\index.js:11348:23)
      at TypeScriptParserMixin.parseExprAtom (C:\Users\shami\Desktop\Low-Grade-F\node_modules\.pnpm\@babel+parser@7.29.7\node_modules\@babel\parser\lib\index.js:4776:20)
      at TypeScriptParserMixin.parseExprSubscripts (C:\Users\shami\Desktop\Low-Grade-F\node_modules\.pnpm\@babel+parser@7.29.7\node_modules\@babel\parser\lib\index.js:11098:23)
      at TypeScriptParserMixin.parseUpdate (C:\Users\shami\Desktop\Low-Grade-F\node_modules\.pnpm\@babel+parser@7.29.7\node_modules\@babel\parser\lib\index.js:11083:21)
      at TypeScriptParserMixin.parseMaybeUnary (C:\Users\shami\Desktop\Low-Grade-F\node_modules\.pnpm\@babel+parser@7.29.7\node_modules\@babel\parser\lib\index.js:11063:23)
      at TypeScriptParserMixin.parseMaybeUnary (C:\Users\shami\Desktop\Low-Grade-F\node_modules\.pnpm\@babel+parser@7.29.7\node_modules\@babel\parser\lib\index.js:9854:18)
      at TypeScriptParserMixin.parseMaybeUnaryOrPrivate (C:\Users\shami\Desktop\Low-Grade-F\node_modules\.pnpm\@babel+parser@7.29.7\node_modules\@babel\parser\lib\index.js:10916:61)
      at TypeScriptParserMixin.parseExprOps (C:\Users\shami\Desktop\Low-Grade-F\node_modules\.pnpm\@babel+parser@7.29.7\node_modules\@babel\parser\lib\index.js:10921:23)
      at TypeScriptParserMixin.parseMaybeConditional (C:\Users\shami\Desktop\Low-Grade-F\node_modules\.pnpm\@babel+parser@7.29.7\node_modules\@babel\parser\lib\index.js:10898:23)
      at TypeScriptParserMixin.parseMaybeAssign (C:\Users\shami\Desktop\Low-Grade-F\node_modules\.pnpm\@babel+parser@7.29.7\node_modules\@babel\parser\lib\index.js:10848:21)
      at TypeScriptParserMixin.parseMaybeAssign (C:\Users\shami\Desktop\Low-Grade-F\node_modules\.pnpm\@babel+parser@7.29.7\node_modules\@babel\parser\lib\index.js:9803:20)
      at TypeScriptParserMixin.parseExpressionBase (C:\Users\shami\Desktop\Low-Grade-F\node_modules\.pnpm\@babel+parser@7.29.7\node_modules\@babel\parser\lib\index.js:10801:23)
[2m7:04:30 PM[22m [31m[1m[vite][22m[39m [31mInternal server error: C:\Users\shami\Desktop\Low-Grade-F\artifacts\lgf-website\src\components\sections\Contact.tsx: Expected corresponding JSX closing tag for <SelectItem>. (186:24)

[0m [90m 184 |[31m                           [33m<[31m[33mSelectItem[31m value[33m=[31m[32m"Commercial"[31m[33m>[31m[33mCommercial[31m [33mCampaignstItem[31m[33m>[31m
 [90m 185 |[31m                           [33m<[31m[33mSelectItem[31m value[33m=[31m[32m"Other"[31m[33m>[31m[33mOther[31m[33m<[31m[33m/[31m[33mSelectItem[31m[33m>[31m
[31m[1m>[22m[31m[90m 186 |[31m                         [33m<[31m[33m/[31m[33mSelectContent[31m[33m>[31m
 [90m     |[31m                         [31m[1m^[22m[31m
 [90m 187 |[31m                       [33m<[31m[33m/[31m[33mSelect[31m[33m>[31m
 [90m 188 |[31m                       [33m<[31m[33mFormMessage[31m className[33m=[31m[32m"text-red-400"[31m [33m/[31m[33m>[31m
 [90m 189 |[31m                     [33m<[31m[33m/[31m[33mFormItem[31m[33m>[31m[0m[39m
  Plugin: [35mvite:react-babel[39m
  File: [36mC:/Users/shami/Desktop/Low-Grade-F/artifacts/lgf-website/src/components/sections/Contact.tsx[39m:186:24
[33m  184 |                            <SelectItem value="Commercial">Commercial CampaignstItem>
  185 |                            <SelectItem value="Other">Other</SelectItem>
  186 |                          </SelectContent>
      |                          ^
  187 |                        </Select>
  188 |                        <FormMessage className="text-red-400" />[39m
      at constructor (C:\Users\shami\Desktop\Low-Grade-F\node_modules\.pnpm\@babel+parser@7.29.7\node_modules\@babel\parser\lib\index.js:365:19)
      at TypeScriptParserMixin.raise (C:\Users\shami\Desktop\Low-Grade-F\node_modules\.pnpm\@babel+parser@7.29.7\node_modules\@babel\parser\lib\index.js:6616:19)
      at TypeScriptParserMixin.jsxParseElementAt (C:\Users\shami\Desktop\Low-Grade-F\node_modules\.pnpm\@babel+parser@7.29.7\node_modules\@babel\parser\lib\index.js:4739:16)
      at TypeScriptParserMixin.jsxParseElementAt (C:\Users\shami\Desktop\Low-Grade-F\node_modules\.pnpm\@babel+parser@7.29.7\node_modules\@babel\parser\lib\index.js:4710:32)
      at TypeScriptParserMixin.jsxParseElementAt (C:\Users\shami\Desktop\Low-Grade-F\node_modules\.pnpm\@babel+parser@7.29.7\node_modules\@babel\parser\lib\index.js:4710:32)
      at TypeScriptParserMixin.jsxParseElementAt (C:\Users\shami\Desktop\Low-Grade-F\node_modules\.pnpm\@babel+parser@7.29.7\node_modules\@babel\parser\lib\index.js:4710:32)
      at TypeScriptParserMixin.jsxParseElement (C:\Users\shami\Desktop\Low-Grade-F\node_modules\.pnpm\@babel+parser@7.29.7\node_modules\@babel\parser\lib\index.js:4761:17)
      at TypeScriptParserMixin.parseExprAtom (C:\Users\shami\Desktop\Low-Grade-F\node_modules\.pnpm\@babel+parser@7.29.7\node_modules\@babel\parser\lib\index.js:4771:19)
      at TypeScriptParserMixin.parseExprSubscripts (C:\Users\shami\Desktop\Low-Grade-F\node_modules\.pnpm\@babel+parser@7.29.7\node_modules\@babel\parser\lib\index.js:11098:23)
      at TypeScriptParserMixin.parseUpdate (C:\Users\shami\Desktop\Low-Grade-F\node_modules\.pnpm\@babel+parser@7.29.7\node_modules\@babel\parser\lib\index.js:11083:21)
      at TypeScriptParserMixin.parseMaybeUnary (C:\Users\shami\Desktop\Low-Grade-F\node_modules\.pnpm\@babel+parser@7.29.7\node_modules\@babel\parser\lib\index.js:11063:23)
      at TypeScriptParserMixin.parseMaybeUnary (C:\Users\shami\Desktop\Low-Grade-F\node_modules\.pnpm\@babel+parser@7.29.7\node_modules\@babel\parser\lib\index.js:9854:18)
      at TypeScriptParserMixin.parseMaybeUnaryOrPrivate (C:\Users\shami\Desktop\Low-Grade-F\node_modules\.pnpm\@babel+parser@7.29.7\node_modules\@babel\parser\lib\index.js:10916:61)
      at TypeScriptParserMixin.parseExprOps (C:\Users\shami\Desktop\Low-Grade-F\node_modules\.pnpm\@babel+parser@7.29.7\node_modules\@babel\parser\lib\index.js:10921:23)
      at TypeScriptParserMixin.parseMaybeConditional (C:\Users\shami\Desktop\Low-Grade-F\node_modules\.pnpm\@babel+parser@7.29.7\node_modules\@babel\parser\lib\index.js:10898:23)
      at TypeScriptParserMixin.parseMaybeAssign (C:\Users\shami\Desktop\Low-Grade-F\node_modules\.pnpm\@babel+parser@7.29.7\node_modules\@babel\parser\lib\index.js:10848:21)
      at C:\Users\shami\Desktop\Low-Grade-F\node_modules\.pnpm\@babel+parser@7.29.7\node_modules\@babel\parser\lib\index.js:9792:39
      at TypeScriptParserMixin.tryParse (C:\Users\shami\Desktop\Low-Grade-F\node_modules\.pnpm\@babel+parser@7.29.7\node_modules\@babel\parser\lib\index.js:6924:20)
      at TypeScriptParserMixin.parseMaybeAssign (C:\Users\shami\Desktop\Low-Grade-F\node_modules\.pnpm\@babel+parser@7.29.7\node_modules\@babel\parser\lib\index.js:9792:18)
      at C:\Users\shami\Desktop\Low-Grade-F\node_modules\.pnpm\@babel+parser@7.29.7\node_modules\@babel\parser\lib\index.js:10817:39
      at TypeScriptParserMixin.allowInAnd (C:\Users\shami\Desktop\Low-Grade-F\node_modules\.pnpm\@babel+parser@7.29.7\node_modules\@babel\parser\lib\index.js:12443:12)
      at TypeScriptParserMixin.parseMaybeAssignAllowIn (C:\Users\shami\Desktop\Low-Grade-F\node_modules\.pnpm\@babel+parser@7.29.7\node_modules\@babel\parser\lib\index.js:10817:17)
      at TypeScriptParserMixin.parseMaybeAssignAllowInOrVoidPattern (C:\Users\shami\Desktop\Low-Grade-F\node_modules\.pnpm\@babel+parser@7.29.7\node_modules\@babel\parser\lib\index.js:12510:17)
      at TypeScriptParserMixin.parseParenAndDistinguishExpression (C:\Users\shami\Desktop\Low-Grade-F\node_modules\.pnpm\@babel+parser@7.29.7\node_modules\@babel\parser\lib\index.js:11692:28)
      at TypeScriptParserMixin.parseExprAtom (C:\Users\shami\Desktop\Low-Grade-F\node_modules\.pnpm\@babel+parser@7.29.7\node_modules\@babel\parser\lib\index.js:11348:23)
      at TypeScriptParserMixin.parseExprAtom (C:\Users\shami\Desktop\Low-Grade-F\node_modules\.pnpm\@babel+parser@7.29.7\node_modules\@babel\parser\lib\index.js:4776:20)
      at TypeScriptParserMixin.parseExprSubscripts (C:\Users\shami\Desktop\Low-Grade-F\node_modules\.pnpm\@babel+parser@7.29.7\node_modules\@babel\parser\lib\index.js:11098:23)
      at TypeScriptParserMixin.parseUpdate (C:\Users\shami\Desktop\Low-Grade-F\node_modules\.pnpm\@babel+parser@7.29.7\node_modules\@babel\parser\lib\index.js:11083:21)
      at TypeScriptParserMixin.parseMaybeUnary (C:\Users\shami\Desktop\Low-Grade-F\node_modules\.pnpm\@babel+parser@7.29.7\node_modules\@babel\parser\lib\index.js:11063:23)
      at TypeScriptParserMixin.parseMaybeUnary (C:\Users\shami\Desktop\Low-Grade-F\node_modules\.pnpm\@babel+parser@7.29.7\node_modules\@babel\parser\lib\index.js:9854:18)
      at TypeScriptParserMixin.parseMaybeUnaryOrPrivate (C:\Users\shami\Desktop\Low-Grade-F\node_modules\.pnpm\@babel+parser@7.29.7\node_modules\@babel\parser\lib\index.js:10916:61)
      at TypeScriptParserMixin.parseExprOps (C:\Users\shami\Desktop\Low-Grade-F\node_modules\.pnpm\@babel+parser@7.29.7\node_modules\@babel\parser\lib\index.js:10921:23)
      at TypeScriptParserMixin.parseMaybeConditional (C:\Users\shami\Desktop\Low-Grade-F\node_modules\.pnpm\@babel+parser@7.29.7\node_modules\@babel\parser\lib\index.js:10898:23)
      at TypeScriptParserMixin.parseMaybeAssign (C:\Users\shami\Desktop\Low-Grade-F\node_modules\.pnpm\@babel+parser@7.29.7\node_modules\@babel\parser\lib\index.js:10848:21)
      at TypeScriptParserMixin.parseMaybeAssign (C:\Users\shami\Desktop\Low-Grade-F\node_modules\.pnpm\@babel+parser@7.29.7\node_modules\@babel\parser\lib\index.js:9803:20)
      at TypeScriptParserMixin.parseFunctionBody (C:\Users\shami\Desktop\Low-Grade-F\node_modules\.pnpm\@babel+parser@7.29.7\node_modules\@babel\parser\lib\index.js:12110:24)
      at TypeScriptParserMixin.parseArrowExpression (C:\Users\shami\Desktop\Low-Grade-F\node_modules\.pnpm\@babel+parser@7.29.7\node_modules\@babel\parser\lib\index.js:12092:10)
      at TypeScriptParserMixin.parseParenAndDistinguishExpression (C:\Users\shami\Desktop\Low-Grade-F\node_modules\.pnpm\@babel+parser@7.29.7\node_modules\@babel\parser\lib\index.js:11704:12)
      at TypeScriptParserMixin.parseExprAtom (C:\Users\shami\Desktop\Low-Grade-F\node_modules\.pnpm\@babel+parser@7.29.7\node_modules\@babel\parser\lib\index.js:11348:23)
      at TypeScriptParserMixin.parseExprAtom (C:\Users\shami\Desktop\Low-Grade-F\node_modules\.pnpm\@babel+parser@7.29.7\node_modules\@babel\parser\lib\index.js:4776:20)
      at TypeScriptParserMixin.parseExprSubscripts (C:\Users\shami\Desktop\Low-Grade-F\node_modules\.pnpm\@babel+parser@7.29.7\node_modules\@babel\parser\lib\index.js:11098:23)
      at TypeScriptParserMixin.parseUpdate (C:\Users\shami\Desktop\Low-Grade-F\node_modules\.pnpm\@babel+parser@7.29.7\node_modules\@babel\parser\lib\index.js:11083:21)
      at TypeScriptParserMixin.parseMaybeUnary (C:\Users\shami\Desktop\Low-Grade-F\node_modules\.pnpm\@babel+parser@7.29.7\node_modules\@babel\parser\lib\index.js:11063:23)
      at TypeScriptParserMixin.parseMaybeUnary (C:\Users\shami\Desktop\Low-Grade-F\node_modules\.pnpm\@babel+parser@7.29.7\node_modules\@babel\parser\lib\index.js:9854:18)
      at TypeScriptParserMixin.parseMaybeUnaryOrPrivate (C:\Users\shami\Desktop\Low-Grade-F\node_modules\.pnpm\@babel+parser@7.29.7\node_modules\@babel\parser\lib\index.js:10916:61)
      at TypeScriptParserMixin.parseExprOps (C:\Users\shami\Desktop\Low-Grade-F\node_modules\.pnpm\@babel+parser@7.29.7\node_modules\@babel\parser\lib\index.js:10921:23)
      at TypeScriptParserMixin.parseMaybeConditional (C:\Users\shami\Desktop\Low-Grade-F\node_modules\.pnpm\@babel+parser@7.29.7\node_modules\@babel\parser\lib\index.js:10898:23)
      at TypeScriptParserMixin.parseMaybeAssign (C:\Users\shami\Desktop\Low-Grade-F\node_modules\.pnpm\@babel+parser@7.29.7\node_modules\@babel\parser\lib\index.js:10848:21)
      at TypeScriptParserMixin.parseMaybeAssign (C:\Users\shami\Desktop\Low-Grade-F\node_modules\.pnpm\@babel+parser@7.29.7\node_modules\@babel\parser\lib\index.js:9803:20)
      at TypeScriptParserMixin.parseExpressionBase (C:\Users\shami\Desktop\Low-Grade-F\node_modules\.pnpm\@babel+parser@7.29.7\node_modules\@babel\parser\lib\index.js:10801:23)
[2m7:05:26 PM[22m [31m[1m[vite][22m[39m [31mInternal server error: C:\Users\shami\Desktop\Low-Grade-F\artifacts\lgf-website\src\components\sections\Contact.tsx: Expected corresponding JSX closing tag for <SelectItem>. (187:24)

[0m [90m 185 |[31m                           [33m<[31m[33mSelectItem[31m value[33m=[31m[32m"Commercial"[31m[33m>[31m[33mProduct[31m [33mLaunchSelectItem[31m[33m>[31m
 [90m 186 |[31m                           [33m<[31m[33mSelectItem[31m value[33m=[31m[32m"Other"[31m[33m>[31m[33mOther[31m[33m<[31m[33m/[31m[33mSelectItem[31m[33m>[31m
[31m[1m>[22m[31m[90m 187 |[31m                         [33m<[31m[33m/[31m[33mSelectContent[31m[33m>[31m
 [90m     |[31m                         [31m[1m^[22m[31m
 [90m 188 |[31m                       [33m<[31m[33m/[31m[33mSelect[31m[33m>[31m
 [90m 189 |[31m                       [33m<[31m[33mFormMessage[31m className[33m=[31m[32m"text-red-400"[31m [33m/[31m[33m>[31m
 [90m 190 |[31m                     [33m<[31m[33m/[31m[33mFormItem[31m[33m>[31m[0m[39m
  Plugin: [35mvite:react-babel[39m
  File: [36mC:/Users/shami/Desktop/Low-Grade-F/artifacts/lgf-website/src/components/sections/Contact.tsx[39m:187:24
[33m  185 |                            <SelectItem value="Commercial">Product LaunchSelectItem>
  186 |                            <SelectItem value="Other">Other</SelectItem>
  187 |                          </SelectContent>
      |                          ^
  188 |                        </Select>
  189 |                        <FormMessage className="text-red-400" />[39m
      at constructor (C:\Users\shami\Desktop\Low-Grade-F\node_modules\.pnpm\@babel+parser@7.29.7\node_modules\@babel\parser\lib\index.js:365:19)
      at TypeScriptParserMixin.raise (C:\Users\shami\Desktop\Low-Grade-F\node_modules\.pnpm\@babel+parser@7.29.7\node_modules\@babel\parser\lib\index.js:6616:19)
      at TypeScriptParserMixin.jsxParseElementAt (C:\Users\shami\Desktop\Low-Grade-F\node_modules\.pnpm\@babel+parser@7.29.7\node_modules\@babel\parser\lib\index.js:4739:16)
      at TypeScriptParserMixin.jsxParseElementAt (C:\Users\shami\Desktop\Low-Grade-F\node_modules\.pnpm\@babel+parser@7.29.7\node_modules\@babel\parser\lib\index.js:4710:32)
      at TypeScriptParserMixin.jsxParseElementAt (C:\Users\shami\Desktop\Low-Grade-F\node_modules\.pnpm\@babel+parser@7.29.7\node_modules\@babel\parser\lib\index.js:4710:32)
      at TypeScriptParserMixin.jsxParseElementAt (C:\Users\shami\Desktop\Low-Grade-F\node_modules\.pnpm\@babel+parser@7.29.7\node_modules\@babel\parser\lib\index.js:4710:32)
      at TypeScriptParserMixin.jsxParseElement (C:\Users\shami\Desktop\Low-Grade-F\node_modules\.pnpm\@babel+parser@7.29.7\node_modules\@babel\parser\lib\index.js:4761:17)
      at TypeScriptParserMixin.parseExprAtom (C:\Users\shami\Desktop\Low-Grade-F\node_modules\.pnpm\@babel+parser@7.29.7\node_modules\@babel\parser\lib\index.js:4771:19)
      at TypeScriptParserMixin.parseExprSubscripts (C:\Users\shami\Desktop\Low-Grade-F\node_modules\.pnpm\@babel+parser@7.29.7\node_modules\@babel\parser\lib\index.js:11098:23)
      at TypeScriptParserMixin.parseUpdate (C:\Users\shami\Desktop\Low-Grade-F\node_modules\.pnpm\@babel+parser@7.29.7\node_modules\@babel\parser\lib\index.js:11083:21)
      at TypeScriptParserMixin.parseMaybeUnary (C:\Users\shami\Desktop\Low-Grade-F\node_modules\.pnpm\@babel+parser@7.29.7\node_modules\@babel\parser\lib\index.js:11063:23)
      at TypeScriptParserMixin.parseMaybeUnary (C:\Users\shami\Desktop\Low-Grade-F\node_modules\.pnpm\@babel+parser@7.29.7\node_modules\@babel\parser\lib\index.js:9854:18)
      at TypeScriptParserMixin.parseMaybeUnaryOrPrivate (C:\Users\shami\Desktop\Low-Grade-F\node_modules\.pnpm\@babel+parser@7.29.7\node_modules\@babel\parser\lib\index.js:10916:61)
      at TypeScriptParserMixin.parseExprOps (C:\Users\shami\Desktop\Low-Grade-F\node_modules\.pnpm\@babel+parser@7.29.7\node_modules\@babel\parser\lib\index.js:10921:23)
      at TypeScriptParserMixin.parseMaybeConditional (C:\Users\shami\Desktop\Low-Grade-F\node_modules\.pnpm\@babel+parser@7.29.7\node_modules\@babel\parser\lib\index.js:10898:23)
      at TypeScriptParserMixin.parseMaybeAssign (C:\Users\shami\Desktop\Low-Grade-F\node_modules\.pnpm\@babel+parser@7.29.7\node_modules\@babel\parser\lib\index.js:10848:21)
      at C:\Users\shami\Desktop\Low-Grade-F\node_modules\.pnpm\@babel+parser@7.29.7\node_modules\@babel\parser\lib\index.js:9792:39
      at TypeScriptParserMixin.tryParse (C:\Users\shami\Desktop\Low-Grade-F\node_modules\.pnpm\@babel+parser@7.29.7\node_modules\@babel\parser\lib\index.js:6924:20)
      at TypeScriptParserMixin.parseMaybeAssign (C:\Users\shami\Desktop\Low-Grade-F\node_modules\.pnpm\@babel+parser@7.29.7\node_modules\@babel\parser\lib\index.js:9792:18)
      at C:\Users\shami\Desktop\Low-Grade-F\node_modules\.pnpm\@babel+parser@7.29.7\node_modules\@babel\parser\lib\index.js:10817:39
      at TypeScriptParserMixin.allowInAnd (C:\Users\shami\Desktop\Low-Grade-F\node_modules\.pnpm\@babel+parser@7.29.7\node_modules\@babel\parser\lib\index.js:12443:12)
      at TypeScriptParserMixin.parseMaybeAssignAllowIn (C:\Users\shami\Desktop\Low-Grade-F\node_modules\.pnpm\@babel+parser@7.29.7\node_modules\@babel\parser\lib\index.js:10817:17)
      at TypeScriptParserMixin.parseMaybeAssignAllowInOrVoidPattern (C:\Users\shami\Desktop\Low-Grade-F\node_modules\.pnpm\@babel+parser@7.29.7\node_modules\@babel\parser\lib\index.js:12510:17)
      at TypeScriptParserMixin.parseParenAndDistinguishExpression (C:\Users\shami\Desktop\Low-Grade-F\node_modules\.pnpm\@babel+parser@7.29.7\node_modules\@babel\parser\lib\index.js:11692:28)
      at TypeScriptParserMixin.parseExprAtom (C:\Users\shami\Desktop\Low-Grade-F\node_modules\.pnpm\@babel+parser@7.29.7\node_modules\@babel\parser\lib\index.js:11348:23)
      at TypeScriptParserMixin.parseExprAtom (C:\Users\shami\Desktop\Low-Grade-F\node_modules\.pnpm\@babel+parser@7.29.7\node_modules\@babel\parser\lib\index.js:4776:20)
      at TypeScriptParserMixin.parseExprSubscripts (C:\Users\shami\Desktop\Low-Grade-F\node_modules\.pnpm\@babel+parser@7.29.7\node_modules\@babel\parser\lib\index.js:11098:23)
      at TypeScriptParserMixin.parseUpdate (C:\Users\shami\Desktop\Low-Grade-F\node_modules\.pnpm\@babel+parser@7.29.7\node_modules\@babel\parser\lib\index.js:11083:21)
      at TypeScriptParserMixin.parseMaybeUnary (C:\Users\shami\Desktop\Low-Grade-F\node_modules\.pnpm\@babel+parser@7.29.7\node_modules\@babel\parser\lib\index.js:11063:23)
      at TypeScriptParserMixin.parseMaybeUnary (C:\Users\shami\Desktop\Low-Grade-F\node_modules\.pnpm\@babel+parser@7.29.7\node_modules\@babel\parser\lib\index.js:9854:18)
      at TypeScriptParserMixin.parseMaybeUnaryOrPrivate (C:\Users\shami\Desktop\Low-Grade-F\node_modules\.pnpm\@babel+parser@7.29.7\node_modules\@babel\parser\lib\index.js:10916:61)
      at TypeScriptParserMixin.parseExprOps (C:\Users\shami\Desktop\Low-Grade-F\node_modules\.pnpm\@babel+parser@7.29.7\node_modules\@babel\parser\lib\index.js:10921:23)
      at TypeScriptParserMixin.parseMaybeConditional (C:\Users\shami\Desktop\Low-Grade-F\node_modules\.pnpm\@babel+parser@7.29.7\node_modules\@babel\parser\lib\index.js:10898:23)
      at TypeScriptParserMixin.parseMaybeAssign (C:\Users\shami\Desktop\Low-Grade-F\node_modules\.pnpm\@babel+parser@7.29.7\node_modules\@babel\parser\lib\index.js:10848:21)
      at TypeScriptParserMixin.parseMaybeAssign (C:\Users\shami\Desktop\Low-Grade-F\node_modules\.pnpm\@babel+parser@7.29.7\node_modules\@babel\parser\lib\index.js:9803:20)
      at TypeScriptParserMixin.parseFunctionBody (C:\Users\shami\Desktop\Low-Grade-F\node_modules\.pnpm\@babel+parser@7.29.7\node_modules\@babel\parser\lib\index.js:12110:24)
      at TypeScriptParserMixin.parseArrowExpression (C:\Users\shami\Desktop\Low-Grade-F\node_modules\.pnpm\@babel+parser@7.29.7\node_modules\@babel\parser\lib\index.js:12092:10)
      at TypeScriptParserMixin.parseParenAndDistinguishExpression (C:\Users\shami\Desktop\Low-Grade-F\node_modules\.pnpm\@babel+parser@7.29.7\node_modules\@babel\parser\lib\index.js:11704:12)
      at TypeScriptParserMixin.parseExprAtom (C:\Users\shami\Desktop\Low-Grade-F\node_modules\.pnpm\@babel+parser@7.29.7\node_modules\@babel\parser\lib\index.js:11348:23)
      at TypeScriptParserMixin.parseExprAtom (C:\Users\shami\Desktop\Low-Grade-F\node_modules\.pnpm\@babel+parser@7.29.7\node_modules\@babel\parser\lib\index.js:4776:20)
      at TypeScriptParserMixin.parseExprSubscripts (C:\Users\shami\Desktop\Low-Grade-F\node_modules\.pnpm\@babel+parser@7.29.7\node_modules\@babel\parser\lib\index.js:11098:23)
      at TypeScriptParserMixin.parseUpdate (C:\Users\shami\Desktop\Low-Grade-F\node_modules\.pnpm\@babel+parser@7.29.7\node_modules\@babel\parser\lib\index.js:11083:21)
      at TypeScriptParserMixin.parseMaybeUnary (C:\Users\shami\Desktop\Low-Grade-F\node_modules\.pnpm\@babel+parser@7.29.7\node_modules\@babel\parser\lib\index.js:11063:23)
      at TypeScriptParserMixin.parseMaybeUnary (C:\Users\shami\Desktop\Low-Grade-F\node_modules\.pnpm\@babel+parser@7.29.7\node_modules\@babel\parser\lib\index.js:9854:18)
      at TypeScriptParserMixin.parseMaybeUnaryOrPrivate (C:\Users\shami\Desktop\Low-Grade-F\node_modules\.pnpm\@babel+parser@7.29.7\node_modules\@babel\parser\lib\index.js:10916:61)
      at TypeScriptParserMixin.parseExprOps (C:\Users\shami\Desktop\Low-Grade-F\node_modules\.pnpm\@babel+parser@7.29.7\node_modules\@babel\parser\lib\index.js:10921:23)
      at TypeScriptParserMixin.parseMaybeConditional (C:\Users\shami\Desktop\Low-Grade-F\node_modules\.pnpm\@babel+parser@7.29.7\node_modules\@babel\parser\lib\index.js:10898:23)
      at TypeScriptParserMixin.parseMaybeAssign (C:\Users\shami\Desktop\Low-Grade-F\node_modules\.pnpm\@babel+parser@7.29.7\node_modules\@babel\parser\lib\index.js:10848:21)
      at TypeScriptParserMixin.parseMaybeAssign (C:\Users\shami\Desktop\Low-Grade-F\node_modules\.pnpm\@babel+parser@7.29.7\node_modules\@babel\parser\lib\index.js:9803:20)
      at TypeScriptParserMixin.parseExpressionBase (C:\Users\shami\Desktop\Low-Grade-F\node_modules\.pnpm\@babel+parser@7.29.7\node_modules\@babel\parser\lib\index.js:10801:23)
[RUNTIME_ERROR]{"type":"runtime-error","timestamp":1783808300857,"name":"Error","message":"Hydration failed because the server rendered HTML didn't match the client. As a result this tree will be regenerated on the client. This can happen if a SSR-ed Client Component used:\n\n- A server/client branch `if (typeof window !== 'undefined')`.\n- Variable input such as `Date.now()` or `Math.random()` which changes each time it's called.\n- Date formatting in a user's locale which doesn't match the server.\n- External changing data without sending a snapshot of it along with the HTML.\n- Invalid HTML tag nesting.\n\nIt can also happen if the client has a browser extension installed which messes with the HTML before React loaded.\n\nhttps://react.dev/link/hydration-mismatch\n\n  <App>\n    <QueryClientProvider client={{}}>\n      <TooltipProvider>\n        <TooltipProviderProvider scope={undefined} isOpenDelayedRef={{current:true}} delayDuration={700} ...>\n          <Router base=\"\" ssrPath={undefined} ssrSearch={undefined}>\n            <Router>\n              <Switch>\n                <Route path=\"/\" component={function Home} match={[...]}>\n                  <Home params={{}}>\n                    <PageShell>\n+                     <div\n+                       className=\"bg-black min-h-screen text-white w-full overflow-x-hidden selection:bg-white select...\"\n+                     >\n          ...\n","stack":"\n\n\n\n\n\n\n\n"}
[RUNTIME_ERROR]{"type":"runtime-error","timestamp":1783808378745,"name":"Error","message":"Hydration failed because the server rendered HTML didn't match the client. As a result this tree will be regenerated on the client. This can happen if a SSR-ed Client Component used:\n\n- A server/client branch `if (typeof window !== 'undefined')`.\n- Variable input such as `Date.now()` or `Math.random()` which changes each time it's called.\n- Date formatting in a user's locale which doesn't match the server.\n- External changing data without sending a snapshot of it along with the HTML.\n- Invalid HTML tag nesting.\n\nIt can also happen if the client has a browser extension installed which messes with the HTML before React loaded.\n\nhttps://react.dev/link/hydration-mismatch\n\n  <App>\n    <QueryClientProvider client={{}}>\n      <TooltipProvider>\n        <TooltipProviderProvider scope={undefined} isOpenDelayedRef={{current:true}} delayDuration={700} ...>\n          <Router base=\"\" ssrPath={undefined} ssrSearch={undefined}>\n            <Router>\n              <Switch>\n                <Route path=\"/\" component={function Home} match={[...]}>\n                  <Home params={{}}>\n                    <PageShell>\n+                     <div\n+                       className=\"bg-black min-h-screen text-white w-full overflow-x-hidden selection:bg-white select...\"\n+                     >\n          ...\n","stack":"\n\n\n\n\n\n\n\n"}
X [ERROR] Could not resolve "C:\\Users\\shami\\Desktop\\Low-Grade-F\\artifacts\\lgf-website\\vite.config.ts"

[31mfailed to load config from C:\Users\shami\Desktop\Low-Grade-F\artifacts\lgf-website\vite.config.ts[39m
[2m3:30:59 AM[22m [31m[1m[vite][22m[39m Build failed with 1 error:
error: Could not resolve "C:\\Users\\shami\\Desktop\\Low-Grade-F\\artifacts\\lgf-website\\vite.config.ts"
[2m3:30:59 AM[22m [31m[1m[vite][22m[39m server restart failed
